url,mname,source,status,failures,last_checked,first_seen,last_seen,tracked_days,bonus_count,window_count,last_24h_count,prev_24h_count,distinct_days,total_amount,avg_amount,max_amount,total_perceived,avg_perceived,commission_count,commission_total,avg_minwithdraw,avg_maxwithdraw,avg_rollover,bonuses_per_day,recent_share,growth_24h,hours_since_seen,avg_withdraw_headroom,avg_ratio,avg_rollover_burden,value_per_bonus,value_per_rollover,commission_share,avg_bonus_lifetime_days,stability,avg_daily_value,active_today
http://alap.red/pripokies,,oldurls,Conn Aborted,5,2026-07-30 22:17:42,,,0.0,0,0,0,0,0,0,,,0,,0,0.0,,,,,,0,,,,,,,,,,,0
http://fail_login.com,,oldurls,Conn Aborted,6,2026-07-30 22:17:41,,,0.0,0,0,0,0,0,0,,,0,,0,0.0,,,,,,0,,,,,,,,,,,0
http://p.red,,oldurls,Conn Aborted,5,2026-07-30 22:17:41,,,0.0,0,0,0,0,0,0,,,0,,0,0.0,,,,,,0,,,,,,,,,,,0
https://100payau.com,,oldurls,Error,5,2026-07-30 20:30:56,,,0.0,0,0,0,0,0,0,,,0,,0,0.0,,,,,,0,,,,,,,,,,,0
https://100pokies.com,,oldurls,Error,5,2026-07-30 19:28:06,,,0.0,0,0,0,0,0,0,,,0,,0,0.0,,,,,,0,,,,,,,,,,,0
https://11win.com,,oldurls,Error,6,2026-07-30 22:17:45,,,0.0,0,0,0,0,0,0,,,0,,0,0.0,,,,,,0,,,,,,,,,,,0
https://123bet.club,123BET,urls,OK,0,2026-08-05 13:29:14,,,0.0,0,0,0,0,0,0,,,0,,0,0.0,,,,,,0,,,,,,,,,,,0
https://126spin.com,,oldurls,Conn Aborted,7,2026-07-30 22:56:51,,,0.0,0,0,0,0,0,0,,,0,,0,0.0,,,,,,0,,,,,,,,,,,0
https://12playau.com,,oldurls,Timeout,6,2026-07-30 22:18:22,,,0.0,0,0,0,0,0,0,,,0,,0,0.0,,,,,,0,,,,,,,,,,,0
https://19rich.com,,oldurls,Merchant Missing,5,2026-07-30 21:00:33,,,0.0,0,0,0,0,0,0,,,0,,0,0.0,,,,,,0,,,,,,,,,,,0
https://19rich.com/REF213A33A6A,,oldurls,Merchant Missing,5,2026-07-30 20:18:34,,,0.0,0,0,0,0,0,0,,,0,,0,0.0,,,,,,0,,,,,,,,,,,0
https://1auclub.com,,oldurls,Conn Aborted,0,2026-07-30 19:36:35,,,0.0,0,0,0,0,0,0,,,0,,0,0.0,,,,,,0,,,,,,,,,,,0
https://1aud.org,,oldurls,Conn Aborted,0,2026-07-30 19:37:16,,,0.0,0,0,0,0,0,0,,,0,,0,0.0,,,,,,0,,,,,,,,,,,0
https://1aupokies.com,,oldurls,Error,5,2026-07-30 20:37:43,,,0.0,0,0,0,0,0,0,,,0,,0,0.0,,,,,,0,,,,,,,,,,,0
https://1bigwin.com,1BIGWIN,urls,OK,0,2026-08-05 13:21:26,2026-07-20 02:59:53,2026-08-05 13:21:26,16.4,1,1,0,1,1,10.0,10.0,10.0,2.35,2.35,0,0.0,100.0,10.0,0.0,0.061,1.0,-1,40.1,90.0,10.0,0.0,2.35,2.35,0.0,16.43,0.061,0.14,0
https://1pokies.com,,oldurls,Error,5,2026-07-30 20:44:56,,,0.0,0,0,0,0,0,0,,,0,,0,0.0,,,,,,0,,,,,,,,,,,0
https://1spinnwin.com,1SPIN&WIN,urls,OK,0,2026-08-05 13:29:09,2026-07-20 00:46:42,2026-08-05 13:29:09,16.5,2,1,0,1,2,25.0,12.5,15.0,1.28,0.64,0,0.0,150.0,7.5,50.0,0.121,0.5,-1,40.0,142.5,11.667,500.0,0.64,0.63,0.0,15.27,0.121,0.08,0
https://1winbet369.com,1WINBET369,urls,OK,0,2026-08-05 13:28:38,2026-07-20 00:46:42,2026-08-05 13:28:38,16.5,1,1,0,1,1,20.0,20.0,20.0,0.78,0.78,0,0.0,500.0,10.0,0.0,0.06,1.0,-1,40.0,490.0,25.0,0.0,0.78,0.78,0.0,16.53,0.06,0.05,0
https://22aud.com,22AUD,urls,OK,0,2026-08-05 13:26:55,,,0.0,0,0,0,0,0,0,,,0,,0,0.0,,,,,,0,,,,,,,,,,,0
https://22bitau.com,,oldurls,Conn Aborted,6,2026-07-30 22:17:58,,,0.0,0,0,0,0,0,0,,,0,,0,0.0,,,,,,0,,,,,,,,,,,0
https://22lol.net,22LOL,urls,OK,0,2026-08-05 13:29:01,,,0.0,0,0,0,0,0,0,,,0,,0,0.0,,,,,,0,,,,,,,,,,,0
https://22luckyspin.com,,oldurls,Conn Aborted,0,2026-07-30 19:53:27,,,0.0,0,0,0,0,0,0,,,0,,0,0.0,,,,,,0,,,,,,,,,,,0
https://22pokies.com,22pokies,urls,OK,0,2026-08-05 13:25:36,,,0.0,0,0,0,0,0,0,,,0,,0,0.0,,,,,,0,,,,,,,,,,,0
https://2aud.com,,oldurls,Conn Aborted,5,2026-07-30 22:17:56,,,0.0,0,0,0,0,0,0,,,0,,0,0.0,,,,,,0,,,,,,,,,,,0
https://33spins.com,33SPINS / THE BEST ONLINE POKIES IN AUSTRALIA,urls,OK,0,2026-08-05 13:28:26,,,0.0,0,0,0,0,0,0,,,0,,0,0.0,,,,,,0,,,,,,,,,,,0
https://365aud.co,,oldurls,Error,5,2026-07-30 20:53:08,,,0.0,0,0,0,0,0,0,,,0,,0,0.0,,,,,,0,,,,,,,,,,,0
https://365aud.com,,oldurls,Error,5,2026-07-30 20:42:57,,,0.0,0,0,0,0,0,0,,,0,,0,0.0,,,,,,0,,,,,,,,,,,0
https://3monkeyau.com,,oldurls,Conn Aborted,0,2026-07-30 19:48:01,,,0.0,0,0,0,0,0,0,,,0,,0,0.0,,,,,,0,,,,,,,,,,,0
https://44spin.com,,oldurls,Error,5,2026-07-30 20:18:47,,,0.0,0,0,0,0,0,0,,,0,,0,0.0,,,,,,0,,,,,,,,,,,0
https://5gau.com,,oldurls,Conn Aborted,6,2026-07-30 22:17:59,,,0.0,0,0,0,0,0,0,,,0,,0,0.0,,,,,,0,,,,,,,,,,,0
https://5gau.com/5G9830A5A,,oldurls,Conn Aborted,5,2026-07-30 22:17:56,,,0.0,0,0,0,0,0,0,,,0,,0,0.0,,,,,,0,,,,,,,,,,,0
https://5starclub.vip,,oldurls,Conn Aborted,5,2026-07-30 22:18:38,,,0.0,0,0,0,0,0,0,,,0,,0,0.0,,,,,,0,,,,,,,,,,,0
https://66spin.com,,oldurls,Merchant Missing,5,2026-07-30 19:43:00,,,0.0,0,0,0,0,0,0,,,0,,0,0.0,,,,,,0,,,,,,,,,,,0
https://711au.co,,oldurls,Error,5,2026-07-30 20:59:37,,,0.0,0,0,0,0,0,0,,,0,,0,0.0,,,,,,0,,,,,,,,,,,0
https://77au.net,,oldurls,Merchant Missing,0,2026-07-30 20:03:18,,,0.0,0,0,0,0,0,0,,,0,,0,0.0,,,,,,0,,,,,,,,,,,0
https://77magic.net,,oldurls,Conn Aborted,0,2026-07-30 20:01:49,,,0.0,0,0,0,0,0,0,,,0,,0,0.0,,,,,,0,,,,,,,,,,,0
https://77pokies.com,77POKIES,urls,OK,0,2026-08-05 13:21:29,,,0.0,0,0,0,0,0,0,,,0,,0,0.0,,,,,,0,,,,,,,,,,,0
https://7pokies.com,7POKIES,urls,OK,0,2026-08-05 13:21:05,2026-07-20 00:46:42,2026-08-05 13:21:05,16.5,1,1,0,1,1,5.0,5.0,5.0,0.16,0.16,0,0.0,500.0,20.0,0.0,0.061,1.0,-1,40.1,480.0,100.0,0.0,0.16,0.16,0.0,16.52,0.061,0.01,0
https://7vip7.com,,oldurls,Error,5,2026-07-30 19:52:00,,,0.0,0,0,0,0,0,0,,,0,,0,0.0,,,,,,0,,,,,,,,,,,0
https://888pokies.com,888pokies,urls,OK,0,2026-08-05 13:28:21,,,0.0,0,0,0,0,0,0,,,0,,0,0.0,,,,,,0,,,,,,,,,,,0
https://88aus.live,,oldurls,Conn Aborted,5,2026-07-30 19:45:18,,,0.0,0,0,0,0,0,0,,,0,,0,0.0,,,,,,0,,,,,,,,,,,0
https://88pokies.com,,oldurls,Conn Aborted,5,2026-07-30 22:18:13,,,0.0,0,0,0,0,0,0,,,0,,0,0.0,,,,,,0,,,,,,,,,,,0
https://99flashwin.com,,oldurls,Conn Aborted,0,2026-07-30 19:26:34,,,0.0,0,0,0,0,0,0,,,0,,0,0.0,,,,,,0,,,,,,,,,,,0
https://99uber.com,,oldurls,Conn Aborted,5,2026-07-30 22:18:11,,,0.0,0,0,0,0,0,0,,,0,,0,0.0,,,,,,0,,,,,,,,,,,0
https://9au.com,9AU,urls,OK,0,2026-08-05 13:26:09,,,0.0,0,0,0,0,0,0,,,0,,0,0.0,,,,,,0,,,,,,,,,,,0
https://9aus.com,,oldurls,Error,6,2026-07-30 22:18:17,,,0.0,0,0,0,0,0,0,,,0,,0,0.0,,,,,,0,,,,,,,,,,,0
https://9pokies.com,9POKIES,urls,OK,0,2026-08-05 13:24:53,,,0.0,0,0,0,0,0,0,,,0,,0,0.0,,,,,,0,,,,,,,,,,,0
https://9xbetau.com,,oldurls,Error,5,2026-07-30 20:40:42,,,0.0,0,0,0,0,0,0,,,0,,0,0.0,,,,,,0,,,,,,,,,,,0
https://a1club88.com,,oldurls,Error,6,2026-07-30 22:18:13,,,0.0,0,0,0,0,0,0,,,0,,0,0.0,,,,,,0,,,,,,,,,,,0
https://a6677a.com,ACEAUD,urls,OK,0,2026-08-05 13:20:22,,,0.0,0,0,0,0,0,0,,,0,,0,0.0,,,,,,0,,,,,,,,,,,0
https://a99au.com,A99AU,oldurls,Method Not Allowed,5,2026-07-30 20:32:02,,,0.0,0,0,0,0,0,0,,,0,,0,0.0,,,,,,0,,,,,,,,,,,0
https://a9aud.com,,oldurls,Error,5,2026-07-30 19:53:10,,,0.0,0,0,0,0,0,0,,,0,,0,0.0,,,,,,0,,,,,,,,,,,0
https://a9aud.com/A9108A8521,,oldurls,Error,6,2026-07-30 22:18:54,,,0.0,0,0,0,0,0,0,,,0,,0,0.0,,,,,,0,,,,,,,,,,,0
https://a9win.co,A9WIN,urls,OK,0,2026-08-05 13:28:29,,,0.0,0,0,0,0,0,0,,,0,,0,0.0,,,,,,0,,,,,,,,,,,0
https://aaspin77.com,,oldurls,Conn Aborted,0,2026-07-30 19:36:21,,,0.0,0,0,0,0,0,0,,,0,,0,0.0,,,,,,0,,,,,,,,,,,0
https://aawin68.com,,oldurls,Merchant Missing,5,2026-07-30 19:39:14,,,0.0,0,0,0,0,0,0,,,0,,0,0.0,,,,,,0,,,,,,,,,,,0
https://aba33aus.com,,oldurls,Conn Aborted,5,2026-07-30 22:18:28,,,0.0,0,0,0,0,0,0,,,0,,0,0.0,,,,,,0,,,,,,,,,,,0
https://ac8aus.com,,oldurls,Merchant Missing,5,2026-07-30 20:59:23,,,0.0,0,0,0,0,0,0,,,0,,0,0.0,,,,,,0,,,,,,,,,,,0
https://ac8et.com,AC8ET,urls,OK,0,2026-08-05 13:24:40,,,0.0,0,0,0,0,0,0,,,0,,0,0.0,,,,,,0,,,,,,,,,,,0
https://ac8et.net,AC8ET,urls,OK,0,2026-08-05 13:25:26,,,0.0,0,0,0,0,0,0,,,0,,0,0.0,,,,,,0,,,,,,,,,,,0
https://ace268.net,ACE268,urls,OK,0,2026-08-05 13:27:41,,,0.0,0,0,0,0,0,0,,,0,,0,0.0,,,,,,0,,,,,,,,,,,0
https://ace4win.com,Ace4Win,urls,OK,0,2026-08-05 13:28:23,,,0.0,0,0,0,0,0,0,,,0,,0,0.0,,,,,,0,,,,,,,,,,,0
https://acehighwin.com,ACEHIGHWIN,urls,OK,0,2026-08-05 13:21:56,2026-07-20 02:59:56,2026-08-05 13:21:56,16.4,3,3,0,3,1,63.0,21.0,28.0,4.05,1.35,0,0.0,500.0,16.0,0.0,0.183,1.0,-3,40.1,484.0,26.905,0.0,1.35,1.35,0.0,9.67,0.061,0.25,0
https://acepokie.com,ACEPOKIE,urls,OK,0,2026-08-05 13:22:48,2026-07-29 04:03:37,2026-08-05 13:22:48,7.4,2,1,0,1,2,10.0,5.0,5.0,1.89,0.95,0,0.0,100.0,10.0,0.0,0.271,0.5,-1,40.1,90.0,20.0,0.0,0.95,0.95,0.0,3.69,0.271,0.26,0
https://acwin77.com,ACWIN77,urls,OK,0,2026-08-05 13:25:37,,,0.0,0,0,0,0,0,0,,,0,,0,0.0,,,,,,0,,,,,,,,,,,0
https://acwin77.com/acwin77RF188395197,ACWIN77,oldurls,Not Found,5,2026-07-30 22:18:29,,,0.0,0,0,0,0,0,0,,,0,,0,0.0,,,,,,0,,,,,,,,,,,0
https://afl88.com,AFL88,urls,OK,0,2026-08-05 13:23:28,,,0.0,0,0,0,0,0,0,,,0,,0,0.0,,,,,,0,,,,,,,,,,,0
https://aggau.com,AG Gaming,urls,OK,0,2026-08-05 13:21:40,,,0.0,0,0,0,0,0,0,,,0,,0,0.0,,,,,,0,,,,,,,,,,,0
https://ai88au.net,,oldurls,Conn Aborted,0,2026-07-30 19:46:02,,,0.0,0,0,0,0,0,0,,,0,,0,0.0,,,,,,0,,,,,,,,,,,0
https://albanesewin.com,,oldurls,Timeout,0,2026-07-30 19:51:13,,,0.0,0,0,0,0,0,0,,,0,,0,0.0,,,,,,0,,,,,,,,,,,0
https://all117.com,ALL117,urls,OK,0,2026-08-05 13:21:46,2026-07-26 14:03:56,2026-08-05 13:21:46,10.0,1,1,0,1,1,6.0,6.0,6.0,1.64,1.64,0,0.0,78.0,10.0,0.0,0.1,1.0,-1,40.1,68.0,13.0,0.0,1.64,1.64,0.0,9.97,0.1,0.16,0
https://amb88.cc,,oldurls,Conn Aborted,5,2026-07-30 22:18:37,,,0.0,0,0,0,0,0,0,,,0,,0,0.0,,,,,,0,,,,,,,,,,,0
https://amg33.com,AMG33,urls,OK,0,2026-08-05 13:27:34,2026-07-29 04:17:51,2026-08-05 13:27:34,7.4,4,4,0,4,1,166.66,41.66,100.33,64.0,16.0,0,0.0,356.98,13.25,0.0,0.542,1.0,-4,40.0,343.73,15.252,0.0,16.0,16.0,0.0,7.38,0.135,8.67,0
https://amg86.live,AMG86 (AUD),urls,OK,0,2026-08-05 13:26:13,,,0.0,0,0,0,0,0,0,,,0,,0,0.0,,,,,,0,,,,,,,,,,,0
https://amplay8.com,ASKMEPLAY,urls,OK,0,2026-08-05 13:23:40,2026-07-29 04:18:34,2026-08-05 13:23:40,7.4,2,2,0,2,1,8.0,4.0,5.0,2.05,1.02,0,0.0,100.0,30.0,0.0,0.271,1.0,-2,40.0,70.0,26.667,0.0,1.02,1.02,0.0,7.38,0.136,0.28,0
https://anz188.co,,oldurls,Merchant Missing,5,2026-07-30 19:37:48,,,0.0,0,0,0,0,0,0,,,0,,0,0.0,,,,,,0,,,,,,,,,,,0
https://anz33.com,,oldurls,Merchant Missing,5,2026-07-30 20:33:21,,,0.0,0,0,0,0,0,0,,,0,,0,0.0,,,,,,0,,,,,,,,,,,0
https://anzspin.com,,oldurls,Merchant Missing,5,2026-07-30 20:38:23,,,0.0,0,0,0,0,0,0,,,0,,0,0.0,,,,,,0,,,,,,,,,,,0
https://aristocratau.com,OCEAN96,urls,OK,0,2026-08-05 13:24:55,,,0.0,0,0,0,0,0,0,,,0,,0,0.0,,,,,,0,,,,,,,,,,,0
https://ariswin.com,,oldurls,Merchant Missing,5,2026-07-30 20:36:02,,,0.0,0,0,0,0,0,0,,,0,,0,0.0,,,,,,0,,,,,,,,,,,0
https://arkspin.com,,oldurls,Merchant Missing,5,2026-07-30 19:46:47,,,0.0,0,0,0,0,0,0,,,0,,0,0.0,,,,,,0,,,,,,,,,,,0
https://arvo96.com,,oldurls,Conn Aborted,5,2026-07-30 22:18:29,,,0.0,0,0,0,0,0,0,,,0,,0,0.0,,,,,,0,,,,,,,,,,,0
https://astar77au.com,ASIASTAR777AU,urls,OK,0,2026-08-05 13:20:27,,,0.0,0,0,0,0,0,0,,,0,,0,0.0,,,,,,0,,,,,,,,,,,0
https://au.eg9.bet,,oldurls,Conn Aborted,7,2026-07-30 22:56:52,,,0.0,0,0,0,0,0,0,,,0,,0,0.0,,,,,,0,,,,,,,,,,,0
https://au21.net,AU21 Pokies,urls,OK,0,2026-08-05 13:23:00,,,0.0,0,0,0,0,0,0,,,0,,0,0.0,,,,,,0,,,,,,,,,,,0
https://au21.net/AU21213A97556,AU21 Pokies,oldurls,Not Found,5,2026-07-30 22:18:46,,,0.0,0,0,0,0,0,0,,,0,,0,0.0,,,,,,0,,,,,,,,,,,0
https://au55.co,AU55,urls,OK,0,2026-08-05 13:26:49,,,0.0,0,0,0,0,0,0,,,0,,0,0.0,,,,,,0,,,,,,,,,,,0
https://au68.net,,oldurls,Merchant Missing,5,2026-07-30 20:07:39,,,0.0,0,0,0,0,0,0,,,0,,0,0.0,,,,,,0,,,,,,,,,,,0
https://au99.co,AU99,urls,OK,0,2026-08-05 13:27:31,,,0.0,0,0,0,0,0,0,,,0,,0,0.0,,,,,,0,,,,,,,,,,,0
https://aubestpokies.com,,oldurls,Merchant Missing,5,2026-07-30 19:24:18,,,0.0,0,0,0,0,0,0,,,0,,0,0.0,,,,,,0,,,,,,,,,,,0
https://aubet33.com,,oldurls,Conn Aborted,6,2026-07-30 22:18:44,,,0.0,0,0,0,0,0,0,,,0,,0,0.0,,,,,,0,,,,,,,,,,,0
https://auboss.co,AU BOSS,urls,OK,0,2026-08-05 13:28:26,2026-07-20 00:46:49,2026-08-05 13:28:26,16.5,2,2,0,2,1,12.0,6.0,10.0,0.68,0.34,0,0.0,300.0,15.0,0.0,0.121,1.0,-2,40.0,285.0,50.0,0.0,0.34,0.34,0.0,16.53,0.061,0.04,0
https://aucloud9.com,Cloud9,urls,OK,0,2026-08-05 13:21:42,2026-07-20 00:46:48,2026-08-05 13:21:42,16.5,1,1,0,1,1,9.0,9.0,9.0,0.23,0.23,0,0.0,700.0,20.0,0.0,0.061,1.0,-1,40.1,680.0,77.778,0.0,0.23,0.23,0.0,16.52,0.061,0.01,0
https://aud1000.com,,oldurls,Error,5,2026-07-30 20:33:09,,,0.0,0,0,0,0,0,0,,,0,,0,0.0,,,,,,0,,,,,,,,,,,0
https://aud1m.com,,oldurls,Conn Aborted,6,2026-07-30 22:18:54,,,0.0,0,0,0,0,0,0,,,0,,0,0.0,,,,,,0,,,,,,,,,,,0
https://aud22.com,AUD22,urls,OK,0,2026-08-05 13:21:23,,,0.0,0,0,0,0,0,0,,,0,,0,0.0,,,,,,0,,,,,,,,,,,0
https://aud2u.com,AUD2U - Your Gaming Portal,urls,OK,0,2026-08-05 13:28:00,2026-07-20 00:46:50,2026-08-05 13:28:00,16.5,1,1,0,1,1,1.88,1.88,1.88,0.15,0.15,0,0.0,188.0,20.0,0.0,0.061,1.0,-1,40.0,168.0,100.0,0.0,0.15,0.15,0.0,16.53,0.061,0.01,0
https://aud2u.com/TW217070861,AUD2U - Your Gaming Portal,oldurls,Not Found,6,2026-07-30 22:50:28,,,0.0,0,0,0,0,0,0,,,0,,0,0.0,,,,,,0,,,,,,,,,,,0
https://aud2u.com/TW21708A028,AUD2U - Your Gaming Portal,oldurls,Not Found,5,2026-07-30 20:55:40,,,0.0,0,0,0,0,0,0,,,0,,0,0.0,,,,,,0,,,,,,,,,,,0
https://aud33.com,AUD33,urls,OK,0,2026-08-05 13:23:36,2026-07-20 00:46:50,2026-08-05 13:26:01,16.5,1,1,0,1,1,5.0,5.0,5.0,0.16,0.16,0,0.0,500.0,20.0,0.0,0.061,1.0,-1,40.0,480.0,100.0,0.0,0.16,0.16,0.0,16.53,0.061,0.01,0
https://aud33.vip,AUD33,urls,OK,0,2026-08-05 13:26:01,,,0.0,0,0,0,0,0,0,,,0,,0,0.0,,,,,,0,,,,,,,,,,,0
https://aud365.co,AUDBET365,oldurls,Merchant Missing,5,2026-07-30 20:46:10,2026-07-20 00:46:45,2026-07-20 00:46:45,10.8,2,0,0,0,1,1076.0,538.0,888.0,75.25,37.62,0,0.0,4563.0,55.0,0.0,0.185,0.0,0,436.7,4508.0,5.637,0.0,37.62,37.62,0.0,0.0,0.092,6.95,0
https://aud44.com,,oldurls,Merchant Missing,5,2026-07-30 20:47:17,,,0.0,0,0,0,0,0,0,,,0,,0,0.0,,,,,,0,,,,,,,,,,,0
https://aud77.net,,urls,Conn Aborted,12,2026-08-05 13:31:24,,,0.0,0,0,0,0,0,0,,,0,,0,0.0,,,,,,0,,,,,,,,,,,0
https://aud96.com,,oldurls,Error,6,2026-07-30 20:57:33,,,0.0,0,0,0,0,0,0,,,0,,0,0.0,,,,,,0,,,,,,,,,,,0
https://aud99.com,Aud99,urls,OK,0,2026-08-05 13:26:59,2026-07-29 03:43:15,2026-08-05 13:26:59,7.4,1,1,0,1,1,0.13,0.13,0.13,7.28,7.28,0,0.0,0.0,599.0,0.0,0.135,1.0,-1,40.0,,0.0,0.0,7.28,7.28,0.0,7.41,0.135,0.98,0
https://aud99.live,Aud99,urls,OK,0,2026-08-05 13:22:38,2026-07-29 06:02:18,2026-08-05 13:26:59,7.3,2,1,0,1,2,99.13,49.56,99.0,13.27,6.64,0,0.0,495.0,15.0,0.0,0.274,0.5,-1,40.0,960.0,5.0,0.0,6.64,6.64,0.0,3.66,0.274,1.82,0
https://audbet99.co,,oldurls,Conn Aborted,0,2026-07-30 19:23:32,,,0.0,0,0,0,0,0,0,,,0,,0,0.0,,,,,,0,,,,,,,,,,,0
https://audgaming8.com,AUDGAMING,urls,OK,0,2026-08-05 13:22:13,2026-07-20 00:46:51,2026-08-05 13:22:13,16.5,3,2,0,2,2,50.0,16.67,30.0,2.75,0.92,0,0.0,500.0,30.0,0.0,0.182,0.667,-2,40.1,470.0,36.667,0.0,0.92,0.92,0.0,11.02,0.121,0.17,0
https://audgamingpartner.com,,oldurls,Merchant Missing,6,2026-07-30 22:19:09,,,0.0,0,0,0,0,0,0,,,0,,0,0.0,,,,,,0,,,,,,,,,,,0
https://audgo.net,AUDGO,urls,OK,0,2026-08-05 13:21:27,2026-07-20 00:46:47,2026-07-20 00:46:47,16.5,1,0,0,0,1,20.0,20.0,20.0,0.99,0.99,0,0.0,500.0,20.0,0.0,0.061,0.0,0,436.7,480.0,25.0,0.0,0.99,0.99,0.0,0.0,0.061,0.06,0
https://audking98.com,AUDKING98,urls,OK,0,2026-08-05 13:24:47,,,0.0,0,0,0,0,0,0,,,0,,0,0.0,,,,,,0,,,,,,,,,,,0
https://audmachine.com,,oldurls,Merchant Missing,0,2026-07-30 19:40:28,,,0.0,0,0,0,0,0,0,,,0,,0,0.0,,,,,,0,,,,,,,,,,,0
https://audplay168.com,AUDPLAY168,urls,OK,0,2026-08-05 13:21:46,2026-07-27 20:52:24,2026-08-05 13:26:29,8.7,2,2,0,2,1,8.0,4.0,5.0,1.17,0.59,0,0.0,75.0,5.03,0.0,0.23,1.0,-2,40.0,69.97,18.333,0.0,0.59,0.59,0.0,8.69,0.115,0.13,0
https://audslot.com,AUDSLOT,urls,OK,0,2026-08-05 13:27:43,,,0.0,0,0,0,0,0,0,,,0,,0,0.0,,,,,,0,,,,,,,,,,,0
https://audwin9.com,AUDWIN9,urls,OK,0,2026-08-05 13:24:12,2026-07-20 00:46:50,2026-08-05 13:24:12,16.5,2,1,0,1,2,28.99,14.49,19.99,13.82,6.91,0,0.0,83.0,9.0,0.0,0.121,0.5,-1,40.0,74.0,4.977,0.0,6.91,6.91,0.0,8.26,0.121,0.84,0
https://augoodpokies.com,,oldurls,Merchant Missing,5,2026-07-30 20:55:56,,,0.0,0,0,0,0,0,0,,,0,,0,0.0,,,,,,0,,,,,,,,,,,0
https://auhotpokies.com,,oldurls,Merchant Missing,5,2026-07-30 20:25:06,,,0.0,0,0,0,0,0,0,,,0,,0,0.0,,,,,,0,,,,,,,,,,,0
https://auium.com,AUIUM,urls,OK,0,2026-08-05 13:23:14,,,0.0,0,0,0,0,0,0,,,0,,0,0.0,,,,,,0,,,,,,,,,,,0
https://aumania.co,,oldurls,Conn Aborted,0,2026-07-30 19:20:58,,,0.0,0,0,0,0,0,0,,,0,,0,0.0,,,,,,0,,,,,,,,,,,0
https://aupay99.com,,oldurls,Conn Aborted,6,2026-07-30 22:19:00,,,0.0,0,0,0,0,0,0,,,0,,0,0.0,,,,,,0,,,,,,,,,,,0
https://auplay.club,,oldurls,Blocked,5,2026-07-30 22:19:09,,,0.0,0,0,0,0,0,0,,,0,,0,0.0,,,,,,0,,,,,,,,,,,0
https://auplay8.com,,oldurls,Conn Aborted,6,2026-07-30 22:19:04,,,0.0,0,0,0,0,0,0,,,0,,0,0.0,,,,,,0,,,,,,,,,,,0
https://aupopularpokies.com,,oldurls,Merchant Missing,5,2026-07-30 20:46:59,,,0.0,0,0,0,0,0,0,,,0,,0,0.0,,,,,,0,,,,,,,,,,,0
https://auraaud.com,,oldurls,Blocked,5,2026-07-30 19:29:41,,,0.0,0,0,0,0,0,0,,,0,,0,0.0,,,,,,0,,,,,,,,,,,0
https://aurapokies.com,,oldurls,Conn Aborted,6,2026-07-30 22:19:41,,,0.0,0,0,0,0,0,0,,,0,,0,0.0,,,,,,0,,,,,,,,,,,0
https://aurorabets.org,Aurorabets,urls,OK,0,2026-08-05 13:23:36,,,0.0,0,0,0,0,0,0,,,0,,0,0.0,,,,,,0,,,,,,,,,,,0
https://aus26.com,,oldurls,Error,5,2026-07-30 20:43:57,,,0.0,0,0,0,0,0,0,,,0,,0,0.0,,,,,,0,,,,,,,,,,,0
https://aus2u.com,Aus2u,urls,OK,0,2026-08-05 13:21:16,2026-07-20 00:46:54,2026-08-05 13:28:42,16.5,10,7,0,7,4,767.0,76.7,579.0,73.92,7.39,0,0.0,1760.5,20.3,0.0,0.605,0.7,-7,40.0,1740.2,24.835,0.0,7.39,7.39,0.0,7.12,0.242,4.47,0
https://aus33.com,AUS33,urls,OK,0,2026-08-05 13:20:35,,,0.0,0,0,0,0,0,0,,,0,,0,0.0,,,,,,0,,,,,,,,,,,0
https://aus4win.com,SS9AU,oldurls,Conn Aborted,0,2026-07-30 19:40:56,2026-07-20 00:46:53,2026-08-05 13:21:36,16.5,1,1,0,1,1,10.0,10.0,10.0,0.99,0.99,0,0.0,199.0,10.0,0.0,0.061,1.0,-1,40.1,189.0,19.9,0.0,0.99,0.99,0.0,16.52,0.061,0.06,0
https://aus789.com,Aus789 PayID Casino Australia,urls,OK,0,2026-08-05 13:27:13,2026-07-20 00:46:54,2026-08-05 13:27:13,16.5,2,2,0,2,1,28.0,14.0,16.0,1.28,0.64,0,0.0,488.0,20.0,0.0,0.121,1.0,-2,40.0,468.0,35.458,0.0,0.64,0.64,0.0,16.53,0.061,0.08,0
https://aus88win.com,Aus88Win,urls,OK,0,2026-08-05 13:26:04,2026-07-20 00:46:52,2026-08-05 13:26:04,16.5,1,1,0,1,1,11.88,11.88,11.88,1.13,1.13,0,0.0,260.0,20.0,0.0,0.061,1.0,-1,40.0,240.0,21.886,0.0,1.13,1.13,0.0,16.53,0.061,0.07,0
https://ausbet88.com,AUSBET88,urls,OK,0,2026-08-05 13:21:52,2026-07-20 00:46:55,2026-08-05 13:21:52,16.5,1,1,0,1,1,10.0,10.0,10.0,1.25,1.25,0,0.0,200.0,20.0,0.0,0.061,1.0,-1,40.1,180.0,20.0,0.0,1.25,1.25,0.0,16.52,0.061,0.08,0
https://ausbet99.com,,oldurls,Conn Aborted,0,2026-07-30 19:36:09,,,0.0,0,0,0,0,0,0,,,0,,0,0.0,,,,,,0,,,,,,,,,,,0
https://ausbetking.com,,oldurls,Conn Aborted,0,2026-07-30 19:42:26,,,0.0,0,0,0,0,0,0,,,0,,0,0.0,,,,,,0,,,,,,,,,,,0
https://ausclub.net,Ausclub,urls,OK,0,2026-08-05 13:24:50,,,0.0,0,0,0,0,0,0,,,0,,0,0.0,,,,,,0,,,,,,,,,,,0
https://ausdeluxe.com,,oldurls,Conn Aborted,5,2026-07-30 22:19:25,,,0.0,0,0,0,0,0,0,,,0,,0,0.0,,,,,,0,,,,,,,,,,,0
https://ausking777.com,,oldurls,Conn Aborted,0,2026-07-30 19:21:51,,,0.0,0,0,0,0,0,0,,,0,,0,0.0,,,,,,0,,,,,,,,,,,0
https://auslot7.com,BngWin7,urls,OK,0,2026-08-05 13:22:26,2026-08-02 15:04:29,2026-08-05 13:22:26,2.9,1,1,0,1,1,12.0,12.0,12.0,0.25,0.25,0,0.0,1200.0,90.0,0.0,0.341,1.0,-1,40.1,1110.0,100.0,0.0,0.25,0.25,0.0,2.93,0.341,0.09,0
https://ausmeth.com,,oldurls,Error,7,2026-07-30 22:56:53,,,0.0,0,0,0,0,0,0,,,0,,0,0.0,,,,,,0,,,,,,,,,,,0
https://auspade.com,AuSpade,urls,OK,0,2026-08-05 13:24:36,,,0.0,0,0,0,0,0,0,,,0,,0,0.0,,,,,,0,,,,,,,,,,,0
https://auspay96.com,AUSPAY96,urls,OK,0,2026-08-05 13:26:18,2026-07-27 06:11:38,2026-08-05 13:26:18,9.3,1,1,0,1,1,1.25,1.25,1.25,88.14,88.14,1,1.25,0.0,300.0,0.0,0.108,1.0,-1,40.0,,0.0,0.0,88.14,88.14,1.0,9.3,0.108,9.48,0
https://auspin168.com,Online Pokies & Casino Australia – Auspin168,urls,OK,0,2026-08-05 13:27:29,2026-07-27 20:59:53,2026-08-05 13:27:29,8.7,1,1,0,1,1,0.5,0.5,0.5,39.04,39.04,1,0.5,0.0,500.0,0.0,0.115,1.0,-1,40.0,,0.0,0.0,39.04,39.04,1.0,8.69,0.115,4.49,0
https://auspin8.com,,oldurls,Conn Aborted,6,2026-07-30 22:19:25,,,0.0,0,0,0,0,0,0,,,0,,0,0.0,,,,,,0,,,,,,,,,,,0
https://auspin88.vip,,oldurls,Error,5,2026-07-30 20:59:05,,,0.0,0,0,0,0,0,0,,,0,,0,0.0,,,,,,0,,,,,,,,,,,0
https://auspokies7.co,,oldurls,Conn Aborted,6,2026-07-30 22:56:51,,,0.0,0,0,0,0,0,0,,,0,,0,0.0,,,,,,0,,,,,,,,,,,0
https://aussie21.com,,oldurls,Merchant Missing,5,2026-07-30 19:24:46,,,0.0,0,0,0,0,0,0,,,0,,0,0.0,,,,,,0,,,,,,,,,,,0
https://aussie55.com,,oldurls,Merchant Missing,5,2026-07-30 22:20:00,,,0.0,0,0,0,0,0,0,,,0,,0,0.0,,,,,,0,,,,,,,,,,,0
https://aussie8.net,,oldurls,Conn Aborted,0,2026-07-30 19:26:08,,,0.0,0,0,0,0,0,0,,,0,,0,0.0,,,,,,0,,,,,,,,,,,0
https://aussie96.com,AUSSIE96,urls,OK,0,2026-08-05 13:21:50,,,0.0,0,0,0,0,0,0,,,0,,0,0.0,,,,,,0,,,,,,,,,,,0
https://aussie9au.com,,oldurls,Conn Aborted,0,2026-07-30 19:38:46,,,0.0,0,0,0,0,0,0,,,0,,0,0.0,,,,,,0,,,,,,,,,,,0
https://aussie9au.com/AUSSIE92302766A5,,oldurls,Conn Aborted,5,2026-07-30 22:19:41,,,0.0,0,0,0,0,0,0,,,0,,0,0.0,,,,,,0,,,,,,,,,,,0
https://aussieaces.com,Aussieaces,urls,OK,0,2026-08-05 13:22:42,2026-07-27 20:59:02,2026-08-05 13:22:42,8.7,5,5,0,5,1,474.0,94.8,300.0,57.51,11.5,0,0.0,3500.6,18.0,0.0,0.576,1.0,-5,40.1,3482.6,124.24,0.0,11.5,11.5,0.0,8.68,0.115,6.62,0
https://aussiebt.net,,oldurls,Merchant Missing,5,2026-07-30 20:13:27,,,0.0,0,0,0,0,0,0,,,0,,0,0.0,,,,,,0,,,,,,,,,,,0
https://aussieluck.co,AussieLuck33,urls,OK,0,2026-08-05 13:21:19,,,0.0,0,0,0,0,0,0,,,0,,0,0.0,,,,,,0,,,,,,,,,,,0
https://aussieluck33au.com,AussieLuck33,urls,OK,0,2026-08-05 13:21:02,,,0.0,0,0,0,0,0,0,,,0,,0,0.0,,,,,,0,,,,,,,,,,,0
https://aussieqq.com,,oldurls,Error,5,2026-07-30 20:28:58,,,0.0,0,0,0,0,0,0,,,0,,0,0.0,,,,,,0,,,,,,,,,,,0
https://aussierich.com,,oldurls,Conn Aborted,5,2026-07-30 22:19:34,,,0.0,0,0,0,0,0,0,,,0,,0,0.0,,,,,,0,,,,,,,,,,,0
https://aussiespin7.com,,oldurls,Conn Aborted,6,2026-07-30 22:19:41,,,0.0,0,0,0,0,0,0,,,0,,0,0.0,,,,,,0,,,,,,,,,,,0
https://ausvip.org,AUSVIP,urls,OK,0,2026-08-05 13:29:05,,,0.0,0,0,0,0,0,0,,,0,,0,0.0,,,,,,0,,,,,,,,,,,0
https://auwin33.com,,oldurls,Conn Aborted,5,2026-07-30 22:19:35,,,0.0,0,0,0,0,0,0,,,0,,0,0.0,,,,,,0,,,,,,,,,,,0
https://auwin7.com,AUWIN7,urls,OK,0,2026-08-05 13:28:53,2026-07-20 03:00:01,2026-08-05 13:28:53,16.4,2,2,0,2,1,19.88,9.94,16.88,1.66,0.83,0,0.0,238.5,17.0,0.0,0.122,1.0,-2,40.0,221.5,27.834,0.0,0.83,0.83,0.0,16.44,0.061,0.1,0
https://auwin88.com,AUWIN88,urls,OK,0,2026-08-05 13:22:06,,,0.0,0,0,0,0,0,0,,,0,,0,0.0,,,,,,0,,,,,,,,,,,0
https://auwin9.com,AUWIN9,urls,OK,0,2026-08-05 13:27:31,,,0.0,0,0,0,0,0,0,,,0,,0,0.0,,,,,,0,,,,,,,,,,,0
https://avatarr8.com,AVATARR8,urls,OK,0,2026-08-05 13:24:44,2026-08-05 13:24:44,2026-08-05 13:24:44,0.0,4,4,0,4,1,134.0,33.5,58.0,17.07,4.27,0,0.0,352.0,10.0,0.0,,1.0,-4,40.0,342.0,9.814,0.0,4.27,4.27,0.0,0.0,,,0
https://avengeraus1.com,,urls,Conn Aborted,12,2026-08-05 13:31:24,,,0.0,0,0,0,0,0,0,,,0,,0,0.0,,,,,,0,,,,,,,,,,,0
https://avengers80.com,,oldurls,Error,5,2026-07-30 22:20:04,,,0.0,0,0,0,0,0,0,,,0,,0,0.0,,,,,,0,,,,,,,,,,,0
https://avengers9.net,,oldurls,Conn Aborted,5,2026-07-30 22:19:49,,,0.0,0,0,0,0,0,0,,,0,,0,0.0,,,,,,0,,,,,,,,,,,0
https://avg88.com,AVG88 (AUD),urls,OK,0,2026-08-05 13:23:27,2026-07-20 00:46:58,2026-08-05 13:23:27,16.5,2,2,0,2,1,41.0,20.5,36.0,1.54,0.77,0,0.0,554.0,15.0,0.0,0.121,1.0,-2,40.0,539.0,48.8,0.0,0.77,0.77,0.0,16.53,0.061,0.09,0
https://avg88.com/AVG2382A9061,AVG88 (AUD),oldurls,Not Found,5,2026-07-30 19:33:06,,,0.0,0,0,0,0,0,0,,,0,,0,0.0,,,,,,0,,,,,,,,,,,0
https://aviator96.com,Aviator96,urls,OK,0,2026-08-05 13:23:53,2026-07-29 06:09:30,2026-07-29 06:09:30,7.3,1,0,0,0,1,5.99,5.99,5.99,0.4,0.4,0,0.0,240.0,10.0,0.0,0.137,0.0,0,215.3,230.0,40.067,0.0,0.4,0.4,0.0,0.0,0.137,0.05,0
https://aviator98.com,Aviator,urls,OK,0,2026-08-05 13:23:39,,,0.0,0,0,0,0,0,0,,,0,,0,0.0,,,,,,0,,,,,,,,,,,0
https://azurefortunepalace.com,AzureFortunePalace,urls,OK,0,2026-08-05 13:20:52,,,0.0,0,0,0,0,0,0,,,0,,0,0.0,,,,,,0,,,,,,,,,,,0
https://bacca777.com,,oldurls,Error,5,2026-07-30 20:34:10,,,0.0,0,0,0,0,0,0,,,0,,0,0.0,,,,,,0,,,,,,,,,,,0
https://bakedmate.com,,oldurls,Conn Aborted,5,2026-07-30 22:19:57,,,0.0,0,0,0,0,0,0,,,0,,0,0.0,,,,,,0,,,,,,,,,,,0
https://bang96.com,BANG96,urls,OK,0,2026-08-05 13:28:21,,,0.0,0,0,0,0,0,0,,,0,,0,0.0,,,,,,0,,,,,,,,,,,0
https://bang96.net,BANG96,urls,OK,0,2026-08-05 13:23:02,,,0.0,0,0,0,0,0,0,,,0,,0,0.0,,,,,,0,,,,,,,,,,,0
https://bankau.live,,oldurls,Timeout,5,2026-07-30 22:20:15,,,0.0,0,0,0,0,0,0,,,0,,0,0.0,,,,,,0,,,,,,,,,,,0
https://bankcunt.com,,oldurls,Conn Aborted,7,2026-07-30 22:57:07,,,0.0,0,0,0,0,0,0,,,0,,0,0.0,,,,,,0,,,,,,,,,,,0
https://bcwin88.com,,oldurls,Conn Aborted,0,2026-07-30 19:49:56,,,0.0,0,0,0,0,0,0,,,0,,0,0.0,,,,,,0,,,,,,,,,,,0
https://bcwin88.com/BC8015500,,oldurls,Conn Aborted,7,2026-07-30 22:57:07,,,0.0,0,0,0,0,0,0,,,0,,0,0.0,,,,,,0,,,,,,,,,,,0
https://beebee11.com,,oldurls,Timeout,5,2026-07-30 22:20:28,,,0.0,0,0,0,0,0,0,,,0,,0,0.0,,,,,,0,,,,,,,,,,,0
https://beebee11.net,,oldurls,Timeout,5,2026-07-30 22:20:36,,,0.0,0,0,0,0,0,0,,,0,,0,0.0,,,,,,0,,,,,,,,,,,0
https://best77.asia,Best77,urls,OK,0,2026-08-05 13:23:35,,,0.0,0,0,0,0,0,0,,,0,,0,0.0,,,,,,0,,,,,,,,,,,0
https://bet33au.com,,oldurls,Conn Aborted,6,2026-07-30 22:50:42,,,0.0,0,0,0,0,0,0,,,0,,0,0.0,,,,,,0,,,,,,,,,,,0
https://bet365aud.com,BET365,urls,OK,0,2026-08-05 13:27:03,,,0.0,0,0,0,0,0,0,,,0,,0,0.0,,,,,,0,,,,,,,,,,,0
https://betaaron.com,,oldurls,Timeout,5,2026-07-30 22:21:09,,,0.0,0,0,0,0,0,0,,,0,,0,0.0,,,,,,0,,,,,,,,,,,0
https://betaud.net,,oldurls,Blocked,5,2026-07-30 20:29:45,,,0.0,0,0,0,0,0,0,,,0,,0,0.0,,,,,,0,,,,,,,,,,,0
https://betaussie.co,,oldurls,Conn Aborted,0,2026-07-30 20:12:29,,,0.0,0,0,0,0,0,0,,,0,,0,0.0,,,,,,0,,,,,,,,,,,0
https://betbaked.net,RAGEPOKIES,urls,OK,0,2026-08-05 13:20:44,,,0.0,0,0,0,0,0,0,,,0,,0,0.0,,,,,,0,,,,,,,,,,,0
https://betblaze.org,,oldurls,Merchant Missing,5,2026-07-30 20:20:39,,,0.0,0,0,0,0,0,0,,,0,,0,0.0,,,,,,0,,,,,,,,,,,0
https://betbuddypokies.com,,oldurls,Conn Aborted,6,2026-07-30 22:20:38,,,0.0,0,0,0,0,0,0,,,0,,0,0.0,,,,,,0,,,,,,,,,,,0
https://betclub11.online,BETCLUB11,urls,OK,0,2026-08-05 13:23:22,,,0.0,0,0,0,0,0,0,,,0,,0,0.0,,,,,,0,,,,,,,,,,,0
https://betclub6.net,BETCLUB6,urls,OK,0,2026-08-05 13:22:29,,,0.0,0,0,0,0,0,0,,,0,,0,0.0,,,,,,0,,,,,,,,,,,0
https://betcody.com,,oldurls,Conn Aborted,0,2026-07-30 19:42:08,,,0.0,0,0,0,0,0,0,,,0,,0,0.0,,,,,,0,,,,,,,,,,,0
https://bethope9.com,,oldurls,Merchant Missing,5,2026-07-30 19:26:55,,,0.0,0,0,0,0,0,0,,,0,,0,0.0,,,,,,0,,,,,,,,,,,0
https://betjack21.com,,oldurls,Error,5,2026-07-30 20:49:04,,,0.0,0,0,0,0,0,0,,,0,,0,0.0,,,,,,0,,,,,,,,,,,0
https://betjason.com,,oldurls,Conn Aborted,6,2026-07-30 22:20:44,,,0.0,0,0,0,0,0,0,,,0,,0,0.0,,,,,,0,,,,,,,,,,,0
https://betjohn.net,BetJohn,urls,OK,0,2026-08-05 13:25:05,,,0.0,0,0,0,0,0,0,,,0,,0,0.0,,,,,,0,,,,,,,,,,,0
https://betjohn.net/BETJOHN2A5661000,BetJohn,oldurls,Not Found,5,2026-07-30 22:20:55,,,0.0,0,0,0,0,0,0,,,0,,0,0.0,,,,,,0,,,,,,,,,,,0
https://betman88.games,,oldurls,Conn Aborted,0,2026-07-30 20:09:00,,,0.0,0,0,0,0,0,0,,,0,,0,0.0,,,,,,0,,,,,,,,,,,0
https://betman9.com,BETMAN9,urls,OK,0,2026-08-05 13:23:15,2026-07-20 00:46:58,2026-07-20 00:46:58,16.5,1,0,0,0,1,9.0,9.0,9.0,1.1,1.1,0,0.0,199.0,20.0,0.0,0.061,0.0,0,436.7,179.0,22.111,0.0,1.1,1.1,0.0,0.0,0.061,0.07,0
https://betmeth.com,BETMETH,urls,OK,0,2026-08-05 13:25:41,,,0.0,0,0,0,0,0,0,,,0,,0,0.0,,,,,,0,,,,,,,,,,,0
https://betnet9.com,,oldurls,Conn Aborted,6,2026-07-30 22:20:46,,,0.0,0,0,0,0,0,0,,,0,,0,0.0,,,,,,0,,,,,,,,,,,0
https://betnich.com,,oldurls,Timeout,0,2026-07-30 20:05:09,,,0.0,0,0,0,0,0,0,,,0,,0,0.0,,,,,,0,,,,,,,,,,,0
https://betoptus.com,,oldurls,Timeout,5,2026-07-30 22:21:49,,,0.0,0,0,0,0,0,0,,,0,,0,0.0,,,,,,0,,,,,,,,,,,0
https://betus10.co,BETUS10,urls,OK,0,2026-08-05 13:20:14,2026-07-20 00:46:57,2026-08-05 13:29:37,16.5,5,4,0,4,2,120.0,24.0,39.0,5.19,1.04,0,0.0,517.6,19.0,0.0,0.302,0.8,-4,39.9,498.6,26.935,0.0,1.04,1.04,0.0,9.92,0.121,0.31,0
https://betworld168.vip,BetWorld168.vip,urls,OK,0,2026-08-05 13:28:02,2026-07-20 03:00:02,2026-08-05 13:28:02,16.4,1,1,0,1,1,5.0,5.0,5.0,0.5,0.5,0,0.0,200.0,20.0,0.0,0.061,1.0,-1,40.0,180.0,40.0,0.0,0.5,0.5,0.0,16.44,0.061,0.03,0
https://betworld96au.com,Betworld96 Australia Online Casino,urls,OK,0,2026-08-05 13:24:11,2026-07-20 00:46:58,2026-08-05 13:24:11,16.5,1,1,0,1,1,18.96,18.96,18.96,1.31,1.31,0,0.0,379.2,20.0,0.0,0.061,1.0,-1,40.0,359.2,20.0,0.0,1.31,1.31,0.0,16.53,0.061,0.08,0
https://betzilla88.com,Betzilla,urls,OK,0,2026-08-05 13:24:07,,,0.0,0,0,0,0,0,0,,,0,,0,0.0,,,,,,0,,,,,,,,,,,0
https://betzone365a.vip,BETZONE365,urls,OK,0,2026-08-05 13:26:23,,,0.0,0,0,0,0,0,0,,,0,,0,0.0,,,,,,0,,,,,,,,,,,0
https://bigbonus.me,BB33,urls,OK,0,2026-08-05 13:26:39,,,0.0,0,0,0,0,0,0,,,0,,0,0.0,,,,,,0,,,,,,,,,,,0
https://bigboss88.vip,BIGBOSS,urls,OK,0,2026-08-05 13:22:49,,,0.0,0,0,0,0,0,0,,,0,,0,0.0,,,,,,0,,,,,,,,,,,0
https://bighotb.com,,oldurls,Conn Aborted,7,2026-07-30 22:57:09,,,0.0,0,0,0,0,0,0,,,0,,0,0.0,,,,,,0,,,,,,,,,,,0
https://bigpay2u.com,,oldurls,Merchant Missing,6,2026-07-30 22:21:06,,,0.0,0,0,0,0,0,0,,,0,,0,0.0,,,,,,0,,,,,,,,,,,0
https://bigpay77.net,BigPay77,urls,OK,0,2026-08-05 13:26:28,2026-07-20 00:46:58,2026-08-05 13:26:28,16.5,1,1,0,1,1,17.0,17.0,17.0,0.63,0.63,0,0.0,500.0,10.0,0.0,0.061,1.0,-1,40.0,490.0,29.412,0.0,0.63,0.63,0.0,16.53,0.061,0.04,0
https://bigw.bet,,oldurls,Merchant Missing,5,2026-07-30 22:21:11,,,0.0,0,0,0,0,0,0,,,0,,0,0.0,,,,,,0,,,,,,,,,,,0
https://bigwin666.net,,oldurls,Merchant Missing,5,2026-07-30 20:59:50,,,0.0,0,0,0,0,0,0,,,0,,0,0.0,,,,,,0,,,,,,,,,,,0
https://billaboong.vip,,oldurls,Conn Aborted,7,2026-07-30 22:57:06,,,0.0,0,0,0,0,0,0,,,0,,0,0.0,,,,,,0,,,,,,,,,,,0
https://billionau.co,,oldurls,Conn Aborted,0,2026-07-30 19:57:33,,,0.0,0,0,0,0,0,0,,,0,,0,0.0,,,,,,0,,,,,,,,,,,0
https://billionaud.com,BILLION AU,urls,OK,0,2026-08-05 13:23:47,,,0.0,0,0,0,0,0,0,,,0,,0,0.0,,,,,,0,,,,,,,,,,,0
https://bitwinauda.net,,oldurls,Conn Aborted,6,2026-07-30 22:22:05,,,0.0,0,0,0,0,0,0,,,0,,0,0.0,,,,,,0,,,,,,,,,,,0
https://bitwinaus.com,,oldurls,Conn Aborted,5,2026-07-30 22:21:08,,,0.0,0,0,0,0,0,0,,,0,,0,0.0,,,,,,0,,,,,,,,,,,0
https://bizzo777.com,,oldurls,Conn Aborted,0,2026-07-30 19:47:48,,,0.0,0,0,0,0,0,0,,,0,,0,0.0,,,,,,0,,,,,,,,,,,0
https://bizzo88.com,BIZZO88,urls,OK,0,2026-08-05 13:25:06,2026-07-31 09:04:35,2026-08-05 13:25:06,5.2,1,1,0,1,1,18.88,18.88,18.88,0.92,0.92,0,0.0,488.0,18.0,0.0,0.193,1.0,-1,40.0,470.0,25.847,0.0,0.92,0.92,0.0,5.18,0.193,0.18,0
https://bk8au.online,BK8POKIES,urls,OK,0,2026-08-05 13:25:40,,,0.0,0,0,0,0,0,0,,,0,,0,0.0,,,,,,0,,,,,,,,,,,0
https://bk8aus.com,,oldurls,Error,5,2026-07-30 20:11:44,,,0.0,0,0,0,0,0,0,,,0,,0,0.0,,,,,,0,,,,,,,,,,,0
https://bk9au.net,,oldurls,Merchant Missing,5,2026-07-30 22:21:25,,,0.0,0,0,0,0,0,0,,,0,,0,0.0,,,,,,0,,,,,,,,,,,0
https://blackpokies.com,BlackPokies,urls,OK,0,2026-08-05 13:24:29,,,0.0,0,0,0,0,0,0,,,0,,0,0.0,,,,,,0,,,,,,,,,,,0
https://blaze007.com,Blaze007,urls,OK,0,2026-08-05 13:23:45,,,0.0,0,0,0,0,0,0,,,0,,0,0.0,,,,,,0,,,,,,,,,,,0
https://bluntspin.com,BLUNTSPIN,urls,OK,0,2026-08-05 13:25:36,,,0.0,0,0,0,0,0,0,,,0,,0,0.0,,,,,,0,,,,,,,,,,,0
https://bluntspin.net,BLUNTSPIN,urls,OK,0,2026-08-05 13:25:17,,,0.0,0,0,0,0,0,0,,,0,,0,0.0,,,,,,0,,,,,,,,,,,0
https://bm7au.com,,oldurls,Conn Aborted,0,2026-07-30 19:55:33,,,0.0,0,0,0,0,0,0,,,0,,0,0.0,,,,,,0,,,,,,,,,,,0
https://bmb99.com,,oldurls,Conn Aborted,5,2026-07-30 22:21:26,,,0.0,0,0,0,0,0,0,,,0,,0,0.0,,,,,,0,,,,,,,,,,,0
https://bn8aus.com,BN8,urls,OK,0,2026-08-05 13:25:16,,,0.0,0,0,0,0,0,0,,,0,,0,0.0,,,,,,0,,,,,,,,,,,0
https://bngplay7.net,BNGPLAY7,urls,OK,0,2026-08-05 13:21:14,,,0.0,0,0,0,0,0,0,,,0,,0,0.0,,,,,,0,,,,,,,,,,,0
https://bomspin.com,,oldurls,Timeout,0,2026-07-30 19:59:31,,,0.0,0,0,0,0,0,0,,,0,,0,0.0,,,,,,0,,,,,,,,,,,0
https://bondi333.com,BONDI333,urls,OK,0,2026-08-05 13:25:50,2026-07-20 00:47:02,2026-08-05 13:25:50,16.5,4,1,0,1,3,46.77,11.69,30.0,0.99,0.25,0,0.0,816.25,15.0,0.0,0.242,0.25,-1,40.0,801.25,83.734,0.0,0.25,0.25,0.0,1.62,0.182,0.06,0
https://bondibeachbet.com,BONDIBEACHBET,urls,OK,0,2026-08-05 13:27:34,,,0.0,0,0,0,0,0,0,,,0,,0,0.0,,,,,,0,,,,,,,,,,,0
https://bondibeachbet.com/RF300976971https://bonza96.com,BONDIBEACHBET,oldurls,Not Found,5,2026-07-30 20:35:48,,,0.0,0,0,0,0,0,0,,,0,,0,0.0,,,,,,0,,,,,,,,,,,0
https://bong21.com,,oldurls,Timeout,6,2026-07-30 22:22:07,,,0.0,0,0,0,0,0,0,,,0,,0,0.0,,,,,,0,,,,,,,,,,,0
https://bonsai369.com,,oldurls,Merchant Missing,5,2026-07-30 20:19:38,,,0.0,0,0,0,0,0,0,,,0,,0,0.0,,,,,,0,,,,,,,,,,,0
https://bonus96.com,Bonus96,urls,OK,0,2026-08-05 13:24:00,,,0.0,0,0,0,0,0,0,,,0,,0,0.0,,,,,,0,,,,,,,,,,,0
https://bonuswinau.com,,oldurls,Conn Aborted,7,2026-07-30 22:57:21,,,0.0,0,0,0,0,0,0,,,0,,0,0.0,,,,,,0,,,,,,,,,,,0
https://bonza7.com,Bonza7,urls,OK,0,2026-08-05 13:25:36,,,0.0,0,0,0,0,0,0,,,0,,0,0.0,,,,,,0,,,,,,,,,,,0
https://bonza96.com,Bonza96,urls,OK,0,2026-08-05 13:29:42,,,0.0,0,0,0,0,0,0,,,0,,0,0.0,,,,,,0,,,,,,,,,,,0
https://bonzaau.com,BONZAAU,urls,OK,0,2026-08-05 13:22:43,,,0.0,0,0,0,0,0,0,,,0,,0,0.0,,,,,,0,,,,,,,,,,,0
https://bonzbet.com,,oldurls,Conn Aborted,0,2026-07-30 19:20:45,,,0.0,0,0,0,0,0,0,,,0,,0,0.0,,,,,,0,,,,,,,,,,,0
https://boom966.com,,oldurls,Conn Aborted,6,2026-07-30 22:21:23,,,0.0,0,0,0,0,0,0,,,0,,0,0.0,,,,,,0,,,,,,,,,,,0
https://boombaby9.com,,oldurls,Timeout,0,2026-07-30 19:49:42,,,0.0,0,0,0,0,0,0,,,0,,0,0.0,,,,,,0,,,,,,,,,,,0
https://boomerangaus.com,BOOMERANG AUS,urls,OK,0,2026-08-05 13:27:19,,,0.0,0,0,0,0,0,0,,,0,,0,0.0,,,,,,0,,,,,,,,,,,0
https://boomerangbetscasino.com,BOOMERANG AUS,urls,OK,0,2026-08-05 13:24:38,,,0.0,0,0,0,0,0,0,,,0,,0,0.0,,,,,,0,,,,,,,,,,,0
https://boomerstakeaus.com,BOOMERSTAKEAUS,urls,OK,0,2026-08-05 13:27:57,,,0.0,0,0,0,0,0,0,,,0,,0,0.0,,,,,,0,,,,,,,,,,,0
https://booongo33.com,BOOONGO33 Casino Australia,urls,OK,0,2026-08-05 13:28:40,,,0.0,0,0,0,0,0,0,,,0,,0,0.0,,,,,,0,,,,,,,,,,,0
https://boss365au.com,,oldurls,Conn Aborted,5,2026-07-30 22:21:41,,,0.0,0,0,0,0,0,0,,,0,,0,0.0,,,,,,0,,,,,,,,,,,0
https://bossbabyau.com,,oldurls,Conn Aborted,6,2026-07-30 22:21:41,,,0.0,0,0,0,0,0,0,,,0,,0,0.0,,,,,,0,,,,,,,,,,,0
https://bountyspin.com,,oldurls,Conn Aborted,6,2026-07-30 22:22:22,,,0.0,0,0,0,0,0,0,,,0,,0,0.0,,,,,,0,,,,,,,,,,,0
https://boyabet9.com,BoyaBet9,urls,OK,0,2026-08-05 13:21:07,2026-07-20 00:47:03,2026-08-05 13:21:07,16.5,1,1,0,1,1,6.99,6.99,6.99,0.54,0.54,0,0.0,270.0,20.0,0.0,0.061,1.0,-1,40.1,250.0,38.627,0.0,0.54,0.54,0.0,16.52,0.061,0.03,0
https://bpay7.com,,oldurls,Conn Aborted,0,2026-07-30 19:25:20,,,0.0,0,0,0,0,0,0,,,0,,0,0.0,,,,,,0,,,,,,,,,,,0
https://br8aud.com,,oldurls,Conn Aborted,5,2026-07-30 22:22:35,,,0.0,0,0,0,0,0,0,,,0,,0,0.0,,,,,,0,,,,,,,,,,,0
https://br8aud.net,BR8,urls,OK,0,2026-08-05 13:26:35,2026-07-29 06:08:32,2026-08-05 13:26:35,7.3,2,2,0,2,1,10.0,5.0,8.0,0.48,0.24,0,0.0,363.0,20.0,0.0,0.274,1.0,-2,40.0,343.0,71.25,0.0,0.24,0.24,0.0,7.3,0.137,0.07,0
https://breakspin.com,,oldurls,Timeout,7,2026-07-30 22:57:47,,,0.0,0,0,0,0,0,0,,,0,,0,0.0,,,,,,0,,,,,,,,,,,0
https://breakwin.com,,oldurls,Conn Aborted,6,2026-07-30 22:21:56,,,0.0,0,0,0,0,0,0,,,0,,0,0.0,,,,,,0,,,,,,,,,,,0
https://brisbets.net,Heypokies,urls,OK,0,2026-08-05 13:26:35,,,0.0,0,0,0,0,0,0,,,0,,0,0.0,,,,,,0,,,,,,,,,,,0
https://brismelb6.co,,oldurls,Conn Aborted,0,2026-07-30 19:54:23,,,0.0,0,0,0,0,0,0,,,0,,0,0.0,,,,,,0,,,,,,,,,,,0
https://bs22au.com,BS22AU,urls,OK,0,2026-08-05 13:28:34,,,0.0,0,0,0,0,0,0,,,0,,0,0.0,,,,,,0,,,,,,,,,,,0
https://buffalo39a.com,,oldurls,Conn Aborted,6,2026-07-30 22:50:57,,,0.0,0,0,0,0,0,0,,,0,,0,0.0,,,,,,0,,,,,,,,,,,0
https://bunny96.com,Bunny96 (AUD),urls,OK,0,2026-08-05 13:25:58,2026-07-20 06:08:15,2026-08-05 13:25:58,16.3,1,1,0,1,1,9.6,9.6,9.6,0.17,0.17,0,0.0,960.0,19.6,0.0,0.061,1.0,-1,40.0,940.4,100.0,0.0,0.17,0.17,0.0,16.3,0.061,0.01,0
https://bx77au.com,Bx77au,urls,OK,0,2026-08-05 13:23:20,,,0.0,0,0,0,0,0,0,,,0,,0,0.0,,,,,,0,,,,,,,,,,,0
https://bx77aus.com,Bx77au,urls,OK,0,2026-08-05 13:23:48,,,0.0,0,0,0,0,0,0,,,0,,0,0.0,,,,,,0,,,,,,,,,,,0
https://bybid9.com,,oldurls,Conn Aborted,5,2026-07-30 22:22:38,,,0.0,0,0,0,0,0,0,,,0,,0,0.0,,,,,,0,,,,,,,,,,,0
https://call96.com,Call96,urls,OK,0,2026-08-05 13:28:16,,,0.0,0,0,0,0,0,0,,,0,,0,0.0,,,,,,0,,,,,,,,,,,0
https://candy96.com,CANDY96,urls,OK,0,2026-08-05 13:29:00,,,0.0,0,0,0,0,0,0,,,0,,0,0.0,,,,,,0,,,,,,,,,,,0
https://candylucks.net,,oldurls,Conn Aborted,0,2026-07-30 20:04:38,,,0.0,0,0,0,0,0,0,,,0,,0,0.0,,,,,,0,,,,,,,,,,,0
https://candymommy.co,CANDYMOMMY,urls,OK,0,2026-08-05 13:20:07,2026-07-20 00:47:05,2026-08-05 13:20:07,16.5,3,3,0,3,1,225.0,75.0,200.0,3.09,1.03,0,0.0,1566.67,11.67,0.0,0.182,1.0,-3,40.1,1555.0,27.778,0.0,1.03,1.03,0.0,16.52,0.061,0.19,0
https://candypokies.com,,oldurls,Timeout,0,2026-07-30 20:01:05,,,0.0,0,0,0,0,0,0,,,0,,0,0.0,,,,,,0,,,,,,,,,,,0
https://cannabisaud.com,,oldurls,Merchant Missing,0,2026-07-30 20:00:20,,,0.0,0,0,0,0,0,0,,,0,,0,0.0,,,,,,0,,,,,,,,,,,0
https://cashaud.co,,oldurls,Error,5,2026-07-30 20:45:43,,,0.0,0,0,0,0,0,0,,,0,,0,0.0,,,,,,0,,,,,,,,,,,0
https://cashking99.com,,oldurls,Conn Aborted,5,2026-07-30 22:22:51,,,0.0,0,0,0,0,0,0,,,0,,0,0.0,,,,,,0,,,,,,,,,,,0
https://cashnet99.com,CASHNET,urls,OK,0,2026-08-05 13:27:06,2026-07-20 00:47:06,2026-08-05 13:28:05,16.5,8,5,0,5,4,41.28,5.16,28.88,122.82,15.35,1,4.0,111.0,146.25,0.0,0.484,0.625,-5,40.0,102.57,692.897,0.0,15.35,15.35,0.097,9.83,0.242,7.43,0
https://cashpokies.com,CashPokies,urls,OK,0,2026-08-05 13:22:46,,,0.0,0,0,0,0,0,0,,,0,,0,0.0,,,,,,0,,,,,,,,,,,0
https://cbr8aus.com,CBR8,urls,OK,0,2026-08-05 13:27:03,2026-07-21 19:22:00,2026-08-05 13:27:03,14.8,2,1,0,1,2,67.02,33.51,64.14,117.49,58.75,1,64.14,100.0,204.0,0.0,0.136,0.5,-1,40.0,180.0,34.722,0.0,58.75,58.75,0.957,7.65,0.136,7.96,0
https://cellspin96.com,,oldurls,Conn Aborted,5,2026-07-30 22:22:17,,,0.0,0,0,0,0,0,0,,,0,,0,0.0,,,,,,0,,,,,,,,,,,0
https://centuryplay.us,,oldurls,Conn Aborted,0,2026-07-30 19:53:56,,,0.0,0,0,0,0,0,0,,,0,,0,0.0,,,,,,0,,,,,,,,,,,0
https://cergas.online,CERGASBET,oldurls,Merchant Missing,6,2026-07-30 22:57:26,2026-07-20 00:47:02,2026-07-20 00:47:02,10.9,3,0,0,0,1,18.0,6.0,10.0,3.78,1.26,0,0.0,100.0,10.0,0.0,0.275,0.0,0,436.7,90.0,21.111,0.0,1.26,1.26,0.0,0.0,0.092,0.35,0
https://champion9.com,Champion9 Customer Service,urls,OK,0,2026-08-05 13:20:42,,,0.0,0,0,0,0,0,0,,,0,,0,0.0,,,,,,0,,,,,,,,,,,0
https://check-in77.com,Checkin777,urls,OK,0,2026-08-05 13:28:28,,,0.0,0,0,0,0,0,0,,,0,,0,0.0,,,,,,0,,,,,,,,,,,0
https://checkmate7.com,,oldurls,Error,5,2026-07-30 20:51:56,,,0.0,0,0,0,0,0,0,,,0,,0,0.0,,,,,,0,,,,,,,,,,,0
https://clash2win.com,CLASH2WIN,urls,OK,0,2026-08-05 13:24:22,2026-07-29 04:11:12,2026-08-05 13:24:22,7.4,4,2,0,2,2,406.0,101.5,288.0,23.8,5.95,0,0.0,913.5,15.0,0.0,0.542,0.5,-2,40.0,898.5,8.25,0.0,5.95,5.95,0.0,3.69,0.271,3.22,0
https://class777.com,,oldurls,Merchant Missing,5,2026-07-30 20:35:31,,,0.0,0,0,0,0,0,0,,,0,,0,0.0,,,,,,0,,,,,,,,,,,0
https://click96.com,,oldurls,Merchant Missing,5,2026-07-30 19:30:12,,,0.0,0,0,0,0,0,0,,,0,,0,0.0,,,,,,0,,,,,,,,,,,0
https://clownwin.com,,oldurls,Merchant Missing,5,2026-07-30 20:22:06,,,0.0,0,0,0,0,0,0,,,0,,0,0.0,,,,,,0,,,,,,,,,,,0
https://clubimperioaus.com,Club Imperio Aus,urls,OK,0,2026-08-05 13:25:26,2026-07-20 00:47:08,2026-08-05 13:25:26,16.5,1,1,0,1,1,1.0,1.0,1.0,0.1,0.1,0,0.0,138.0,20.0,0.0,0.061,1.0,-1,40.0,118.0,138.0,0.0,0.1,0.1,0.0,16.53,0.061,0.01,0
https://cn8au.com,,oldurls,Conn Aborted,5,2026-07-30 22:22:11,,,0.0,0,0,0,0,0,0,,,0,,0,0.0,,,,,,0,,,,,,,,,,,0
https://cobber96.com,,oldurls,Error,5,2026-07-30 20:32:54,,,0.0,0,0,0,0,0,0,,,0,,0,0.0,,,,,,0,,,,,,,,,,,0
https://cocainespin.com,,oldurls,Timeout,6,2026-07-30 22:23:18,,,0.0,0,0,0,0,0,0,,,0,,0,0.0,,,,,,0,,,,,,,,,,,0
https://cocspin.com,,oldurls,Merchant Missing,5,2026-07-30 20:40:12,,,0.0,0,0,0,0,0,0,,,0,,0,0.0,,,,,,0,,,,,,,,,,,0
https://cola88au.co,,oldurls,Conn Aborted,5,2026-07-30 22:23:07,,,0.0,0,0,0,0,0,0,,,0,,0,0.0,,,,,,0,,,,,,,,,,,0
https://coospin.com,,oldurls,Merchant Missing,5,2026-07-30 20:48:49,,,0.0,0,0,0,0,0,0,,,0,,0,0.0,,,,,,0,,,,,,,,,,,0
https://coralcrownbet.com,,oldurls,Conn Aborted,7,2026-07-30 22:57:21,,,0.0,0,0,0,0,0,0,,,0,,0,0.0,,,,,,0,,,,,,,,,,,0
https://cosmojack.net,COSMOJACK,urls,OK,0,2026-08-05 13:27:13,,,0.0,0,0,0,0,0,0,,,0,,0,0.0,,,,,,0,,,,,,,,,,,0
https://cp2077.org,,oldurls,Error,5,2026-07-30 20:28:12,,,0.0,0,0,0,0,0,0,,,0,,0,0.0,,,,,,0,,,,,,,,,,,0
https://cr33au.co,CR33,urls,OK,0,2026-08-05 13:24:59,,,0.0,0,0,0,0,0,0,,,0,,0,0.0,,,,,,0,,,,,,,,,,,0
https://cr33au.com,CR33,urls,OK,0,2026-08-05 13:20:08,2026-07-20 08:07:24,2026-08-05 13:24:59,16.2,2,2,0,2,1,3398.0,1699.0,3200.0,41.73,20.87,0,0.0,32119.0,12.5,0.0,0.123,1.0,-2,40.0,32106.5,10.601,0.0,20.87,20.87,0.0,16.22,0.062,2.57,0
https://crackspin.com,,oldurls,Merchant Missing,5,2026-07-30 22:22:33,,,0.0,0,0,0,0,0,0,,,0,,0,0.0,,,,,,0,,,,,,,,,,,0
https://crazyaus.net,,oldurls,Merchant Missing,5,2026-07-30 20:26:39,,,0.0,0,0,0,0,0,0,,,0,,0,0.0,,,,,,0,,,,,,,,,,,0
https://creampokies.com,,oldurls,Merchant Missing,5,2026-07-30 20:25:26,,,0.0,0,0,0,0,0,0,,,0,,0,0.0,,,,,,0,,,,,,,,,,,0
https://crikey7.com,Crikey7,urls,OK,0,2026-08-05 13:20:44,,,0.0,0,0,0,0,0,0,,,0,,0,0.0,,,,,,0,,,,,,,,,,,0
https://crn7.com,CRN7,urls,OK,0,2026-08-05 13:29:27,,,0.0,0,0,0,0,0,0,,,0,,0,0.0,,,,,,0,,,,,,,,,,,0
https://crown155au.com,Original Crownzo Online Casino Australia,urls,OK,0,2026-08-05 13:27:26,2026-07-20 03:00:10,2026-08-05 13:27:26,16.4,1,1,0,1,1,58.0,58.0,58.0,2.01,2.01,0,0.0,870.0,20.0,0.0,0.061,1.0,-1,40.0,850.0,15.0,0.0,2.01,2.01,0.0,16.44,0.061,0.12,0
https://crown69.co,CROWN69,urls,OK,0,2026-08-05 13:21:27,2026-07-20 06:08:54,2026-07-20 06:08:54,16.3,5,0,0,0,1,2150.0,430.0,740.0,288.6,57.72,0,0.0,813.6,64.18,0.0,0.307,0.0,0,431.3,749.42,30.96,0.0,57.72,57.72,0.0,0.0,0.061,17.71,0
https://crown69.com,,oldurls,Conn Aborted,6,2026-07-30 22:22:27,,,0.0,0,0,0,0,0,0,,,0,,0,0.0,,,,,,0,,,,,,,,,,,0
https://crown76au.com,CROWN76,urls,OK,0,2026-08-05 13:24:13,,,0.0,0,0,0,0,0,0,,,0,,0,0.0,,,,,,0,,,,,,,,,,,0
https://crown76au.vip,CROWN76,urls,OK,0,2026-08-05 13:20:36,,,0.0,0,0,0,0,0,0,,,0,,0,0.0,,,,,,0,,,,,,,,,,,0
https://crown777au.com,Crown777,urls,OK,0,2026-08-05 13:27:47,2026-07-27 15:15:42,2026-08-03 08:15:55,6.7,1,0,0,0,1,27.77,27.77,27.77,1.75,1.75,0,0.0,550.0,50.0,0.0,0.149,0.0,0,93.2,500.0,19.806,0.0,1.75,1.75,0.0,6.71,0.149,0.26,0
https://crownbet.pro,,oldurls,Error,5,2026-07-30 20:49:46,,,0.0,0,0,0,0,0,0,,,0,,0,0.0,,,,,,0,,,,,,,,,,,0
https://crownbetking.com,CROWNBETKING,urls,OK,0,2026-08-05 13:26:30,,,0.0,0,0,0,0,0,0,,,0,,0,0.0,,,,,,0,,,,,,,,,,,0
https://crowncasino.fun,,oldurls,Merchant Missing,5,2026-07-30 19:47:31,,,0.0,0,0,0,0,0,0,,,0,,0,0.0,,,,,,0,,,,,,,,,,,0
https://crystalchips777.com,,oldurls,Conn Aborted,5,2026-07-30 22:23:33,,,0.0,0,0,0,0,0,0,,,0,,0,0.0,,,,,,0,,,,,,,,,,,0
https://cuntaus.com,,oldurls,Merchant Missing,5,2026-07-30 20:50:56,,,0.0,0,0,0,0,0,0,,,0,,0,0.0,,,,,,0,,,,,,,,,,,0
https://cuntboom.com,,oldurls,Conn Aborted,0,2026-07-30 19:52:57,,,0.0,0,0,0,0,0,0,,,0,,0,0.0,,,,,,0,,,,,,,,,,,0
https://cuntcunt.com,,oldurls,Blocked,5,2026-07-30 20:57:48,,,0.0,0,0,0,0,0,0,,,0,,0,0.0,,,,,,0,,,,,,,,,,,0
https://cunthaus.com,CUNTHAUS,urls,OK,0,2026-08-05 13:27:59,,,0.0,0,0,0,0,0,0,,,0,,0,0.0,,,,,,0,,,,,,,,,,,0
https://cuntsick.com,CUNTSICK,urls,OK,0,2026-08-05 13:28:37,,,0.0,0,0,0,0,0,0,,,0,,0,0.0,,,,,,0,,,,,,,,,,,0
https://cuntspin.com,,oldurls,Conn Aborted,6,2026-07-30 22:57:36,,,0.0,0,0,0,0,0,0,,,0,,0,0.0,,,,,,0,,,,,,,,,,,0
https://cuntwin.com,CuntWin,urls,OK,0,2026-08-05 13:28:30,,,0.0,0,0,0,0,0,0,,,0,,0,0.0,,,,,,0,,,,,,,,,,,0
https://cyberbet77.com,CYBERBET77,urls,OK,0,2026-08-05 13:26:44,2026-07-20 00:47:04,2026-08-05 13:26:44,16.5,3,1,0,1,2,12.0,4.0,5.0,125.16,41.72,1,5.0,40.0,319.33,0.0,0.182,0.333,-1,40.0,25.0,18.0,0.0,41.72,41.72,0.417,5.51,0.121,7.57,0
https://cyberpunk369.com,CYBERPUNK369,urls,OK,0,2026-08-05 13:27:50,2026-07-20 00:47:12,2026-08-05 13:27:50,16.5,8,4,0,4,4,155.0,19.38,88.0,12.5,1.56,0,0.0,200.0,7.26,0.0,0.484,0.5,-4,40.0,192.74,15.331,0.0,1.56,1.56,0.0,7.99,0.242,0.76,0
https://dangspin.com,,oldurls,Merchant Missing,5,2026-07-30 19:42:42,,,0.0,0,0,0,0,0,0,,,0,,0,0.0,,,,,,0,,,,,,,,,,,0
https://day2spin.com,,oldurls,Conn Aborted,6,2026-07-30 22:22:53,,,0.0,0,0,0,0,0,0,,,0,,0,0.0,,,,,,0,,,,,,,,,,,0
https://dd8au.com,DD8AU,urls,OK,0,2026-08-05 13:21:53,2026-07-20 00:47:10,2026-08-05 13:21:53,16.5,2,1,0,1,2,515.0,257.5,500.0,39.02,19.51,0,0.0,5015.0,80.0,0.0,0.121,0.5,-1,40.1,4935.0,11.0,0.0,19.51,19.51,0.0,8.26,0.121,2.36,0
https://dd8au.com/DD8210679320,DD8AU,oldurls,Not Found,5,2026-07-30 19:23:20,,,0.0,0,0,0,0,0,0,,,0,,0,0.0,,,,,,0,,,,,,,,,,,0
https://dealau.club,DEALAU,urls,OK,0,2026-08-05 13:26:43,,,0.0,0,0,0,0,0,0,,,0,,0,0.0,,,,,,0,,,,,,,,,,,0
https://decho34.com,Decho34,urls,OK,0,2026-08-05 13:26:49,2026-07-20 03:00:10,2026-08-05 13:26:49,16.4,3,3,0,3,1,50.0,16.67,34.0,4.08,1.36,0,0.0,373.33,22.0,0.0,0.183,1.0,-3,40.0,351.33,38.0,0.0,1.36,1.36,0.0,11.94,0.061,0.25,0
https://deep668.co,,oldurls,Error,5,2026-07-30 20:48:31,,,0.0,0,0,0,0,0,0,,,0,,0,0.0,,,,,,0,,,,,,,,,,,0
https://deespin.com,DeeSpin,urls,OK,0,2026-08-05 13:26:12,,,0.0,0,0,0,0,0,0,,,0,,0,0.0,,,,,,0,,,,,,,,,,,0
https://devegas99.com,,oldurls,Merchant Missing,5,2026-07-30 20:03:59,,,0.0,0,0,0,0,0,0,,,0,,0,0.0,,,,,,0,,,,,,,,,,,0
https://dg6au.com,,oldurls,Merchant Missing,5,2026-07-30 19:31:30,,,0.0,0,0,0,0,0,0,,,0,,0,0.0,,,,,,0,,,,,,,,,,,0
https://diamondaud.com,DIAMONDAUD,urls,OK,0,2026-08-05 13:22:07,2026-07-20 00:47:08,2026-08-05 13:22:07,16.5,2,1,0,1,2,40.0,20.0,30.0,0.81,0.41,0,0.0,800.0,10.0,0.0,0.121,0.5,-1,40.1,790.0,46.667,0.0,0.41,0.41,0.0,8.26,0.121,0.05,0
https://diceau.online,SOLIDLUCK33,oldurls,Error,5,2026-07-30 20:21:10,,,0.0,0,0,0,0,0,0,,,0,,0,0.0,,,,,,0,,,,,,,,,,,0
https://dickwin.com,,oldurls,Timeout,6,2026-07-30 22:23:11,,,0.0,0,0,0,0,0,0,,,0,,0,0.0,,,,,,0,,,,,,,,,,,0
https://dinkydibets.com,DinkyDiBets,urls,OK,0,2026-08-05 13:21:24,,,0.0,0,0,0,0,0,0,,,0,,0,0.0,,,,,,0,,,,,,,,,,,0
https://dinkydidolla.com,,oldurls,Conn Aborted,5,2026-07-30 22:22:43,,,0.0,0,0,0,0,0,0,,,0,,0,0.0,,,,,,0,,,,,,,,,,,0
https://dns33.com,DNS33,urls,OK,0,2026-08-05 13:29:16,2026-07-20 03:00:11,2026-08-05 13:29:16,16.4,1,1,0,1,1,8.0,8.0,8.0,0.84,0.84,0,0.0,240.0,30.0,0.0,0.061,1.0,-1,40.0,210.0,30.0,0.0,0.84,0.84,0.0,16.44,0.061,0.05,0
https://dogdog11.com,,oldurls,Timeout,0,2026-07-30 20:16:19,,,0.0,0,0,0,0,0,0,,,0,,0,0.0,,,,,,0,,,,,,,,,,,0
https://dolphin88.co,Dolphin88,urls,OK,0,2026-08-05 13:22:16,2026-07-20 12:34:57,2026-08-05 13:22:16,16.0,3,3,0,3,1,129.76,43.25,50.0,6.07,2.02,0,0.0,992.0,9.2,0.0,0.187,1.0,-3,40.1,982.8,24.276,0.0,2.02,2.02,0.0,16.03,0.062,0.38,0
https://donaldwin.com,,oldurls,Conn Aborted,0,2026-07-30 20:02:16,,,0.0,0,0,0,0,0,0,,,0,,0,0.0,,,,,,0,,,,,,,,,,,0
https://dorkspin.com,,oldurls,Merchant Missing,5,2026-07-30 20:55:06,,,0.0,0,0,0,0,0,0,,,0,,0,0.0,,,,,,0,,,,,,,,,,,0
https://double9.org,,oldurls,Merchant Missing,5,2026-07-30 19:37:31,,,0.0,0,0,0,0,0,0,,,0,,0,0.0,,,,,,0,,,,,,,,,,,0
https://dowin8aus.com,,oldurls,Conn Aborted,5,2026-07-30 22:23:48,,,0.0,0,0,0,0,0,0,,,0,,0,0.0,,,,,,0,,,,,,,,,,,0
https://dragonball68.com,,oldurls,Conn Aborted,5,2026-07-30 22:23:37,,,0.0,0,0,0,0,0,0,,,0,,0,0.0,,,,,,0,,,,,,,,,,,0
https://dreamworldau.com,,oldurls,Conn Aborted,0,2026-07-30 19:27:22,,,0.0,0,0,0,0,0,0,,,0,,0,0.0,,,,,,0,,,,,,,,,,,0
https://drift668.co,,oldurls,Conn Aborted,5,2026-07-30 22:23:09,,,0.0,0,0,0,0,0,0,,,0,,0,0.0,,,,,,0,,,,,,,,,,,0
https://drongobet.com,,oldurls,Conn Aborted,5,2026-07-30 22:23:26,,,0.0,0,0,0,0,0,0,,,0,,0,0.0,,,,,,0,,,,,,,,,,,0
https://drpokies.com,,oldurls,Conn Aborted,0,2026-07-30 19:31:59,,,0.0,0,0,0,0,0,0,,,0,,0,0.0,,,,,,0,,,,,,,,,,,0
https://drunkspin.com,,oldurls,Conn Aborted,5,2026-07-30 22:23:00,,,0.0,0,0,0,0,0,0,,,0,,0,0.0,,,,,,0,,,,,,,,,,,0
https://dsyaus.com,DSY WIN,urls,OK,0,2026-08-05 13:25:47,,,0.0,0,0,0,0,0,0,,,0,,0,0.0,,,,,,0,,,,,,,,,,,0
https://duckyluckaus.com,,oldurls,Conn Aborted,0,2026-07-30 20:08:48,,,0.0,0,0,0,0,0,0,,,0,,0,0.0,,,,,,0,,,,,,,,,,,0
https://e77au.com,,oldurls,Conn Aborted,7,2026-07-30 22:58:02,,,0.0,0,0,0,0,0,0,,,0,,0,0.0,,,,,,0,,,,,,,,,,,0
https://e99au.com,,oldurls,Code 530,5,2026-07-30 20:25:55,,,0.0,0,0,0,0,0,0,,,0,,0,0.0,,,,,,0,,,,,,,,,,,0
https://ea99aud.com,,oldurls,Conn Aborted,0,2026-07-30 19:51:30,,,0.0,0,0,0,0,0,0,,,0,,0,0.0,,,,,,0,,,,,,,,,,,0
https://ebet9au.com,,oldurls,Error,5,2026-07-30 20:58:52,,,0.0,0,0,0,0,0,0,,,0,,0,0.0,,,,,,0,,,,,,,,,,,0
https://eckyspin.net,,oldurls,Conn Aborted,6,2026-07-30 22:23:52,,,0.0,0,0,0,0,0,0,,,0,,0,0.0,,,,,,0,,,,,,,,,,,0
https://ecl9.com,ECL9,urls,OK,0,2026-08-05 13:24:08,,,0.0,0,0,0,0,0,0,,,0,,0,0.0,,,,,,0,,,,,,,,,,,0
https://ecstasybaby.com,,oldurls,Conn Aborted,6,2026-07-30 22:23:25,,,0.0,0,0,0,0,0,0,,,0,,0,0.0,,,,,,0,,,,,,,,,,,0
https://edenn21.com,,oldurls,Merchant Missing,5,2026-07-30 20:50:38,,,0.0,0,0,0,0,0,0,,,0,,0,0.0,,,,,,0,,,,,,,,,,,0
https://eebet9.com,EEBET9,urls,OK,0,2026-08-05 13:20:57,2026-07-20 00:47:13,2026-08-05 13:20:57,16.5,1,1,0,1,1,5.0,5.0,5.0,1.2,1.2,0,0.0,100.0,20.0,0.0,0.061,1.0,-1,40.1,80.0,20.0,0.0,1.2,1.2,0.0,16.52,0.061,0.07,0
https://efa777.com,,oldurls,Conn Aborted,6,2026-07-30 22:23:42,,,0.0,0,0,0,0,0,0,,,0,,0,0.0,,,,,,0,,,,,,,,,,,0
https://efa99aus.com,,oldurls,Error,5,2026-07-30 19:28:21,,,0.0,0,0,0,0,0,0,,,0,,0,0.0,,,,,,0,,,,,,,,,,,0
https://efa9aud.com,EFA9AU,urls,OK,0,2026-08-05 13:27:08,,,0.0,0,0,0,0,0,0,,,0,,0,0.0,,,,,,0,,,,,,,,,,,0
https://emax7.co,EMAX7,urls,OK,0,2026-08-05 13:23:50,2026-07-20 00:47:17,2026-08-05 13:23:50,16.5,2,2,0,2,1,9.77,4.88,7.77,0.48,0.24,0,0.0,357.0,20.0,0.0,0.121,1.0,-2,40.0,337.0,71.38,0.0,0.24,0.24,0.0,16.53,0.061,0.03,0
https://emperor9.com,,oldurls,Merchant Missing,6,2026-07-30 22:51:15,,,0.0,0,0,0,0,0,0,,,0,,0,0.0,,,,,,0,,,,,,,,,,,0
https://emu668.co,,oldurls,Error,5,2026-07-30 21:02:47,,,0.0,0,0,0,0,0,0,,,0,,0,0.0,,,,,,0,,,,,,,,,,,0
https://enjoy007.com,,oldurls,Merchant Missing,5,2026-07-30 19:23:48,,,0.0,0,0,0,0,0,0,,,0,,0,0.0,,,,,,0,,,,,,,,,,,0
https://enjoy2aus.com,Enjoy2AUS,urls,OK,0,2026-08-05 13:27:44,2026-07-20 00:47:13,2026-08-05 13:27:44,16.5,1,1,0,1,1,1.0,1.0,1.0,0.09,0.09,0,0.0,150.0,20.0,0.0,0.061,1.0,-1,40.0,130.0,150.0,0.0,0.09,0.09,0.0,16.53,0.061,0.01,0
https://enjoy2win99.com,,oldurls,Timeout,0,2026-07-30 20:11:02,,,0.0,0,0,0,0,0,0,,,0,,0,0.0,,,,,,0,,,,,,,,,,,0
https://enjoy33.vip,Enjoy33,urls,OK,0,2026-08-05 13:28:42,,,0.0,0,0,0,0,0,0,,,0,,0,0.0,,,,,,0,,,,,,,,,,,0
https://enjoy96.com,Enjoy96,urls,OK,0,2026-08-05 13:20:32,,,0.0,0,0,0,0,0,0,,,0,,0,0.0,,,,,,0,,,,,,,,,,,0
https://epay9.net,,oldurls,Conn Aborted,0,2026-07-30 20:13:41,,,0.0,0,0,0,0,0,0,,,0,,0,0.0,,,,,,0,,,,,,,,,,,0
https://epicpokie.com,EPICPOKIES,urls,OK,0,2026-08-05 13:29:04,,,0.0,0,0,0,0,0,0,,,0,,0,0.0,,,,,,0,,,,,,,,,,,0
https://epicpokies.asia,EPICPOKIES,oldurls,Method Not Allowed,5,2026-07-30 19:43:19,,,0.0,0,0,0,0,0,0,,,0,,0,0.0,,,,,,0,,,,,,,,,,,0
https://epicpokies.com,EPICPOKIES,urls,OK,0,2026-08-05 13:24:25,2026-07-20 00:47:13,2026-08-05 13:29:04,16.5,3,2,0,2,2,550.0,183.33,400.0,0.68,0.23,0,0.0,22666.67,108.0,0.0,0.181,0.667,-2,40.0,22558.67,140.0,0.0,0.23,0.23,0.0,8.61,0.121,0.04,0
https://epicstar6.com,,oldurls,Conn Aborted,6,2026-07-30 22:24:18,,,0.0,0,0,0,0,0,0,,,0,,0,0.0,,,,,,0,,,,,,,,,,,0
https://eq9au.com,EQ9,oldurls,Conn Aborted,1,2026-07-31 09:10:16,,,0.0,0,0,0,0,0,0,,,0,,0,0.0,,,,,,0,,,,,,,,,,,0
https://ev88.is,EV88,oldurls,Merchant Missing,24,2026-08-03 15:39:12,,,0.0,0,0,0,0,0,0,,,0,,0,0.0,,,,,,0,,,,,,,,,,,0
https://everwin44.com,,oldurls,Merchant Missing,5,2026-07-30 20:26:08,,,0.0,0,0,0,0,0,0,,,0,,0,0.0,,,,,,0,,,,,,,,,,,0
https://eway7.com,,oldurls,Conn Aborted,5,2026-07-30 22:24:06,,,0.0,0,0,0,0,0,0,,,0,,0,0.0,,,,,,0,,,,,,,,,,,0
https://eway7.com/EWAY7273A0708A,,oldurls,Conn Aborted,6,2026-07-30 22:23:40,,,0.0,0,0,0,0,0,0,,,0,,0,0.0,,,,,,0,,,,,,,,,,,0
https://ex77au.com,,oldurls,Error,6,2026-07-30 22:23:59,,,0.0,0,0,0,0,0,0,,,0,,0,0.0,,,,,,0,,,,,,,,,,,0
https://expireddomains.com,,oldurls,Blocked,5,2026-07-30 20:52:09,,,0.0,0,0,0,0,0,0,,,0,,0,0.0,,,,,,0,,,,,,,,,,,0
https://extrawin9.com,,oldurls,Conn Aborted,5,2026-07-30 22:23:35,,,0.0,0,0,0,0,0,0,,,0,,0,0.0,,,,,,0,,,,,,,,,,,0
https://ezaud.com,EzAud (AUD),urls,OK,0,2026-08-05 13:24:29,2026-07-20 00:47:12,2026-08-05 13:24:29,16.5,2,2,0,2,1,25.0,12.5,15.0,2.73,1.36,0,0.0,225.0,17.5,0.0,0.121,1.0,-2,40.0,207.5,18.333,0.0,1.36,1.36,0.0,16.53,0.061,0.17,0
https://ezbet66.com,,oldurls,Timeout,7,2026-07-30 22:58:08,,,0.0,0,0,0,0,0,0,,,0,,0,0.0,,,,,,0,,,,,,,,,,,0
https://ezbet66.com/EZ2A86380,,oldurls,Not Found,5,2026-07-30 22:24:24,,,0.0,0,0,0,0,0,0,,,0,,0,0.0,,,,,,0,,,,,,,,,,,0
https://ezspin68.vip,Ezspin68,urls,OK,0,2026-08-05 13:22:14,2026-07-20 00:47:18,2026-08-05 13:22:14,16.5,2,2,0,2,1,208.99,104.5,199.0,2.97,1.49,0,0.0,1494.5,10.0,0.0,0.121,1.0,-2,40.1,1484.5,55.0,0.0,1.49,1.49,0.0,16.52,0.061,0.18,0
https://f1spin.com,,oldurls,Blocked,5,2026-07-30 19:28:39,,,0.0,0,0,0,0,0,0,,,0,,0,0.0,,,,,,0,,,,,,,,,,,0
https://f88spins.com,F88Spins,urls,OK,0,2026-08-05 13:21:20,,,0.0,0,0,0,0,0,0,,,0,,0,0.0,,,,,,0,,,,,,,,,,,0
https://f9spin.com,,oldurls,Conn Aborted,0,2026-07-30 19:32:25,,,0.0,0,0,0,0,0,0,,,0,,0,0.0,,,,,,0,,,,,,,,,,,0
https://fafaau.com,,oldurls,Timeout,0,2026-07-30 19:58:31,,,0.0,0,0,0,0,0,0,,,0,,0,0.0,,,,,,0,,,,,,,,,,,0
https://fafaau.com/FAFA7517713,,oldurls,Timeout,6,2026-07-30 22:24:19,,,0.0,0,0,0,0,0,0,,,0,,0,0.0,,,,,,0,,,,,,,,,,,0
https://fafaau.org,,oldurls,Timeout,6,2026-07-30 22:24:38,,,0.0,0,0,0,0,0,0,,,0,,0,0.0,,,,,,0,,,,,,,,,,,0
https://fafabet9.com,Fafabet9,urls,OK,0,2026-08-05 13:24:24,2026-07-27 20:50:32,2026-07-27 20:50:32,8.7,1,0,0,0,1,2.53,2.53,2.53,108.69,108.69,1,2.53,0.0,888.0,0.0,0.115,0.0,0,248.6,,0.0,0.0,108.69,108.69,1.0,0.0,0.115,12.51,0
https://fafawinau.com,Fafawin,urls,OK,0,2026-08-05 13:27:00,,,0.0,0,0,0,0,0,0,,,0,,0,0.0,,,,,,0,,,,,,,,,,,0
https://fairdinkumbets.com,FairDinkumBets,urls,OK,0,2026-08-05 13:26:06,,,0.0,0,0,0,0,0,0,,,0,,0,0.0,,,,,,0,,,,,,,,,,,0
https://fairdinkumplay9.com,Fairdinkumplay9,urls,OK,0,2026-08-05 13:22:34,,,0.0,0,0,0,0,0,0,,,0,,0,0.0,,,,,,0,,,,,,,,,,,0
https://fairdinkumspins.com,,oldurls,Conn Aborted,0,2026-07-30 19:22:32,,,0.0,0,0,0,0,0,0,,,0,,0,0.0,,,,,,0,,,,,,,,,,,0
https://fairgo77.com,FAIRGO77,urls,OK,0,2026-08-05 13:23:44,,,0.0,0,0,0,0,0,0,,,0,,0,0.0,,,,,,0,,,,,,,,,,,0
https://fairgobets.net,Fairgobets,urls,OK,0,2026-08-05 13:20:49,,,0.0,0,0,0,0,0,0,,,0,,0,0.0,,,,,,0,,,,,,,,,,,0
https://fairspin.asia,FAIRSPINAUS,urls,OK,0,2026-08-05 13:23:15,,,0.0,0,0,0,0,0,0,,,0,,0,0.0,,,,,,0,,,,,,,,,,,0
https://fantasy33.com,,oldurls,Merchant Missing,5,2026-07-30 20:42:23,,,0.0,0,0,0,0,0,0,,,0,,0,0.0,,,,,,0,,,,,,,,,,,0
https://faraday.in,,oldurls,Merchant Missing,5,2026-07-30 20:55:23,,,0.0,0,0,0,0,0,0,,,0,,0,0.0,,,,,,0,,,,,,,,,,,0
https://fastau.co,,oldurls,Error,5,2026-07-30 22:23:51,,,0.0,0,0,0,0,0,0,,,0,,0,0.0,,,,,,0,,,,,,,,,,,0
https://fastaud.com,FASTAUD,urls,OK,0,2026-08-05 13:29:32,,,0.0,0,0,0,0,0,0,,,0,,0,0.0,,,,,,0,,,,,,,,,,,0
https://fastpay9.com,Fastpay9 (AUD),urls,OK,0,2026-08-05 13:20:22,,,0.0,0,0,0,0,0,0,,,0,,0,0.0,,,,,,0,,,,,,,,,,,0
https://fastslotsau.com,,oldurls,Merchant Missing,5,2026-07-30 20:24:19,,,0.0,0,0,0,0,0,0,,,0,,0,0.0,,,,,,0,,,,,,,,,,,0
https://fastspeedau.com,,oldurls,Conn Aborted,5,2026-07-30 22:25:14,,,0.0,0,0,0,0,0,0,,,0,,0,0.0,,,,,,0,,,,,,,,,,,0
https://fastspin99.com,FastSpin99,urls,OK,0,2026-08-05 13:27:24,,,0.0,0,0,0,0,0,0,,,0,,0,0.0,,,,,,0,,,,,,,,,,,0
https://fastspin99.com/TW188368651,FastSpin99,oldurls,Not Found,5,2026-07-30 19:29:19,,,0.0,0,0,0,0,0,0,,,0,,0,0.0,,,,,,0,,,,,,,,,,,0
https://fatchoy66.club,Fatchoy66 Online Pokies | AtmosGroup Partnership,urls,OK,0,2026-08-05 13:27:23,,,0.0,0,0,0,0,0,0,,,0,,0,0.0,,,,,,0,,,,,,,,,,,0
https://fatdog9.com,,oldurls,Conn Aborted,5,2026-07-30 22:24:38,,,0.0,0,0,0,0,0,0,,,0,,0,0.0,,,,,,0,,,,,,,,,,,0
https://fc8au.com,FC8AU,urls,OK,0,2026-08-05 13:25:53,2026-07-20 00:47:18,2026-08-05 13:25:53,16.5,1,1,0,1,1,500.0,500.0,500.0,1.26,1.26,0,0.0,10000.0,10.0,0.0,0.061,1.0,-1,40.0,9990.0,20.0,0.0,1.26,1.26,0.0,16.53,0.061,0.08,0
https://fendipokies.com,,oldurls,Conn Aborted,7,2026-07-30 22:57:35,,,0.0,0,0,0,0,0,0,,,0,,0,0.0,,,,,,0,,,,,,,,,,,0
https://ff29.co,FF29,urls,OK,0,2026-08-05 13:26:17,,,0.0,0,0,0,0,0,0,,,0,,0,0.0,,,,,,0,,,,,,,,,,,0
https://ff96.co,FF96,urls,OK,0,2026-08-05 13:23:10,,,0.0,0,0,0,0,0,0,,,0,,0,0.0,,,,,,0,,,,,,,,,,,0
https://ff96au.com,FF96,urls,OK,0,2026-08-05 13:22:22,2026-07-20 03:00:15,2026-07-20 03:00:15,16.4,1,0,0,0,1,5.0,5.0,5.0,115.18,115.18,1,5.0,0.0,1000.0,0.0,0.061,0.0,0,434.4,,0.0,0.0,115.18,115.18,1.0,0.0,0.061,7.01,0
https://fight22.com,FIGHT22,urls,OK,0,2026-08-05 13:25:31,,,0.0,0,0,0,0,0,0,,,0,,0,0.0,,,,,,0,,,,,,,,,,,0
https://fightspin.net,,oldurls,Error,5,2026-07-30 19:40:14,,,0.0,0,0,0,0,0,0,,,0,,0,0.0,,,,,,0,,,,,,,,,,,0
https://finaplay.com,,oldurls,Timeout,6,2026-07-30 22:26:28,,,0.0,0,0,0,0,0,0,,,0,,0,0.0,,,,,,0,,,,,,,,,,,0
https://fipau.online,TAXIS33 - VIP Platform,oldurls,Error,5,2026-07-30 19:25:53,,,0.0,0,0,0,0,0,0,,,0,,0,0.0,,,,,,0,,,,,,,,,,,0
https://flashfortune.org,,oldurls,Conn Aborted,5,2026-07-30 22:24:07,,,0.0,0,0,0,0,0,0,,,0,,0,0.0,,,,,,0,,,,,,,,,,,0
https://fortune88au.com,Fortune88 Pokies,urls,OK,0,2026-08-05 13:25:05,,,0.0,0,0,0,0,0,0,,,0,,0,0.0,,,,,,0,,,,,,,,,,,0
https://fortune9casino.com,,oldurls,Conn Aborted,0,2026-07-30 20:12:00,,,0.0,0,0,0,0,0,0,,,0,,0,0.0,,,,,,0,,,,,,,,,,,0
https://fortunex99.com,FortuneX99,urls,OK,0,2026-08-05 13:28:55,,,0.0,0,0,0,0,0,0,,,0,,0,0.0,,,,,,0,,,,,,,,,,,0
https://freakwin.com,,oldurls,Conn Aborted,5,2026-07-30 21:02:17,,,0.0,0,0,0,0,0,0,,,0,,0,0.0,,,,,,0,,,,,,,,,,,0
https://freeaud.co,,oldurls,Error,5,2026-07-30 20:25:38,,,0.0,0,0,0,0,0,0,,,0,,0,0.0,,,,,,0,,,,,,,,,,,0
https://freeslot.cloud,,oldurls,Conn Aborted,6,2026-07-30 22:57:51,,,0.0,0,0,0,0,0,0,,,0,,0,0.0,,,,,,0,,,,,,,,,,,0
https://fridayfriday.co,FRIDAYFRIDAY,urls,OK,0,2026-08-05 13:23:22,,,0.0,0,0,0,0,0,0,,,0,,0,0.0,,,,,,0,,,,,,,,,,,0
https://fuckfuck.app,,oldurls,Merchant Missing,5,2026-07-30 20:56:58,,,0.0,0,0,0,0,0,0,,,0,,0,0.0,,,,,,0,,,,,,,,,,,0
https://fuckingluck.com,,oldurls,Timeout,6,2026-07-30 22:25:18,,,0.0,0,0,0,0,0,0,,,0,,0,0.0,,,,,,0,,,,,,,,,,,0
https://fuckingmeth.com,FuckingMeth,urls,OK,0,2026-08-05 13:28:35,,,0.0,0,0,0,0,0,0,,,0,,0,0.0,,,,,,0,,,,,,,,,,,0
https://fuckmate.co,FuckMate,oldurls,Blocked,5,2026-07-30 20:41:40,2026-07-20 03:00:15,2026-07-20 03:00:15,10.7,1,0,0,0,1,2.0,2.0,2.0,2.46,2.46,0,0.0,20.0,15.0,0.0,0.093,0.0,0,434.4,5.0,10.0,0.0,2.46,2.46,0.0,0.0,0.093,0.23,0
https://fuckpokies.com,,oldurls,Conn Aborted,7,2026-07-30 22:58:17,,,0.0,0,0,0,0,0,0,,,0,,0,0.0,,,,,,0,,,,,,,,,,,0
https://fuckspin.com,,oldurls,Blocked,5,2026-07-30 20:07:07,,,0.0,0,0,0,0,0,0,,,0,,0,0.0,,,,,,0,,,,,,,,,,,0
https://fuckwin.net,,oldurls,Error,6,2026-07-30 22:26:45,,,0.0,0,0,0,0,0,0,,,0,,0,0.0,,,,,,0,,,,,,,,,,,0
https://fuckwit9.com,,oldurls,Merchant Missing,5,2026-07-30 20:39:24,,,0.0,0,0,0,0,0,0,,,0,,0,0.0,,,,,,0,,,,,,,,,,,0
https://funcity93.com,FUNCITY93,urls,OK,0,2026-08-05 13:27:36,,,0.0,0,0,0,0,0,0,,,0,,0,0.0,,,,,,0,,,,,,,,,,,0
https://funmeth.com,,oldurls,Conn Aborted,0,2026-07-30 20:08:15,,,0.0,0,0,0,0,0,0,,,0,,0,0.0,,,,,,0,,,,,,,,,,,0
https://funpokie.icu,FunPokies,urls,OK,0,2026-08-05 13:28:55,,,0.0,0,0,0,0,0,0,,,0,,0,0.0,,,,,,0,,,,,,,,,,,0
https://fursino.com,,oldurls,Timeout,0,2026-07-30 19:33:53,,,0.0,0,0,0,0,0,0,,,0,,0,0.0,,,,,,0,,,,,,,,,,,0
https://furspin.com,,oldurls,Conn Aborted,5,2026-07-30 22:24:22,,,0.0,0,0,0,0,0,0,,,0,,0,0.0,,,,,,0,,,,,,,,,,,0
https://fury9.com,,oldurls,Conn Aborted,5,2026-07-30 22:25:45,,,0.0,0,0,0,0,0,0,,,0,,0,0.0,,,,,,0,,,,,,,,,,,0
https://g9aus.com,Gwin9,urls,OK,0,2026-08-05 13:23:02,2026-07-20 00:47:17,2026-08-05 13:23:02,16.5,1,1,0,1,1,0.12,0.12,0.12,7.11,7.11,0,0.0,0.0,999.0,0.0,0.061,1.0,-1,40.1,,0.0,0.0,7.11,7.11,0.0,16.52,0.061,0.43,0
https://g9clubaus.com,,oldurls,Conn Aborted,5,2026-07-30 22:51:29,,,0.0,0,0,0,0,0,0,,,0,,0,0.0,,,,,,0,,,,,,,,,,,0
https://galaxy96au.com,Galaxy Pokies Casino Australia,urls,OK,0,2026-08-05 13:24:59,,,0.0,0,0,0,0,0,0,,,0,,0,0.0,,,,,,0,,,,,,,,,,,0
https://galaxyau.com,Galaxy AU,urls,OK,0,2026-08-05 13:26:45,2026-07-20 23:38:12,2026-08-05 13:26:45,15.6,1,1,0,1,1,3.0,3.0,3.0,0.41,0.41,0,0.0,138.0,20.0,0.0,0.064,1.0,-1,40.0,118.0,46.0,0.0,0.41,0.41,0.0,15.58,0.064,0.03,0
https://gamblingking.vip,,oldurls,Conn Aborted,5,2026-07-30 22:25:07,,,0.0,0,0,0,0,0,0,,,0,,0,0.0,,,,,,0,,,,,,,,,,,0
https://gamblingtrain.pro,,oldurls,Conn Aborted,0,2026-07-30 19:35:24,,,0.0,0,0,0,0,0,0,,,0,,0,0.0,,,,,,0,,,,,,,,,,,0
https://gcity56.com,GCITY56,urls,OK,0,2026-08-05 13:25:31,,,0.0,0,0,0,0,0,0,,,0,,0,0.0,,,,,,0,,,,,,,,,,,0
https://gd6au.co,,oldurls,Conn Aborted,6,2026-07-30 22:27:01,,,0.0,0,0,0,0,0,0,,,0,,0,0.0,,,,,,0,,,,,,,,,,,0
https://gd77.vip,,oldurls,Conn Aborted,5,2026-07-30 22:24:38,,,0.0,0,0,0,0,0,0,,,0,,0,0.0,,,,,,0,,,,,,,,,,,0
https://gday123.com,Gday123 Australia,urls,OK,0,2026-08-05 13:21:51,2026-07-20 00:47:16,2026-08-05 13:21:51,16.5,1,1,0,1,1,7.0,7.0,7.0,0.44,0.44,0,0.0,350.0,30.0,0.0,0.061,1.0,-1,40.1,320.0,50.0,0.0,0.44,0.44,0.0,16.52,0.061,0.03,0
https://gday123.com/JK2732782AA,Gday123 Australia,oldurls,Not Found,5,2026-07-30 20:37:27,,,0.0,0,0,0,0,0,0,,,0,,0,0.0,,,,,,0,,,,,,,,,,,0
https://gday77au.com,GDAY77,urls,OK,0,2026-08-05 13:23:21,,,0.0,0,0,0,0,0,0,,,0,,0,0.0,,,,,,0,,,,,,,,,,,0
https://gday9.com,G'DAY9,urls,OK,0,2026-08-05 13:22:00,,,0.0,0,0,0,0,0,0,,,0,,0,0.0,,,,,,0,,,,,,,,,,,0
https://gdaymate9.com,GdayMate9,urls,OK,0,2026-08-05 13:24:31,,,0.0,0,0,0,0,0,0,,,0,,0,0.0,,,,,,0,,,,,,,,,,,0
https://gembetaus.com,GEM9BET,urls,OK,0,2026-08-05 13:20:32,2026-07-20 00:47:21,2026-08-05 13:20:32,16.5,1,1,0,1,1,1.99,1.99,1.99,0.15,0.15,0,0.0,199.0,20.0,0.0,0.061,1.0,-1,40.1,179.0,100.0,0.0,0.15,0.15,0.0,16.52,0.061,0.01,0
https://gemvault777.com,,oldurls,Conn Aborted,6,2026-07-30 22:26:02,,,0.0,0,0,0,0,0,0,,,0,,0,0.0,,,,,,0,,,,,,,,,,,0
https://gentingau2u.com,,oldurls,Conn Aborted,7,2026-07-30 22:58:22,,,0.0,0,0,0,0,0,0,,,0,,0,0.0,,,,,,0,,,,,,,,,,,0
https://gey99au.com,,oldurls,Error,6,2026-07-30 22:25:24,,,0.0,0,0,0,0,0,0,,,0,,0,0.0,,,,,,0,,,,,,,,,,,0
https://glbet9.com,GLBET9,urls,OK,0,2026-08-05 13:27:26,2026-07-31 09:13:09,2026-07-31 09:13:09,5.2,1,0,0,0,1,8.88,8.88,8.88,0.19,0.19,0,0.0,800.0,20.0,0.0,0.193,0.0,0,164.2,780.0,90.09,0.0,0.19,0.19,0.0,0.0,0.193,0.04,0
https://glorya77.com,GLORYA77,urls,OK,0,2026-08-05 13:21:56,2026-07-20 08:07:33,2026-08-05 13:21:56,16.2,5,2,0,2,4,109.0,21.8,25.0,142.26,28.45,0,0.0,41.4,20.0,0.0,0.308,0.4,-2,40.1,21.4,1.979,0.0,28.45,28.45,0.0,8.99,0.247,8.77,0
https://glorybet88au.com,,oldurls,Error,5,2026-07-30 19:55:01,,,0.0,0,0,0,0,0,0,,,0,,0,0.0,,,,,,0,,,,,,,,,,,0
https://gm9.co,,oldurls,Conn Aborted,0,2026-07-30 19:22:17,,,0.0,0,0,0,0,0,0,,,0,,0,0.0,,,,,,0,,,,,,,,,,,0
https://god22.co,,oldurls,Conn Aborted,7,2026-07-30 22:57:50,,,0.0,0,0,0,0,0,0,,,0,,0,0.0,,,,,,0,,,,,,,,,,,0
https://god88aus.com,,oldurls,Conn Aborted,5,2026-07-30 22:24:54,,,0.0,0,0,0,0,0,0,,,0,,0,0.0,,,,,,0,,,,,,,,,,,0
https://gofun33.com,GoFun333,urls,OK,0,2026-08-05 13:22:24,,,0.0,0,0,0,0,0,0,,,0,,0,0.0,,,,,,0,,,,,,,,,,,0
https://gofun333.com,GoFun333,urls,OK,0,2026-08-05 13:25:07,,,0.0,0,0,0,0,0,0,,,0,,0,0.0,,,,,,0,,,,,,,,,,,0
https://gogopokies.com,GOGOPokies,urls,OK,0,2026-08-05 13:24:16,,,0.0,0,0,0,0,0,0,,,0,,0,0.0,,,,,,0,,,,,,,,,,,0
https://gold77au.com,GOLD77,urls,OK,0,2026-08-05 13:22:56,2026-07-20 08:07:34,2026-08-05 13:22:56,16.2,1,1,0,1,1,777.0,777.0,777.0,3.07,3.07,0,0.0,7770.0,10.0,0.0,0.062,1.0,-1,40.1,7760.0,10.0,0.0,3.07,3.07,0.0,16.22,0.062,0.19,0
https://goldau.it.com,GoldAu,urls,OK,0,2026-08-05 13:20:48,,,0.0,0,0,0,0,0,0,,,0,,0,0.0,,,,,,0,,,,,,,,,,,0
https://goldau.vip,GoldAu,urls,OK,0,2026-08-05 13:25:10,,,0.0,0,0,0,0,0,0,,,0,,0,0.0,,,,,,0,,,,,,,,,,,0
https://goldbet9.net,,oldurls,Conn Aborted,6,2026-07-30 22:26:16,,,0.0,0,0,0,0,0,0,,,0,,0,0.0,,,,,,0,,,,,,,,,,,0
https://goldbet9.org,GoldBet9,urls,OK,0,2026-08-05 13:27:36,,,0.0,0,0,0,0,0,0,,,0,,0,0.0,,,,,,0,,,,,,,,,,,0
https://goldct66.co,,oldurls,Conn Aborted,5,2026-07-30 22:26:05,,,0.0,0,0,0,0,0,0,,,0,,0,0.0,,,,,,0,,,,,,,,,,,0
https://goldencrown96.com,IPAY7,urls,OK,0,2026-08-05 13:23:03,2026-07-20 08:07:31,2026-08-05 13:23:03,16.2,1,1,0,1,1,2.0,2.0,2.0,0.15,0.15,0,0.0,200.0,20.0,0.0,0.062,1.0,-1,40.1,180.0,100.0,0.0,0.15,0.15,0.0,16.22,0.062,0.01,0
https://goldenempire8.site,GOLDENEMPIRE,urls,OK,0,2026-08-05 13:29:26,,,0.0,0,0,0,0,0,0,,,0,,0,0.0,,,,,,0,,,,,,,,,,,0
https://goldsp.co,,oldurls,Conn Aborted,7,2026-07-30 22:58:07,,,0.0,0,0,0,0,0,0,,,0,,0,0.0,,,,,,0,,,,,,,,,,,0
https://goodpokiessite.com,,oldurls,Conn Aborted,5,2026-07-30 22:27:35,,,0.0,0,0,0,0,0,0,,,0,,0,0.0,,,,,,0,,,,,,,,,,,0
https://goospin.com,,oldurls,Merchant Missing,5,2026-07-30 20:28:29,,,0.0,0,0,0,0,0,0,,,0,,0,0.0,,,,,,0,,,,,,,,,,,0
https://gopokies.co,,oldurls,Conn Aborted,7,2026-07-30 22:58:32,,,0.0,0,0,0,0,0,0,,,0,,0,0.0,,,,,,0,,,,,,,,,,,0
https://gopokies.net,,oldurls,Conn Aborted,5,2026-07-30 22:51:46,,,0.0,0,0,0,0,0,0,,,0,,0,0.0,,,,,,0,,,,,,,,,,,0
https://gorichescasino.com,,oldurls,Merchant Missing,5,2026-07-30 20:33:53,,,0.0,0,0,0,0,0,0,,,0,,0,0.0,,,,,,0,,,,,,,,,,,0
https://gowinau.com,,oldurls,Conn Aborted,6,2026-07-30 22:26:20,,,0.0,0,0,0,0,0,0,,,0,,0,0.0,,,,,,0,,,,,,,,,,,0
https://grandau777.com,,oldurls,Conn Aborted,6,2026-07-30 22:25:55,,,0.0,0,0,0,0,0,0,,,0,,0,0.0,,,,,,0,,,,,,,,,,,0
https://gronkspin.com,,oldurls,Conn Aborted,6,2026-07-30 22:27:49,,,0.0,0,0,0,0,0,0,,,0,,0,0.0,,,,,,0,,,,,,,,,,,0
https://gtbet9.com,GTBET9,urls,OK,0,2026-08-05 13:21:22,,,0.0,0,0,0,0,0,0,,,0,,0,0.0,,,,,,0,,,,,,,,,,,0
https://gtbet9au.com,GTBET9,urls,OK,0,2026-08-05 13:21:17,,,0.0,0,0,0,0,0,0,,,0,,0,0.0,,,,,,0,,,,,,,,,,,0
https://gucci9.vip,,oldurls,Conn Aborted,7,2026-07-30 22:58:36,,,0.0,0,0,0,0,0,0,,,0,,0,0.0,,,,,,0,,,,,,,,,,,0
https://gunspin9.com,,oldurls,Conn Aborted,5,2026-07-30 22:26:52,,,0.0,0,0,0,0,0,0,,,0,,0,0.0,,,,,,0,,,,,,,,,,,0
https://gwin77.com,Gwin77,urls,OK,0,2026-08-05 13:25:51,,,0.0,0,0,0,0,0,0,,,0,,0,0.0,,,,,,0,,,,,,,,,,,0
https://gwin9au.com,Gwin9,urls,OK,0,2026-08-05 13:22:19,,,0.0,0,0,0,0,0,0,,,0,,0,0.0,,,,,,0,,,,,,,,,,,0
https://gxbet7.com,,oldurls,Conn Aborted,6,2026-07-30 22:26:35,,,0.0,0,0,0,0,0,0,,,0,,0,0.0,,,,,,0,,,,,,,,,,,0
https://gxbet7.com/GX12962933,,oldurls,Conn Aborted,5,2026-07-30 22:26:11,,,0.0,0,0,0,0,0,0,,,0,,0,0.0,,,,,,0,,,,,,,,,,,0
https://h4winau.com,H4WIN E-Wallet Casino,urls,OK,0,2026-08-05 13:27:16,2026-08-02 14:50:15,2026-08-05 13:27:16,2.9,1,1,0,1,1,4.0,4.0,4.0,0.29,0.29,0,0.0,244.0,20.0,0.0,0.34,1.0,-1,40.0,224.0,61.0,0.0,0.29,0.29,0.0,2.94,0.34,0.1,0
https://h4winaus.com,H4WIN E-Wallet Casino,urls,OK,0,2026-08-05 13:20:24,2026-07-29 04:19:01,2026-07-29 06:08:27,0.1,1,0,0,0,1,4.0,4.0,4.0,0.29,0.29,0,0.0,244.0,20.0,0.0,13.159,0.0,0,215.3,224.0,61.0,0.0,0.29,0.29,0.0,0.08,13.159,3.86,0
https://h5au.com,,oldurls,Timeout,6,2026-07-30 22:58:29,,,0.0,0,0,0,0,0,0,,,0,,0,0.0,,,,,,0,,,,,,,,,,,0
https://happyprosperous.co,,oldurls,Conn Aborted,5,2026-07-30 22:25:41,,,0.0,0,0,0,0,0,0,,,0,,0,0.0,,,,,,0,,,,,,,,,,,0
https://harbour33.com,HARBOUR33,urls,OK,0,2026-08-05 13:28:38,2026-07-20 08:07:36,2026-08-05 13:28:38,16.2,3,2,0,2,2,107.0,35.67,88.0,4.88,1.63,0,0.0,516.67,11.67,0.0,0.185,0.667,-2,40.0,505.0,19.066,0.0,1.63,1.63,0.0,10.82,0.123,0.3,0
https://harvestbet.co,,oldurls,Conn Aborted,6,2026-07-30 22:27:08,,,0.0,0,0,0,0,0,0,,,0,,0,0.0,,,,,,0,,,,,,,,,,,0
https://hb88au.com,HB88 PayID Casino Australia,urls,OK,0,2026-08-05 13:22:13,,,0.0,0,0,0,0,0,0,,,0,,0,0.0,,,,,,0,,,,,,,,,,,0
https://hb88aus.net,HB88 PayID Casino Australia,urls,OK,0,2026-08-05 13:21:08,,,0.0,0,0,0,0,0,0,,,0,,0,0.0,,,,,,0,,,,,,,,,,,0
https://hellbet9.com,,oldurls,Conn Aborted,7,2026-07-30 22:58:23,,,0.0,0,0,0,0,0,0,,,0,,0,0.0,,,,,,0,,,,,,,,,,,0
https://hello88au.com,Hello88AU,urls,OK,0,2026-08-05 13:20:11,,,0.0,0,0,0,0,0,0,,,0,,0,0.0,,,,,,0,,,,,,,,,,,0
https://hellospin.co,,oldurls,Conn Aborted,0,2026-07-30 20:14:07,,,0.0,0,0,0,0,0,0,,,0,,0,0.0,,,,,,0,,,,,,,,,,,0
https://hero-99.com,,oldurls,Conn Aborted,0,2026-07-30 19:41:12,,,0.0,0,0,0,0,0,0,,,0,,0,0.0,,,,,,0,,,,,,,,,,,0
https://heroinspin.com,,oldurls,Timeout,0,2026-07-30 20:16:47,,,0.0,0,0,0,0,0,0,,,0,,0,0.0,,,,,,0,,,,,,,,,,,0
https://heymeth.co,,oldurls,Conn Aborted,0,2026-07-30 20:09:57,,,0.0,0,0,0,0,0,0,,,0,,0,0.0,,,,,,0,,,,,,,,,,,0
https://highmate88.net,HIGHMATE88,urls,OK,0,2026-08-05 13:23:10,,,0.0,0,0,0,0,0,0,,,0,,0,0.0,,,,,,0,,,,,,,,,,,0
https://highrollaoz.sydney,HighRollaoz Australia,urls,OK,0,2026-08-05 13:25:53,,,0.0,0,0,0,0,0,0,,,0,,0,0.0,,,,,,0,,,,,,,,,,,0
https://himeth.com,,oldurls,Conn Aborted,5,2026-07-30 22:26:26,,,0.0,0,0,0,0,0,0,,,0,,0,0.0,,,,,,0,,,,,,,,,,,0
https://ho96.com,,oldurls,Error,6,2026-07-30 22:28:47,,,0.0,0,0,0,0,0,0,,,0,,0,0.0,,,,,,0,,,,,,,,,,,0
https://hoh88aus.com,,oldurls,Merchant Missing,5,2026-07-30 19:30:27,,,0.0,0,0,0,0,0,0,,,0,,0,0.0,,,,,,0,,,,,,,,,,,0
https://hollywoodaus.com,HOLLYWOOD,urls,OK,0,2026-08-05 13:24:06,2026-07-20 06:09:06,2026-08-05 13:24:06,16.3,4,4,0,4,1,115.0,28.75,55.0,3.64,0.91,0,0.0,617.0,13.75,0.0,0.245,1.0,-4,40.0,603.25,28.642,0.0,0.91,0.91,0.0,12.23,0.061,0.22,0
https://hornyspin.com,,oldurls,Conn Aborted,5,2026-07-30 22:25:57,,,0.0,0,0,0,0,0,0,,,0,,0,0.0,,,,,,0,,,,,,,,,,,0
https://hotpokies88.com,KINGAUD,urls,OK,0,2026-08-05 13:29:07,,,0.0,0,0,0,0,0,0,,,0,,0,0.0,,,,,,0,,,,,,,,,,,0
https://hqttps://steadyau.com,,oldurls,Conn Aborted,5,2026-07-30 22:27:23,,,0.0,0,0,0,0,0,0,,,0,,0,0.0,,,,,,0,,,,,,,,,,,0
https://https.diamondaud.com,,oldurls,Conn Aborted,5,2026-07-30 22:27:05,,,0.0,0,0,0,0,0,0,,,0,,0,0.0,,,,,,0,,,,,,,,,,,0
https://httpsv8au.com,,oldurls,Conn Aborted,7,2026-07-30 22:58:48,,,0.0,0,0,0,0,0,0,,,0,,0,0.0,,,,,,0,,,,,,,,,,,0
https://hydra888aus.com,HYDRA888,urls,OK,0,2026-08-05 13:25:26,,,0.0,0,0,0,0,0,0,,,0,,0,0.0,,,,,,0,,,,,,,,,,,0
https://hype777.com,HYPE777,urls,OK,0,2026-08-05 13:24:54,,,0.0,0,0,0,0,0,0,,,0,,0,0.0,,,,,,0,,,,,,,,,,,0
https://i8au.online,I8AU,urls,OK,0,2026-08-05 13:22:10,2026-07-20 08:07:37,2026-08-05 13:22:10,16.2,1,1,0,1,1,3.8,3.8,3.8,0.15,0.15,0,0.0,400.0,20.0,0.0,0.062,1.0,-1,40.1,380.0,105.263,0.0,0.15,0.15,0.0,16.22,0.062,0.01,0
https://iau9.com,BonzaWin (AUD),urls,OK,0,2026-08-05 13:28:51,2026-07-20 06:09:06,2026-08-05 13:28:51,16.3,2,2,0,2,1,19.0,9.5,10.0,1.66,0.83,0,0.0,249.0,15.0,0.0,0.123,1.0,-2,40.0,234.0,26.561,0.0,0.83,0.83,0.0,16.31,0.061,0.1,0
https://iaud88.co,,oldurls,Conn Aborted,0,2026-07-30 19:31:10,,,0.0,0,0,0,0,0,0,,,0,,0,0.0,,,,,,0,,,,,,,,,,,0
https://ibet9au.com,iBet9 AUSTRALIA,urls,OK,0,2026-08-05 13:27:59,,,0.0,0,0,0,0,0,0,,,0,,0,0.0,,,,,,0,,,,,,,,,,,0
https://icebet888.com,IceBet888,urls,OK,0,2026-08-05 13:24:37,,,0.0,0,0,0,0,0,0,,,0,,0,0.0,,,,,,0,,,,,,,,,,,0
https://ienjoy88aub.com,IENJOY88,urls,OK,0,2026-08-05 13:29:10,,,0.0,0,0,0,0,0,0,,,0,,0,0.0,,,,,,0,,,,,,,,,,,0
https://ig9aus.com,IG9,urls,OK,0,2026-08-05 13:27:55,2026-07-27 20:58:21,2026-08-05 13:27:55,8.7,2,2,0,2,1,11.0,5.5,9.0,0.38,0.19,0,0.0,525.0,20.0,0.0,0.23,1.0,-2,40.0,505.0,87.5,0.0,0.19,0.19,0.0,8.69,0.115,0.04,0
https://igaming88audc.com,,oldurls,Timeout,5,2026-07-30 22:29:26,,,0.0,0,0,0,0,0,0,,,0,,0,0.0,,,,,,0,,,,,,,,,,,0
https://ignition66.com,,oldurls,Merchant Missing,5,2026-07-30 22:26:14,,,0.0,0,0,0,0,0,0,,,0,,0,0.0,,,,,,0,,,,,,,,,,,0
https://ii89au.com,ii89 PayID Pokies Online Casino Aus,urls,OK,0,2026-08-05 13:27:45,,,0.0,0,0,0,0,0,0,,,0,,0,0.0,,,,,,0,,,,,,,,,,,0
https://ijoker88au.com,IJOKER88,urls,OK,0,2026-08-05 13:22:32,2026-07-20 06:08:56,2026-08-05 13:22:32,16.3,3,3,0,3,1,189.0,63.0,100.0,102.03,34.01,0,0.0,429.33,104.33,0.0,0.184,1.0,-3,40.1,631.5,4.424,0.0,34.01,34.01,0.0,16.3,0.061,6.26,0
https://ijoker88auc.com,IJOKER88,urls,OK,0,2026-08-05 13:22:27,,,0.0,0,0,0,0,0,0,,,0,,0,0.0,,,,,,0,,,,,,,,,,,0
https://ik118.com,,oldurls,Conn Aborted,6,2026-07-30 22:52:02,,,0.0,0,0,0,0,0,0,,,0,,0,0.0,,,,,,0,,,,,,,,,,,0
https://ilovejili.net,ILOVEJILI,urls,OK,0,2026-08-05 13:22:05,,,0.0,0,0,0,0,0,0,,,0,,0,0.0,,,,,,0,,,,,,,,,,,0
https://ilovemeth.net,,oldurls,Merchant Missing,6,2026-07-30 22:27:23,,,0.0,0,0,0,0,0,0,,,0,,0,0.0,,,,,,0,,,,,,,,,,,0
https://imate88.com,,oldurls,Conn Aborted,0,2026-07-30 20:09:30,,,0.0,0,0,0,0,0,0,,,0,,0,0.0,,,,,,0,,,,,,,,,,,0
https://imillion88.com,,oldurls,Merchant Missing,5,2026-07-30 19:51:45,,,0.0,0,0,0,0,0,0,,,0,,0,0.0,,,,,,0,,,,,,,,,,,0
https://imperium88.com,,oldurls,Conn Aborted,6,2026-07-30 22:26:57,,,0.0,0,0,0,0,0,0,,,0,,0,0.0,,,,,,0,,,,,,,,,,,0
https://imperium9.com,,oldurls,Conn Aborted,0,2026-07-30 20:13:53,,,0.0,0,0,0,0,0,0,,,0,,0,0.0,,,,,,0,,,,,,,,,,,0
https://imperium999.com,,oldurls,Conn Aborted,6,2026-07-30 22:29:42,,,0.0,0,0,0,0,0,0,,,0,,0,0.0,,,,,,0,,,,,,,,,,,0
https://in8.one,IN8,urls,OK,0,2026-08-05 13:25:31,2026-07-20 08:07:34,2026-08-05 13:25:31,16.2,3,3,0,3,1,216.0,72.0,198.0,6.67,2.22,0,0.0,789.33,16.67,0.0,0.185,1.0,-3,40.0,772.67,16.3,0.0,2.22,2.22,0.0,16.22,0.062,0.41,0
https://inskingdom8.com,INSKINGDOM8,urls,OK,0,2026-08-05 13:28:11,2026-07-20 08:07:37,2026-08-05 13:28:11,16.2,3,2,0,2,2,180.0,60.0,100.0,21.4,7.13,0,0.0,366.67,16.67,0.0,0.185,0.667,-2,40.0,350.0,7.667,0.0,7.13,7.13,0.0,8.31,0.123,1.32,0
https://intensity2aus.com,Intensity2Aus,urls,OK,0,2026-08-05 13:20:38,,,0.0,0,0,0,0,0,0,,,0,,0,0.0,,,,,,0,,,,,,,,,,,0
https://intensityaus.com,Intensity,urls,OK,0,2026-08-05 13:26:28,2026-07-20 23:38:20,2026-08-05 13:26:28,15.6,1,1,0,1,1,1.0,1.0,1.0,0.17,0.17,0,0.0,100.0,30.0,0.0,0.064,1.0,-1,40.0,70.0,100.0,0.0,0.17,0.17,0.0,15.58,0.064,0.01,0
https://ioi6.com,iOi6,urls,OK,0,2026-08-05 13:27:55,,,0.0,0,0,0,0,0,0,,,0,,0,0.0,,,,,,0,,,,,,,,,,,0
https://ione8aus.com,iOne8,urls,OK,0,2026-08-05 13:24:26,2026-07-31 09:16:29,2026-07-31 09:16:29,5.2,1,0,0,0,1,8.13,8.13,8.13,109.7,109.7,1,8.13,0.0,588.0,0.0,0.193,0.0,0,164.2,,0.0,0.0,109.7,109.7,1.0,0.0,0.193,21.21,0
https://ipay9aud.com,iPAY9,urls,OK,0,2026-08-05 13:23:41,2026-07-20 08:07:40,2026-08-05 13:23:41,16.2,2,2,0,2,1,30.0,15.0,20.0,4.87,2.43,0,0.0,200.0,20.0,0.0,0.123,1.0,-2,40.0,180.0,12.5,0.0,2.43,2.43,0.0,16.22,0.062,0.3,0
https://iplay77.com,iPlay77,urls,OK,0,2026-08-05 13:22:37,,,0.0,0,0,0,0,0,0,,,0,,0,0.0,,,,,,0,,,,,,,,,,,0
https://irich88.co,,oldurls,Conn Aborted,0,2026-07-30 19:44:16,,,0.0,0,0,0,0,0,0,,,0,,0,0.0,,,,,,0,,,,,,,,,,,0
https://ispeed88au.com,ISPEED88,oldurls,Merchant Missing,5,2026-07-30 20:44:42,2026-07-20 08:07:36,2026-07-20 08:07:36,10.5,1,0,0,0,1,88.0,88.0,88.0,12.63,12.63,0,0.0,288.0,15.0,0.0,0.095,0.0,0,429.3,273.0,3.273,0.0,12.63,12.63,0.0,0.0,0.095,1.2,0
https://israelspin.com,,oldurls,Conn Aborted,5,2026-07-30 22:26:30,,,0.0,0,0,0,0,0,0,,,0,,0,0.0,,,,,,0,,,,,,,,,,,0
https://iw99au.com,IW99,oldurls,Merchant Missing,5,2026-07-30 20:23:44,2026-07-20 00:47:26,2026-07-20 08:07:36,0.3,3,0,0,0,1,115.0,38.33,100.0,3.21,1.07,0,0.0,379.33,3.37,0.0,9.814,0.0,0,429.3,375.97,14.627,0.0,1.07,1.07,0.0,0.1,3.271,10.5,0
https://iwin88au.com,,oldurls,Conn Aborted,0,2026-07-30 19:52:43,,,0.0,0,0,0,0,0,0,,,0,,0,0.0,,,,,,0,,,,,,,,,,,0
https://jackdom1.com,JACKDOM,urls,OK,0,2026-08-05 13:23:43,,,0.0,0,0,0,0,0,0,,,0,,0,0.0,,,,,,0,,,,,,,,,,,0
https://jackpotau.co,,oldurls,Conn Aborted,6,2026-07-30 22:27:54,,,0.0,0,0,0,0,0,0,,,0,,0,0.0,,,,,,0,,,,,,,,,,,0
https://jackpotau.com,JACKPOTAU,urls,OK,0,2026-08-05 13:22:01,2026-07-20 06:09:10,2026-08-05 13:22:01,16.3,2,2,0,2,1,110.0,55.0,100.0,4.17,2.09,0,0.0,1050.0,17.5,0.0,0.123,1.0,-2,40.1,1032.5,15.0,0.0,2.09,2.09,0.0,16.3,0.061,0.26,0
https://jackpotmate88.com,JackpotMate88,urls,OK,0,2026-08-05 13:24:48,,,0.0,0,0,0,0,0,0,,,0,,0,0.0,,,,,,0,,,,,,,,,,,0
https://jackpotmate88.net,,oldurls,Conn Aborted,5,2026-07-30 22:27:38,,,0.0,0,0,0,0,0,0,,,0,,0,0.0,,,,,,0,,,,,,,,,,,0
https://jaws68.com,JAWS68™ The Ultimate Sports & Pokies in Australia,urls,OK,0,2026-08-05 13:21:11,2026-07-20 06:09:05,2026-08-05 13:21:11,16.3,3,3,0,3,1,17.23,5.74,10.99,21.2,7.07,1,0.25,83.33,343.33,0.0,0.184,1.0,-3,40.1,110.0,10.114,0.0,7.07,7.07,0.015,16.3,0.061,1.3,0
https://jeetstar.com,,oldurls,Conn Aborted,7,2026-07-30 22:58:52,,,0.0,0,0,0,0,0,0,,,0,,0,0.0,,,,,,0,,,,,,,,,,,0
https://jellospin.com,,oldurls,Timeout,6,2026-07-30 22:30:22,,,0.0,0,0,0,0,0,0,,,0,,0,0.0,,,,,,0,,,,,,,,,,,0
https://jerkspin.com,,oldurls,Merchant Missing,5,2026-07-30 20:39:04,,,0.0,0,0,0,0,0,0,,,0,,0,0.0,,,,,,0,,,,,,,,,,,0
https://jetpokies.com,Heypokies,urls,OK,0,2026-08-05 13:25:05,,,0.0,0,0,0,0,0,0,,,0,,0,0.0,,,,,,0,,,,,,,,,,,0
https://jewelpalace88.com,,oldurls,Conn Aborted,6,2026-07-30 22:26:45,,,0.0,0,0,0,0,0,0,,,0,,0,0.0,,,,,,0,,,,,,,,,,,0
https://jk123au.com,Gday123 Australia,urls,OK,0,2026-08-05 13:20:21,,,0.0,0,0,0,0,0,0,,,0,,0,0.0,,,,,,0,,,,,,,,,,,0
https://jk123au.com/JK2732782AA,Gday123 Australia,oldurls,Not Found,5,2026-07-30 19:25:38,,,0.0,0,0,0,0,0,0,,,0,,0,0.0,,,,,,0,,,,,,,,,,,0
https://jointmate.net,JOINTMATE,urls,OK,0,2026-08-05 13:26:39,,,0.0,0,0,0,0,0,0,,,0,,0,0.0,,,,,,0,,,,,,,,,,,0
https://joker33.club,,oldurls,Conn Aborted,0,2026-07-30 19:48:13,,,0.0,0,0,0,0,0,0,,,0,,0,0.0,,,,,,0,,,,,,,,,,,0
https://jokers11.com,,oldurls,Merchant Missing,5,2026-07-30 19:35:09,,,0.0,0,0,0,0,0,0,,,0,,0,0.0,,,,,,0,,,,,,,,,,,0
https://jombet77.com,,oldurls,Error,5,2026-07-30 20:00:05,,,0.0,0,0,0,0,0,0,,,0,,0,0.0,,,,,,0,,,,,,,,,,,0
https://joofred.com,,oldurls,Conn Aborted,6,2026-07-30 22:28:14,,,0.0,0,0,0,0,0,0,,,0,,0,0.0,,,,,,0,,,,,,,,,,,0
https://joofred.org,,oldurls,Conn Aborted,6,2026-07-30 22:27:54,,,0.0,0,0,0,0,0,0,,,0,,0,0.0,,,,,,0,,,,,,,,,,,0
https://joospin.com,,oldurls,Conn Aborted,0,2026-07-30 19:34:52,,,0.0,0,0,0,0,0,0,,,0,,0,0.0,,,,,,0,,,,,,,,,,,0
https://joypokies.com,,oldurls,Error,5,2026-07-30 20:14:20,,,0.0,0,0,0,0,0,0,,,0,,0,0.0,,,,,,0,,,,,,,,,,,0
https://justpokies9.com,,oldurls,Conn Aborted,6,2026-07-30 22:27:29,,,0.0,0,0,0,0,0,0,,,0,,0,0.0,,,,,,0,,,,,,,,,,,0
https://justwin9.com,JUSTWIN9,urls,OK,0,2026-08-05 13:23:18,,,0.0,0,0,0,0,0,0,,,0,,0,0.0,,,,,,0,,,,,,,,,,,0
https://justwin9.net,JUSTWIN9,urls,OK,0,2026-08-05 13:25:47,,,0.0,0,0,0,0,0,0,,,0,,0,0.0,,,,,,0,,,,,,,,,,,0
https://juzspin.com,,oldurls,Merchant Missing,5,2026-07-30 20:36:37,,,0.0,0,0,0,0,0,0,,,0,,0,0.0,,,,,,0,,,,,,,,,,,0
https://jw8au.com,JW8AU,urls,Merchant Missing,12,2026-08-05 13:31:26,2026-07-20 00:47:26,2026-07-20 03:00:34,0.1,3,0,0,0,1,1084.0,361.33,888.0,38.67,12.89,0,0.0,4318.67,24.33,0.0,32.449,0.0,0,434.4,4294.33,18.619,0.0,12.89,12.89,0.0,0.03,10.816,418.26,0
https://jwins9aus.com,,oldurls,Merchant Missing,5,2026-07-30 20:51:28,,,0.0,0,0,0,0,0,0,,,0,,0,0.0,,,,,,0,,,,,,,,,,,0
https://k18win.com,,oldurls,Code 530,5,2026-07-30 20:19:52,,,0.0,0,0,0,0,0,0,,,0,,0,0.0,,,,,,0,,,,,,,,,,,0
https://k18win.com/K18AU213A97556,,oldurls,Code 530,5,2026-07-30 20:27:57,,,0.0,0,0,0,0,0,0,,,0,,0,0.0,,,,,,0,,,,,,,,,,,0
https://kaboom77.com,Kaboom77,urls,OK,0,2026-08-05 13:26:44,,,0.0,0,0,0,0,0,0,,,0,,0,0.0,,,,,,0,,,,,,,,,,,0
https://kangaroo88.com,Kangaroo88,urls,OK,0,2026-08-05 13:27:45,,,0.0,0,0,0,0,0,0,,,0,,0,0.0,,,,,,0,,,,,,,,,,,0
https://kangaroobet.co,,oldurls,Conn Aborted,5,2026-07-30 22:30:37,,,0.0,0,0,0,0,0,0,,,0,,0,0.0,,,,,,0,,,,,,,,,,,0
https://kangaroobet88.com,KANGAROOBET88,urls,OK,0,2026-08-05 13:25:11,,,0.0,0,0,0,0,0,0,,,0,,0,0.0,,,,,,0,,,,,,,,,,,0
https://kangaspin.com,,oldurls,Merchant Missing,5,2026-07-30 20:45:12,,,0.0,0,0,0,0,0,0,,,0,,0,0.0,,,,,,0,,,,,,,,,,,0
https://kazzo88.com,KAZZO88,urls,OK,0,2026-08-05 13:21:01,,,0.0,0,0,0,0,0,0,,,0,,0,0.0,,,,,,0,,,,,,,,,,,0
https://kelspin.com,,oldurls,Timeout,6,2026-07-30 22:27:24,,,0.0,0,0,0,0,0,0,,,0,,0,0.0,,,,,,0,,,,,,,,,,,0
https://keno99.com,Keno99,urls,OK,0,2026-08-05 13:28:48,2026-07-29 06:17:48,2026-08-05 13:28:48,7.3,2,2,0,2,1,3398.0,1699.0,3200.0,40.12,20.06,0,0.0,119.0,12.5,32000.0,0.274,1.0,-2,40.0,228.0,0.601,102400000.0,20.06,20.06,0.0,7.3,0.137,5.5,0
https://ketawin.com,,oldurls,Merchant Missing,7,2026-07-30 22:58:49,,,0.0,0,0,0,0,0,0,,,0,,0,0.0,,,,,,0,,,,,,,,,,,0
https://ketawin.net,,oldurls,Conn Aborted,5,2026-07-30 22:28:08,,,0.0,0,0,0,0,0,0,,,0,,0,0.0,,,,,,0,,,,,,,,,,,0
https://kimberley333.com,,oldurls,Conn Aborted,5,2026-07-30 22:27:43,,,0.0,0,0,0,0,0,0,,,0,,0,0.0,,,,,,0,,,,,,,,,,,0
https://king88pokies.com,King88,urls,OK,0,2026-08-05 13:28:32,2026-07-20 06:09:13,2026-08-05 13:28:32,16.3,3,3,0,3,1,19.76,6.59,8.88,3.33,1.11,0,0.0,352.0,20.0,0.0,0.184,1.0,-3,40.0,332.0,70.313,0.0,1.11,1.11,0.0,16.31,0.061,0.2,0
https://kingaud.com,KINGAUD,urls,OK,0,2026-08-05 13:27:40,,,0.0,0,0,0,0,0,0,,,0,,0,0.0,,,,,,0,,,,,,,,,,,0
https://kingbet9aus.com,,oldurls,Timeout,5,2026-07-30 22:31:17,,,0.0,0,0,0,0,0,0,,,0,,0,0.0,,,,,,0,,,,,,,,,,,0
https://kingdom9aus.com,Kingdom9,urls,OK,0,2026-08-05 13:24:31,,,0.0,0,0,0,0,0,0,,,0,,0,0.0,,,,,,0,,,,,,,,,,,0
https://kingdom9aus.com/REF253009209,Kingdom9,oldurls,Not Found,5,2026-07-30 20:26:21,,,0.0,0,0,0,0,0,0,,,0,,0,0.0,,,,,,0,,,,,,,,,,,0
https://kingpay77au.com,,oldurls,Conn Aborted,6,2026-07-30 22:27:40,,,0.0,0,0,0,0,0,0,,,0,,0,0.0,,,,,,0,,,,,,,,,,,0
https://kingpower365.com,EclBetAu,urls,OK,0,2026-08-05 13:25:59,,,0.0,0,0,0,0,0,0,,,0,,0,0.0,,,,,,0,,,,,,,,,,,0
https://kingpower365.com/King250A013,EclBetAu,oldurls,Not Found,6,2026-07-30 22:28:52,,,0.0,0,0,0,0,0,0,,,0,,0,0.0,,,,,,0,,,,,,,,,,,0
https://kingsau.com,KINGSAU,urls,OK,0,2026-08-05 13:28:11,,,0.0,0,0,0,0,0,0,,,0,,0,0.0,,,,,,0,,,,,,,,,,,0
https://kingsman369.co,,oldurls,Conn Aborted,5,2026-07-30 22:28:24,,,0.0,0,0,0,0,0,0,,,0,,0,0.0,,,,,,0,,,,,,,,,,,0
https://kingtech88.com,KINGTECH88,urls,OK,0,2026-08-05 13:24:59,2026-07-20 06:09:14,2026-08-05 13:24:59,16.3,1,1,0,1,1,2.88,2.88,2.88,0.46,0.46,0,0.0,100.0,10.0,0.0,0.061,1.0,-1,40.0,90.0,34.722,0.0,0.46,0.46,0.0,16.3,0.061,0.03,0
https://kiss918au.com,,oldurls,Conn Aborted,5,2026-07-30 22:27:58,,,0.0,0,0,0,0,0,0,,,0,,0,0.0,,,,,,0,,,,,,,,,,,0
https://kisspokies.com,,oldurls,Conn Aborted,6,2026-07-30 22:31:32,,,0.0,0,0,0,0,0,0,,,0,,0,0.0,,,,,,0,,,,,,,,,,,0
https://koala668.co,,oldurls,Conn Aborted,0,2026-07-30 19:39:41,,,0.0,0,0,0,0,0,0,,,0,,0,0.0,,,,,,0,,,,,,,,,,,0
https://koala88.co,,oldurls,Blocked,5,2026-07-30 20:54:18,,,0.0,0,0,0,0,0,0,,,0,,0,0.0,,,,,,0,,,,,,,,,,,0
https://koalabear33.com,,oldurls,Blocked,6,2026-07-30 22:27:57,,,0.0,0,0,0,0,0,0,,,0,,0,0.0,,,,,,0,,,,,,,,,,,0
https://krakenbet.co,,oldurls,Conn Aborted,0,2026-07-30 19:21:37,,,0.0,0,0,0,0,0,0,,,0,,0,0.0,,,,,,0,,,,,,,,,,,0
https://kuromiau.com,,oldurls,Conn Aborted,0,2026-07-30 20:05:37,,,0.0,0,0,0,0,0,0,,,0,,0,0.0,,,,,,0,,,,,,,,,,,0
https://labubuu77.co,,oldurls,Conn Aborted,5,2026-07-30 22:29:07,,,0.0,0,0,0,0,0,0,,,0,,0,0.0,,,,,,0,,,,,,,,,,,0
https://labuspin.com,,oldurls,Timeout,0,2026-07-30 20:02:47,,,0.0,0,0,0,0,0,0,,,0,,0,0.0,,,,,,0,,,,,,,,,,,0
https://labuwin.com,,oldurls,Timeout,5,2026-07-30 22:29:04,,,0.0,0,0,0,0,0,0,,,0,,0,0.0,,,,,,0,,,,,,,,,,,0
https://lckys88.com,,oldurls,Conn Aborted,0,2026-07-30 19:32:37,,,0.0,0,0,0,0,0,0,,,0,,0,0.0,,,,,,0,,,,,,,,,,,0
https://le88win.com,LEBET88 AUSTRALIA,urls,OK,0,2026-08-05 13:21:12,2026-07-31 09:18:16,2026-08-05 13:21:12,5.2,1,1,0,1,1,188.0,188.0,188.0,3.58,3.58,0,0.0,1888.0,20.0,0.0,0.193,1.0,-1,40.1,1868.0,10.043,0.0,3.58,3.58,0.0,5.17,0.193,0.69,0
https://legend,,oldurls,Conn Aborted,0,2026-07-30 20:14:54,,,0.0,0,0,0,0,0,0,,,0,,0,0.0,,,,,,0,,,,,,,,,,,0
https://legend-9.com,,oldurls,Merchant Missing,5,2026-07-30 20:43:13,,,0.0,0,0,0,0,0,0,,,0,,0,0.0,,,,,,0,,,,,,,,,,,0
https://legend9.net,Legend9 (AUD),urls,OK,0,2026-08-05 13:25:27,,,0.0,0,0,0,0,0,0,,,0,,0,0.0,,,,,,0,,,,,,,,,,,0
https://legit99.com,Legit99,urls,OK,0,2026-08-05 13:23:24,,,0.0,0,0,0,0,0,0,,,0,,0,0.0,,,,,,0,,,,,,,,,,,0
https://lego66.co,Lego77,urls,OK,0,2026-08-05 13:29:37,2026-07-20 08:07:43,2026-08-05 13:29:37,16.2,2,1,0,1,2,30.0,15.0,20.0,0.76,0.38,0,0.0,721.5,12.5,0.0,0.123,0.5,-1,39.9,709.0,55.5,0.0,0.38,0.38,0.0,8.11,0.123,0.05,0
https://limitedpokies.com,,oldurls,Conn Aborted,5,2026-07-30 22:28:12,,,0.0,0,0,0,0,0,0,,,0,,0,0.0,,,,,,0,,,,,,,,,,,0
https://lion88.website,LION88,urls,OK,0,2026-08-05 13:29:02,2026-07-20 08:07:37,2026-08-05 13:29:02,16.2,2,2,0,2,1,10.0,5.0,5.0,0.44,0.22,0,0.0,444.0,20.5,0.0,0.123,1.0,-2,40.0,423.5,88.8,0.0,0.22,0.22,0.0,16.22,0.062,0.03,0
https://liond18.com,,oldurls,Conn Aborted,6,2026-07-30 22:31:48,,,0.0,0,0,0,0,0,0,,,0,,0,0.0,,,,,,0,,,,,,,,,,,0
https://lisboa7.com,,oldurls,Conn Aborted,5,2026-07-30 22:28:12,,,0.0,0,0,0,0,0,0,,,0,,0,0.0,,,,,,0,,,,,,,,,,,0
https://live11.vip,,oldurls,Code 530,5,2026-07-30 20:40:54,,,0.0,0,0,0,0,0,0,,,0,,0,0.0,,,,,,0,,,,,,,,,,,0
https://live77bet.com,LiveBet,urls,OK,0,2026-08-05 13:21:06,2026-07-20 08:07:42,2026-08-05 13:21:06,16.2,1,1,0,1,1,3.0,3.0,3.0,0.16,0.16,0,0.0,300.0,20.0,0.0,0.062,1.0,-1,40.1,280.0,100.0,0.0,0.16,0.16,0.0,16.22,0.062,0.01,0
https://lmctslot.melbourne,,oldurls,Conn Aborted,6,2026-07-30 22:29:23,,,0.0,0,0,0,0,0,0,,,0,,0,0.0,,,,,,0,,,,,,,,,,,0
https://lot9ine.site,LOT9INE,urls,OK,0,2026-08-05 13:26:35,,,0.0,0,0,0,0,0,0,,,0,,0,0.0,,,,,,0,,,,,,,,,,,0
https://lovepokies.com,,oldurls,Conn Aborted,6,2026-07-30 22:29:21,,,0.0,0,0,0,0,0,0,,,0,,0,0.0,,,,,,0,,,,,,,,,,,0
https://lsdbaby.co,,oldurls,Conn Aborted,5,2026-07-30 22:28:28,,,0.0,0,0,0,0,0,0,,,0,,0,0.0,,,,,,0,,,,,,,,,,,0
https://luck77au.com,LUCK777AU,urls,OK,0,2026-08-05 13:25:41,2026-07-27 20:56:39,2026-08-05 13:25:41,8.7,2,2,0,2,1,38.0,19.0,20.0,1.54,0.77,0,0.0,550.0,15.0,0.0,0.23,1.0,-2,40.0,535.0,29.167,0.0,0.77,0.77,0.0,8.69,0.115,0.18,0
https://luckau.co,,oldurls,Conn Aborted,6,2026-07-30 22:58:38,,,0.0,0,0,0,0,0,0,,,0,,0,0.0,,,,,,0,,,,,,,,,,,0
https://lucky72au.com,,oldurls,Error,5,2026-07-30 20:41:10,,,0.0,0,0,0,0,0,0,,,0,,0,0.0,,,,,,0,,,,,,,,,,,0
https://lucky7au.com,,oldurls,Merchant Missing,5,2026-07-30 20:53:24,,,0.0,0,0,0,0,0,0,,,0,,0,0.0,,,,,,0,,,,,,,,,,,0
https://lucky7aud.com,,oldurls,Conn Aborted,0,2026-07-30 19:27:49,,,0.0,0,0,0,0,0,0,,,0,,0,0.0,,,,,,0,,,,,,,,,,,0
https://lucky96aus.com,,oldurls,Error,5,2026-07-30 19:55:17,,,0.0,0,0,0,0,0,0,,,0,,0,0.0,,,,,,0,,,,,,,,,,,0
https://luckyaceau.com,LUCKYACEAU,urls,OK,0,2026-08-05 13:20:31,,,0.0,0,0,0,0,0,0,,,0,,0,0.0,,,,,,0,,,,,,,,,,,0
https://luckyangels.co,,oldurls,Conn Aborted,6,2026-07-30 22:59:04,,,0.0,0,0,0,0,0,0,,,0,,0,0.0,,,,,,0,,,,,,,,,,,0
https://luckyaud88.com,,oldurls,Conn Aborted,6,2026-07-30 22:29:38,,,0.0,0,0,0,0,0,0,,,0,,0,0.0,,,,,,0,,,,,,,,,,,0
https://luckyaus.com,,oldurls,Merchant Missing,5,2026-07-30 20:37:09,,,0.0,0,0,0,0,0,0,,,0,,0,0.0,,,,,,0,,,,,,,,,,,0
https://luckykoala8.com,,oldurls,Conn Aborted,5,2026-07-30 22:29:36,,,0.0,0,0,0,0,0,0,,,0,,0,0.0,,,,,,0,,,,,,,,,,,0
https://luckymate88.com,Luckymate88,urls,OK,0,2026-08-05 13:26:39,2026-07-20 06:09:17,2026-08-05 13:29:07,16.3,2,2,0,2,1,15.0,7.5,10.0,1.58,0.79,0,0.0,125.0,3.99,0.0,0.123,1.0,-2,40.0,121.01,17.5,0.0,0.79,0.79,0.0,16.31,0.061,0.1,0
https://luckyozzie1.com,,oldurls,Conn Aborted,5,2026-07-30 22:28:43,,,0.0,0,0,0,0,0,0,,,0,,0,0.0,,,,,,0,,,,,,,,,,,0
https://luckypartnership.com,,oldurls,Merchant Missing,5,2026-07-30 21:00:50,,,0.0,0,0,0,0,0,0,,,0,,0,0.0,,,,,,0,,,,,,,,,,,0
https://luckypokies77.com,,oldurls,Conn Aborted,0,2026-07-30 19:34:05,,,0.0,0,0,0,0,0,0,,,0,,0,0.0,,,,,,0,,,,,,,,,,,0
https://luk77.com,,oldurls,Merchant Missing,5,2026-07-30 20:34:32,,,0.0,0,0,0,0,0,0,,,0,,0,0.0,,,,,,0,,,,,,,,,,,0
https://luna8.co,Luna8,urls,OK,0,2026-08-05 13:28:24,,,0.0,0,0,0,0,0,0,,,0,,0,0.0,,,,,,0,,,,,,,,,,,0
https://lux96.com,Lux96(AUD),urls,OK,0,2026-08-05 13:27:11,,,0.0,0,0,0,0,0,0,,,0,,0,0.0,,,,,,0,,,,,,,,,,,0
https://luxe66.com,LUXE 66: Where Every Bet is a Taste of Luxury,urls,OK,0,2026-08-05 13:24:42,,,0.0,0,0,0,0,0,0,,,0,,0,0.0,,,,,,0,,,,,,,,,,,0
https://luxeau777.com,LUXEAU777,urls,OK,0,2026-08-05 13:24:46,2026-07-20 06:09:17,2026-08-05 13:24:46,16.3,3,3,0,3,1,41.0,13.67,20.0,2.8,0.93,0,0.0,283.33,10.0,0.0,0.184,1.0,-3,40.0,273.33,28.796,0.0,0.93,0.93,0.0,16.3,0.061,0.17,0
https://lv52aud.com,,oldurls,Error,5,2026-07-30 19:57:01,,,0.0,0,0,0,0,0,0,,,0,,0,0.0,,,,,,0,,,,,,,,,,,0
https://lvbet33.com,,oldurls,Conn Aborted,6,2026-07-30 22:32:19,,,0.0,0,0,0,0,0,0,,,0,,0,0.0,,,,,,0,,,,,,,,,,,0
https://lvpokies.com,,oldurls,Timeout,0,2026-07-30 20:12:59,,,0.0,0,0,0,0,0,0,,,0,,0,0.0,,,,,,0,,,,,,,,,,,0
https://lwin9.com,,oldurls,Timeout,6,2026-07-30 22:29:07,,,0.0,0,0,0,0,0,0,,,0,,0,0.0,,,,,,0,,,,,,,,,,,0
https://m1spin.com,,oldurls,Error,5,2026-07-30 20:10:15,,,0.0,0,0,0,0,0,0,,,0,,0,0.0,,,,,,0,,,,,,,,,,,0
https://m88oz.com,,oldurls,Merchant Missing,5,2026-07-30 20:43:43,,,0.0,0,0,0,0,0,0,,,0,,0,0.0,,,,,,0,,,,,,,,,,,0
https://m88win.vip,,oldurls,Merchant Missing,5,2026-07-30 19:50:44,,,0.0,0,0,0,0,0,0,,,0,,0,0.0,,,,,,0,,,,,,,,,,,0
https://m99au.com,M99AU,oldurls,Method Not Allowed,5,2026-07-30 20:23:14,,,0.0,0,0,0,0,0,0,,,0,,0,0.0,,,,,,0,,,,,,,,,,,0
https://macluck9aus.net,,oldurls,Error,5,2026-07-30 20:17:00,,,0.0,0,0,0,0,0,0,,,0,,0,0.0,,,,,,0,,,,,,,,,,,0
https://madjili.net,MADJILI,urls,OK,0,2026-08-05 13:23:48,,,0.0,0,0,0,0,0,0,,,0,,0,0.0,,,,,,0,,,,,,,,,,,0
https://magicspin77aus.com,MagicSpin77,urls,OK,0,2026-08-05 13:27:31,,,0.0,0,0,0,0,0,0,,,0,,0,0.0,,,,,,0,,,,,,,,,,,0
https://mansion7.fun,AX99 AUS,oldurls,Error,5,2026-07-30 19:25:06,,,0.0,0,0,0,0,0,0,,,0,,0,0.0,,,,,,0,,,,,,,,,,,0
https://mansion7.fun/TB23A23221A,AX99 AUS,oldurls,Error,5,2026-07-30 20:35:18,,,0.0,0,0,0,0,0,0,,,0,,0,0.0,,,,,,0,,,,,,,,,,,0
https://mario666.com,,oldurls,Merchant Missing,5,2026-07-30 20:08:33,,,0.0,0,0,0,0,0,0,,,0,,0,0.0,,,,,,0,,,,,,,,,,,0
https://mario9.asia,,oldurls,Conn Aborted,6,2026-07-30 22:52:17,,,0.0,0,0,0,0,0,0,,,0,,0,0.0,,,,,,0,,,,,,,,,,,0
https://mariowin9.com,,oldurls,Timeout,0,2026-07-30 19:59:01,,,0.0,0,0,0,0,0,0,,,0,,0,0.0,,,,,,0,,,,,,,,,,,0
https://marvelaus1.com,TAXIS33 - VIP Platform,oldurls,Error,5,2026-07-30 20:05:57,,,0.0,0,0,0,0,0,0,,,0,,0,0.0,,,,,,0,,,,,,,,,,,0
https://masonspin.com,,oldurls,Timeout,7,2026-07-30 22:59:30,,,0.0,0,0,0,0,0,0,,,0,,0,0.0,,,,,,0,,,,,,,,,,,0
https://mate96.com,,oldurls,Conn Aborted,5,2026-07-30 22:29:00,,,0.0,0,0,0,0,0,0,,,0,,0,0.0,,,,,,0,,,,,,,,,,,0
https://matemate11.com,,oldurls,Blocked,5,2026-07-30 22:32:35,,,0.0,0,0,0,0,0,0,,,0,,0,0.0,,,,,,0,,,,,,,,,,,0
https://mates88.com,MATES88,urls,OK,0,2026-08-05 13:22:39,2026-07-29 04:03:39,2026-08-05 13:22:39,7.4,1,1,0,1,1,18.88,18.88,18.88,0.01,0.01,0,0.0,188.0,10.0,188.0,0.135,1.0,-1,40.1,178.0,9.958,3549.44,0.01,0.0,0.0,7.39,0.135,0.0,0
https://matespin77.net,Matespin77,urls,OK,0,2026-08-05 13:20:08,,,0.0,0,0,0,0,0,0,,,0,,0,0.0,,,,,,0,,,,,,,,,,,0
https://maxcunt.com,,oldurls,Conn Aborted,6,2026-07-30 22:59:04,,,0.0,0,0,0,0,0,0,,,0,,0,0.0,,,,,,0,,,,,,,,,,,0
https://maxim88au.com,,oldurls,Error,5,2026-07-30 19:38:15,,,0.0,0,0,0,0,0,0,,,0,,0,0.0,,,,,,0,,,,,,,,,,,0
https://maxmeth.com,,oldurls,Conn Aborted,5,2026-07-30 22:30:09,,,0.0,0,0,0,0,0,0,,,0,,0,0.0,,,,,,0,,,,,,,,,,,0
https://maxpokies.com,,oldurls,Error,5,2026-07-30 20:58:35,,,0.0,0,0,0,0,0,0,,,0,,0,0.0,,,,,,0,,,,,,,,,,,0
https://maxspin7.com,MaxSpin7,urls,OK,0,2026-08-05 13:27:20,,,0.0,0,0,0,0,0,0,,,0,,0,0.0,,,,,,0,,,,,,,,,,,0
https://mb9.club,MB9AU Online Slots,urls,OK,0,2026-08-05 13:26:01,,,0.0,0,0,0,0,0,0,,,0,,0,0.0,,,,,,0,,,,,,,,,,,0
https://mb9.co,MB9AU Online Slots,urls,OK,0,2026-08-05 13:24:21,,,0.0,0,0,0,0,0,0,,,0,,0,0.0,,,,,,0,,,,,,,,,,,0
https://mb9au.net,MB9AU Online Slots,urls,OK,0,2026-08-05 13:28:02,,,0.0,0,0,0,0,0,0,,,0,,0,0.0,,,,,,0,,,,,,,,,,,0
https://mbs77au.live,,oldurls,Conn Aborted,5,2026-07-30 22:30:31,,,0.0,0,0,0,0,0,0,,,0,,0,0.0,,,,,,0,,,,,,,,,,,0
https://mcdollar9.com,McDollar9 (AUD),urls,OK,0,2026-08-05 13:27:11,2026-07-21 19:22:24,2026-08-05 13:27:11,14.8,1,1,0,1,1,10.0,10.0,10.0,1.26,1.26,0,0.0,199.0,20.0,0.0,0.068,1.0,-1,40.0,179.0,19.9,0.0,1.26,1.26,0.0,14.75,0.068,0.09,0
https://md9aus.com,,oldurls,Conn Aborted,6,2026-07-30 22:29:16,,,0.0,0,0,0,0,0,0,,,0,,0,0.0,,,,,,0,,,,,,,,,,,0
https://me99aud.com,Me99,urls,OK,0,2026-08-05 13:22:57,2026-07-20 06:09:21,2026-08-05 13:22:57,16.3,1,1,0,1,1,15.0,15.0,15.0,0.54,0.54,0,0.0,500.0,10.0,0.0,0.061,1.0,-1,40.1,490.0,33.333,0.0,0.54,0.54,0.0,16.3,0.061,0.03,0
https://medusa9.com,,oldurls,Conn Aborted,0,2026-07-30 19:49:10,,,0.0,0,0,0,0,0,0,,,0,,0,0.0,,,,,,0,,,,,,,,,,,0
https://mee88aus.com,MEE88 AUS,urls,OK,0,2026-08-05 13:25:47,2026-07-20 23:38:50,2026-08-05 13:25:47,15.6,2,2,0,2,1,23.1,11.55,23.0,5.4,2.7,0,0.0,400.0,199.0,0.0,0.128,1.0,-2,40.0,790.0,17.391,0.0,2.7,2.7,0.0,15.57,0.064,0.35,0
https://mega98au.com,MEGA98,urls,OK,0,2026-08-05 13:27:49,,,0.0,0,0,0,0,0,0,,,0,,0,0.0,,,,,,0,,,,,,,,,,,0
https://megabet26.com,MegaBet26,urls,OK,0,2026-08-05 13:20:59,,,0.0,0,0,0,0,0,0,,,0,,0,0.0,,,,,,0,,,,,,,,,,,0
https://megadice96.com,MegaDice96 E-Wallet Casino Australia,urls,OK,0,2026-08-05 13:27:40,,,0.0,0,0,0,0,0,0,,,0,,0,0.0,,,,,,0,,,,,,,,,,,0
https://megawin88au.com,,oldurls,Error,6,2026-07-30 22:58:55,,,0.0,0,0,0,0,0,0,,,0,,0,0.0,,,,,,0,,,,,,,,,,,0
https://melspin.com,,oldurls,Merchant Missing,7,2026-07-30 22:59:21,,,0.0,0,0,0,0,0,0,,,0,,0,0.0,,,,,,0,,,,,,,,,,,0
https://meth688.com,,oldurls,Conn Aborted,6,2026-07-30 22:30:25,,,0.0,0,0,0,0,0,0,,,0,,0,0.0,,,,,,0,,,,,,,,,,,0
https://methaus.com,,oldurls,Merchant Missing,5,2026-07-30 20:31:41,,,0.0,0,0,0,0,0,0,,,0,,0,0.0,,,,,,0,,,,,,,,,,,0
https://methbaby.co,,oldurls,Timeout,5,2026-07-30 22:31:11,,,0.0,0,0,0,0,0,0,,,0,,0,0.0,,,,,,0,,,,,,,,,,,0
https://methbet.com,,oldurls,Merchant Missing,6,2026-07-30 22:29:34,,,0.0,0,0,0,0,0,0,,,0,,0,0.0,,,,,,0,,,,,,,,,,,0
https://methfreak.com,MethFreak,urls,OK,0,2026-08-05 13:23:08,,,0.0,0,0,0,0,0,0,,,0,,0,0.0,,,,,,0,,,,,,,,,,,0
https://methking.com,MethKing,urls,OK,0,2026-08-05 13:21:01,,,0.0,0,0,0,0,0,0,,,0,,0,0.0,,,,,,0,,,,,,,,,,,0
https://methmate11.com,,oldurls,Error,5,2026-07-30 19:34:20,,,0.0,0,0,0,0,0,0,,,0,,0,0.0,,,,,,0,,,,,,,,,,,0
https://methmeth.com,,oldurls,Conn Aborted,6,2026-07-30 22:33:06,,,0.0,0,0,0,0,0,0,,,0,,0,0.0,,,,,,0,,,,,,,,,,,0
https://methpokie.com,,oldurls,Error,5,2026-07-30 20:24:03,,,0.0,0,0,0,0,0,0,,,0,,0,0.0,,,,,,0,,,,,,,,,,,0
https://methpokies.com,,oldurls,Merchant Missing,5,2026-07-30 20:27:27,,,0.0,0,0,0,0,0,0,,,0,,0,0.0,,,,,,0,,,,,,,,,,,0
https://methspin.com,,oldurls,Conn Aborted,6,2026-07-30 22:52:32,,,0.0,0,0,0,0,0,0,,,0,,0,0.0,,,,,,0,,,,,,,,,,,0
https://methwin.com,,oldurls,Merchant Missing,5,2026-07-30 20:47:31,,,0.0,0,0,0,0,0,0,,,0,,0,0.0,,,,,,0,,,,,,,,,,,0
https://miawin.com,,oldurls,Conn Aborted,5,2026-07-30 22:30:41,,,0.0,0,0,0,0,0,0,,,0,,0,0.0,,,,,,0,,,,,,,,,,,0
https://micky13.net,,oldurls,Conn Aborted,7,2026-07-30 22:59:46,,,0.0,0,0,0,0,0,0,,,0,,0,0.0,,,,,,0,,,,,,,,,,,0
https://millionaireaud.com,,oldurls,Conn Aborted,5,2026-07-30 22:29:49,,,0.0,0,0,0,0,0,0,,,0,,0,0.0,,,,,,0,,,,,,,,,,,0
https://millionclub9aus.club,EV88,oldurls,Error,5,2026-07-30 20:58:07,,,0.0,0,0,0,0,0,0,,,0,,0,0.0,,,,,,0,,,,,,,,,,,0
https://minionspin.pro,,oldurls,Conn Aborted,6,2026-07-30 22:33:22,,,0.0,0,0,0,0,0,0,,,0,,0,0.0,,,,,,0,,,,,,,,,,,0
https://minorspin.com,,oldurls,Conn Aborted,0,2026-07-30 19:56:03,,,0.0,0,0,0,0,0,0,,,0,,0,0.0,,,,,,0,,,,,,,,,,,0
https://minorspin.net,,oldurls,Conn Aborted,7,2026-07-30 22:59:20,,,0.0,0,0,0,0,0,0,,,0,,0,0.0,,,,,,0,,,,,,,,,,,0
https://mix9au.com,,oldurls,Error,5,2026-07-30 20:54:33,,,0.0,0,0,0,0,0,0,,,0,,0,0.0,,,,,,0,,,,,,,,,,,0
https://mkaus.co,MK Gaming,urls,OK,0,2026-08-05 13:27:30,2026-07-20 23:38:28,2026-08-05 13:27:30,15.6,1,1,0,1,1,1.0,1.0,1.0,0.12,0.12,0,0.0,127.0,27.0,0.0,0.064,1.0,-1,40.0,100.0,127.0,0.0,0.12,0.12,0.0,15.58,0.064,0.01,0
https://mmd9.net,MMD9WIN,urls,OK,0,2026-08-05 13:23:08,,,0.0,0,0,0,0,0,0,,,0,,0,0.0,,,,,,0,,,,,,,,,,,0
https://mnp88.pro,,urls,Conn Aborted,13,2026-08-05 13:31:24,,,0.0,0,0,0,0,0,0,,,0,,0,0.0,,,,,,0,,,,,,,,,,,0
https://mnp88.pro/MNP982A193,,oldurls,Conn Aborted,7,2026-07-30 22:59:10,,,0.0,0,0,0,0,0,0,,,0,,0,0.0,,,,,,0,,,,,,,,,,,0
https://mofoaus.com,MOFOAUS,urls,OK,0,2026-08-05 13:22:32,,,0.0,0,0,0,0,0,0,,,0,,0,0.0,,,,,,0,,,,,,,,,,,0
https://mofoclub.com,,oldurls,Merchant Missing,5,2026-07-30 22:30:09,,,0.0,0,0,0,0,0,0,,,0,,0,0.0,,,,,,0,,,,,,,,,,,0
https://mofospin.com,,oldurls,Conn Aborted,7,2026-07-30 22:59:36,,,0.0,0,0,0,0,0,0,,,0,,0,0.0,,,,,,0,,,,,,,,,,,0
https://monash96.com,,oldurls,Conn Aborted,6,2026-07-30 22:30:32,,,0.0,0,0,0,0,0,0,,,0,,0,0.0,,,,,,0,,,,,,,,,,,0
https://moneypotpokies.com,,oldurls,Merchant Missing,6,2026-07-30 22:31:15,,,0.0,0,0,0,0,0,0,,,0,,0,0.0,,,,,,0,,,,,,,,,,,0
https://monica999.co,,oldurls,Code 530,5,2026-07-30 20:07:22,,,0.0,0,0,0,0,0,0,,,0,,0,0.0,,,,,,0,,,,,,,,,,,0
https://monoaud.com,MONOAUD,urls,OK,0,2026-08-05 13:27:38,2026-07-27 20:58:08,2026-08-05 13:27:38,8.7,1,1,0,1,1,0.2,0.2,0.2,0.0,0.0,0,0.0,488.0,30.0,0.0,0.115,1.0,-1,40.0,458.0,2440.0,0.0,0.0,0.0,0.0,8.69,0.115,0.0,0
https://mooncunt.net,,oldurls,Error,5,2026-07-30 22:31:59,,,0.0,0,0,0,0,0,0,,,0,,0,0.0,,,,,,0,,,,,,,,,,,0
https://mpokies.com,Mpokies,urls,OK,0,2026-08-05 13:21:34,2026-07-31 09:20:47,2026-08-05 13:21:34,5.2,3,1,0,1,2,11.97,3.99,3.99,2.11,0.7,0,0.0,100.0,10.0,0.0,0.581,0.333,-1,40.1,90.0,25.063,0.0,0.7,0.7,0.0,2.01,0.387,0.41,0
https://mpower007.com,MEGA98,oldurls,Error,5,2026-07-30 20:21:49,,,0.0,0,0,0,0,0,0,,,0,,0,0.0,,,,,,0,,,,,,,,,,,0
https://mrau7.com,MR.AU7,urls,OK,0,2026-08-05 13:21:20,,,0.0,0,0,0,0,0,0,,,0,,0,0.0,,,,,,0,,,,,,,,,,,0
https://mrbean9.com,MrBean9,urls,OK,0,2026-08-05 13:22:07,2026-07-27 15:15:58,2026-08-05 13:22:07,8.9,1,1,0,1,1,13.0,13.0,13.0,0.33,0.33,0,0.0,630.0,10.0,0.0,0.112,1.0,-1,40.1,620.0,48.462,0.0,0.33,0.33,0.0,8.92,0.112,0.04,0
https://mrbeng68.com,MRBENG68,urls,OK,0,2026-08-05 13:27:06,,,0.0,0,0,0,0,0,0,,,0,,0,0.0,,,,,,0,,,,,,,,,,,0
https://mrbet9au.info,MrBet9au,oldurls,Merchant Missing,5,2026-07-30 20:56:27,2026-07-21 19:24:14,2026-07-21 19:24:14,9.1,1,0,0,0,1,88.0,88.0,88.0,52.27,52.27,0,0.0,108.0,28.0,0.0,0.11,0.0,0,394.0,80.0,1.227,0.0,52.27,52.27,0.0,0.0,0.11,5.77,0
https://mrbk8.co,,oldurls,Error,6,2026-07-30 22:52:50,,,0.0,0,0,0,0,0,0,,,0,,0,0.0,,,,,,0,,,,,,,,,,,0
https://mrblueyau.com,MRBLUEY,urls,OK,0,2026-08-05 13:27:16,,,0.0,0,0,0,0,0,0,,,0,,0,0.0,,,,,,0,,,,,,,,,,,0
https://mrgreen8.com,,oldurls,Error,5,2026-07-30 20:27:13,,,0.0,0,0,0,0,0,0,,,0,,0,0.0,,,,,,0,,,,,,,,,,,0
https://mrlucky9.com,MrLucky9,urls,OK,0,2026-08-05 13:22:08,,,0.0,0,0,0,0,0,0,,,0,,0,0.0,,,,,,0,,,,,,,,,,,0
https://mrpay9.com,MrPay9 (AUD),urls,OK,0,2026-08-05 13:27:00,,,0.0,0,0,0,0,0,0,,,0,,0,0.0,,,,,,0,,,,,,,,,,,0
https://mrpoint.co,MRPOINT,urls,OK,0,2026-08-05 13:22:34,2026-07-20 06:09:10,2026-08-03 08:18:18,14.1,1,0,0,0,1,10.0,10.0,10.0,0.17,0.17,0,0.0,1000.0,20.33,0.0,0.071,0.0,0,93.1,979.67,100.0,0.0,0.17,0.17,0.0,14.09,0.071,0.01,0
https://mrpokies77.com,MR.POKIES77,urls,OK,0,2026-08-05 13:24:19,2026-07-20 06:09:15,2026-08-05 13:24:19,16.3,5,4,0,4,2,131.0,26.2,88.0,6.03,1.21,0,0.0,540.0,9.64,0.0,0.307,0.8,-4,40.0,530.36,42.864,0.0,1.21,1.21,0.0,15.89,0.123,0.37,0
https://mrpokies9.com,MrPokies9,urls,OK,0,2026-08-05 13:23:54,,,0.0,0,0,0,0,0,0,,,0,,0,0.0,,,,,,0,,,,,,,,,,,0
https://mrspin9au.com,MrSpin9,urls,OK,0,2026-08-05 13:26:16,,,0.0,0,0,0,0,0,0,,,0,,0,0.0,,,,,,0,,,,,,,,,,,0
https://mrspin9au.net,MrSpin9,urls,OK,0,2026-08-05 13:22:42,,,0.0,0,0,0,0,0,0,,,0,,0,0.0,,,,,,0,,,,,,,,,,,0
https://mrvictor9.com,MrVictor9,urls,OK,0,2026-08-05 13:28:48,,,0.0,0,0,0,0,0,0,,,0,,0,0.0,,,,,,0,,,,,,,,,,,0
https://mrvip9.com,MRVIP9,urls,OK,0,2026-08-05 13:22:53,,,0.0,0,0,0,0,0,0,,,0,,0,0.0,,,,,,0,,,,,,,,,,,0
https://mrwin5.com,MrWin5,urls,OK,0,2026-08-05 13:26:49,,,0.0,0,0,0,0,0,0,,,0,,0,0.0,,,,,,0,,,,,,,,,,,0
https://mrwin68.com,MRWIN68,urls,OK,0,2026-08-05 13:26:54,,,0.0,0,0,0,0,0,0,,,0,,0,0.0,,,,,,0,,,,,,,,,,,0
https://mrwin77au.com,MrWin77,urls,OK,0,2026-08-05 13:29:22,,,0.0,0,0,0,0,0,0,,,0,,0,0.0,,,,,,0,,,,,,,,,,,0
https://mrwin888.com,,oldurls,Timeout,0,2026-07-30 20:18:18,,,0.0,0,0,0,0,0,0,,,0,,0,0.0,,,,,,0,,,,,,,,,,,0
https://mrwin9au.com,MrWin9,urls,OK,0,2026-08-05 13:24:13,2026-07-27 18:20:44,2026-07-27 18:20:44,8.8,1,0,0,0,1,9.99,9.99,9.99,2.42,2.42,0,0.0,129.99,30.0,0.0,0.114,0.0,0,251.1,99.99,13.012,0.0,2.42,2.42,0.0,0.0,0.114,0.28,0
https://msn33.com,,oldurls,Error,5,2026-07-30 22:07:29,,,0.0,0,0,0,0,0,0,,,0,,0,0.0,,,,,,0,,,,,,,,,,,0
https://muckerspin.com,,oldurls,Conn Aborted,6,2026-07-30 22:30:48,,,0.0,0,0,0,0,0,0,,,0,,0,0.0,,,,,,0,,,,,,,,,,,0
https://mullet28.com,,oldurls,Conn Aborted,0,2026-07-30 19:21:11,,,0.0,0,0,0,0,0,0,,,0,,0,0.0,,,,,,0,,,,,,,,,,,0
https://mummyaus.com,,oldurls,Conn Aborted,5,2026-07-30 22:31:30,,,0.0,0,0,0,0,0,0,,,0,,0,0.0,,,,,,0,,,,,,,,,,,0
https://mwaus.co,,oldurls,Conn Aborted,6,2026-07-30 22:32:15,,,0.0,0,0,0,0,0,0,,,0,,0,0.0,,,,,,0,,,,,,,,,,,0
https://mybet9au.net,MYBET9 AUSTRALIA,urls,OK,0,2026-08-05 13:23:36,,,0.0,0,0,0,0,0,0,,,0,,0,0.0,,,,,,0,,,,,,,,,,,0
https://n1spin.com,,oldurls,Conn Aborted,0,2026-07-30 20:11:16,,,0.0,0,0,0,0,0,0,,,0,,0,0.0,,,,,,0,,,,,,,,,,,0
https://n1win.net,,oldurls,Merchant Missing,5,2026-07-30 20:57:15,,,0.0,0,0,0,0,0,0,,,0,,0,0.0,,,,,,0,,,,,,,,,,,0
https://nbapay.com,,oldurls,Merchant Missing,5,2026-07-30 20:34:46,,,0.0,0,0,0,0,0,0,,,0,,0,0.0,,,,,,0,,,,,,,,,,,0
https://neiro55.com,NEIRO55,urls,OK,0,2026-08-05 13:28:08,2026-07-20 06:09:29,2026-08-05 13:28:08,16.3,3,2,0,2,2,70.0,23.33,35.0,2.33,0.78,0,0.0,659.0,11.67,0.0,0.184,0.667,-2,40.0,647.33,39.233,0.0,0.78,0.78,0.0,15.57,0.123,0.14,0
https://nelspin.com,NELSPIN,urls,OK,0,2026-08-05 13:28:09,,,0.0,0,0,0,0,0,0,,,0,,0,0.0,,,,,,0,,,,,,,,,,,0
https://neogeo99.com,,oldurls,Conn Aborted,6,2026-07-30 22:30:43,,,0.0,0,0,0,0,0,0,,,0,,0,0.0,,,,,,0,,,,,,,,,,,0
https://neolux.vip,NEOLUX,urls,OK,0,2026-08-05 13:26:21,2026-07-20 06:09:22,2026-08-05 13:26:21,16.3,5,2,0,2,4,95.0,19.0,40.0,1.74,0.35,0,0.0,1610.0,12.9,0.0,0.307,0.4,-2,40.0,1597.1,79.3,0.0,0.35,0.35,0.0,7.56,0.245,0.11,0
https://neospin66.com,,oldurls,Merchant Missing,5,2026-07-30 19:30:55,,,0.0,0,0,0,0,0,0,,,0,,0,0.0,,,,,,0,,,,,,,,,,,0
https://neospin66aus.com,NeoSpin66,urls,OK,0,2026-08-05 13:24:33,,,0.0,0,0,0,0,0,0,,,0,,0,0.0,,,,,,0,,,,,,,,,,,0
https://net96aus.com,,oldurls,Conn Aborted,7,2026-07-30 23:00:00,,,0.0,0,0,0,0,0,0,,,0,,0,0.0,,,,,,0,,,,,,,,,,,0
https://netplay77.com,,oldurls,Conn Aborted,7,2026-07-30 22:59:36,,,0.0,0,0,0,0,0,0,,,0,,0,0.0,,,,,,0,,,,,,,,,,,0
https://new-casino-1.com,,oldurls,Conn Aborted,0,2026-07-30 19:54:10,,,0.0,0,0,0,0,0,0,,,0,,0,0.0,,,,,,0,,,,,,,,,,,0
https://nextpokies.com,NextPokies,urls,OK,0,2026-08-05 13:24:53,,,0.0,0,0,0,0,0,0,,,0,,0,0.0,,,,,,0,,,,,,,,,,,0
https://nextpokies.org,NextPokies,urls,OK,0,2026-08-05 13:26:03,,,0.0,0,0,0,0,0,0,,,0,,0,0.0,,,,,,0,,,,,,,,,,,0
https://nextwin77.com,,oldurls,Conn Aborted,7,2026-07-30 22:59:25,,,0.0,0,0,0,0,0,0,,,0,,0,0.0,,,,,,0,,,,,,,,,,,0
https://nexus96.com,,oldurls,Merchant Missing,5,2026-07-30 19:27:35,,,0.0,0,0,0,0,0,0,,,0,,0,0.0,,,,,,0,,,,,,,,,,,0
https://nezha22.com,NZ22,urls,OK,0,2026-08-05 13:28:47,,,0.0,0,0,0,0,0,0,,,0,,0,0.0,,,,,,0,,,,,,,,,,,0
https://nicemeth.com,,oldurls,Timeout,6,2026-07-30 22:32:55,,,0.0,0,0,0,0,0,0,,,0,,0,0.0,,,,,,0,,,,,,,,,,,0
https://nightclubaus.com,NC88AU,oldurls,Blocked,7,2026-07-30 22:59:51,2026-07-20 03:00:38,2026-07-20 03:00:38,10.8,1,0,0,0,1,18.88,18.88,18.88,0.39,0.39,0,0.0,1000.0,20.0,0.0,0.092,0.0,0,434.4,980.0,52.966,0.0,0.39,0.39,0.0,0.0,0.092,0.04,0
https://ninjabet88.vip,,oldurls,Error,5,2026-07-30 20:30:13,,,0.0,0,0,0,0,0,0,,,0,,0,0.0,,,,,,0,,,,,,,,,,,0
https://ninjaturtle.vip,,oldurls,Merchant Missing,5,2026-07-30 20:41:54,,,0.0,0,0,0,0,0,0,,,0,,0,0.0,,,,,,0,,,,,,,,,,,0
https://nitro96.com,NITRO96,urls,OK,0,2026-08-05 13:21:11,,,0.0,0,0,0,0,0,0,,,0,,0,0.0,,,,,,0,,,,,,,,,,,0
https://novabet13.com,NOVABET13,urls,OK,0,2026-08-05 13:22:28,2026-07-27 20:37:11,2026-08-05 13:22:28,8.7,1,1,0,1,1,5.0,5.0,5.0,0.72,0.72,0,0.0,150.0,20.0,0.0,0.115,1.0,-1,40.1,130.0,30.0,0.0,0.72,0.72,0.0,8.7,0.115,0.08,0
https://novaluck.org,,oldurls,Conn Aborted,0,2026-07-30 20:04:10,,,0.0,0,0,0,0,0,0,,,0,,0,0.0,,,,,,0,,,,,,,,,,,0
https://nugget77.com,,oldurls,Conn Aborted,0,2026-07-30 19:26:23,,,0.0,0,0,0,0,0,0,,,0,,0,0.0,,,,,,0,,,,,,,,,,,0
https://ocean96.com,OCEAN96,urls,OK,0,2026-08-05 13:22:43,,,0.0,0,0,0,0,0,0,,,0,,0,0.0,,,,,,0,,,,,,,,,,,0
https://ocl8aus.com,,oldurls,Conn Aborted,0,2026-07-30 19:37:05,,,0.0,0,0,0,0,0,0,,,0,,0,0.0,,,,,,0,,,,,,,,,,,0
https://ohyes66.com,,oldurls,Merchant Missing,5,2026-07-30 21:00:06,,,0.0,0,0,0,0,0,0,,,0,,0,0.0,,,,,,0,,,,,,,,,,,0
https://oimate.co,,oldurls,Conn Aborted,5,2026-07-30 22:00:18,,,0.0,0,0,0,0,0,0,,,0,,0,0.0,,,,,,0,,,,,,,,,,,0
https://okbet789.co,Okbet789 Online Casino Australia,urls,OK,0,2026-08-05 13:23:53,2026-07-29 06:08:37,2026-08-05 13:23:53,7.3,2,2,0,2,1,167.0,83.5,89.0,6.84,3.42,0,0.0,835.0,20.0,0.0,0.274,1.0,-2,40.0,815.0,10.0,0.0,3.42,3.42,0.0,7.3,0.137,0.94,0
https://okvip7.net,OKVip7 (AUD),urls,OK,0,2026-08-05 13:26:55,2026-07-27 20:37:19,2026-08-05 13:26:55,8.7,2,2,0,2,1,94.7,47.35,77.0,3.18,1.59,0,0.0,916.0,20.0,0.0,0.23,1.0,-2,40.0,896.0,17.922,0.0,1.59,1.59,0.0,8.7,0.115,0.37,0
https://okwin33.com,OKWIN33,urls,OK,0,2026-08-05 13:25:26,,,0.0,0,0,0,0,0,0,,,0,,0,0.0,,,,,,0,,,,,,,,,,,0
https://on88aud.io,On88aud,urls,OK,0,2026-08-05 13:28:42,,,0.0,0,0,0,0,0,0,,,0,,0,0.0,,,,,,0,,,,,,,,,,,0
https://on9au.com,ON9 AUS,urls,OK,0,2026-08-05 13:28:12,2026-07-30 11:09:19,2026-08-05 13:28:12,6.1,2,2,0,2,1,129.0,64.5,99.0,7.1,3.55,0,0.0,600.0,20.0,0.0,0.328,1.0,-2,40.0,580.0,9.545,0.0,3.55,3.55,0.0,3.05,0.164,1.16,0
https://onewin9.com,ONEWIN9,urls,OK,0,2026-08-05 13:26:49,,,0.0,0,0,0,0,0,0,,,0,,0,0.0,,,,,,0,,,,,,,,,,,0
https://onewin9.com/OW92270287A2,ONEWIN9,oldurls,Not Found,5,2026-07-30 20:47:46,,,0.0,0,0,0,0,0,0,,,0,,0,0.0,,,,,,0,,,,,,,,,,,0
https://onlymeth.com,,oldurls,Timeout,0,2026-07-30 20:15:22,,,0.0,0,0,0,0,0,0,,,0,,0,0.0,,,,,,0,,,,,,,,,,,0
https://onya88.com,ONYA88,urls,OK,0,2026-08-05 13:21:46,2026-07-27 15:24:32,2026-08-05 13:21:46,8.9,2,2,0,2,1,28.88,14.44,18.88,0.01,0.0,0,0.0,544.0,10.0,544.0,0.224,1.0,-2,40.1,534.0,33.517,9382.72,0.0,0.0,0.0,8.91,0.112,0.0,0
https://onyxaud.com,OnyxAUD,urls,OK,0,2026-08-05 13:26:24,2026-07-20 08:07:47,2026-08-05 13:29:31,16.2,4,3,0,3,2,19.4,4.85,10.0,32.42,8.1,1,0.4,400.0,232.05,0.0,0.247,0.75,-3,39.9,519.93,56.25,0.0,8.1,8.1,0.021,15.67,0.123,2.0,0
https://opalaud.com,OpalAUD,urls,OK,0,2026-08-05 13:25:21,2026-07-27 20:52:58,2026-08-05 13:25:21,8.7,3,3,0,3,1,401.0,133.67,388.0,3.84,1.28,0,0.0,1833.33,13.33,0.0,0.345,1.0,-3,40.0,1820.0,44.296,0.0,1.28,1.28,0.0,8.69,0.115,0.44,0
https://opera777.co,TAXIS33 - VIP Platform,oldurls,Error,5,2026-07-30 19:55:50,,,0.0,0,0,0,0,0,0,,,0,,0,0.0,,,,,,0,,,,,,,,,,,0
https://outback444.com,,oldurls,Conn Aborted,6,2026-07-30 22:53:07,,,0.0,0,0,0,0,0,0,,,0,,0,0.0,,,,,,0,,,,,,,,,,,0
https://oz2win.com,Oz2win,urls,OK,0,2026-08-05 13:24:03,2026-08-05 13:24:03,2026-08-05 13:24:03,0.0,1,1,0,1,1,0.1,0.1,0.1,6.78,6.78,0,0.0,0.0,4000.0,0.0,,1.0,-1,40.0,,0.0,0.0,6.78,6.78,0.0,0.0,,,0
https://ozclub88.com,,oldurls,Conn Aborted,0,2026-07-30 19:27:09,,,0.0,0,0,0,0,0,0,,,0,,0,0.0,,,,,,0,,,,,,,,,,,0
https://oziwins.com,,oldurls,Conn Aborted,6,2026-07-30 22:32:01,,,0.0,0,0,0,0,0,0,,,0,,0,0.0,,,,,,0,,,,,,,,,,,0
https://ozlotto88.com,OZLOTTO88,urls,OK,0,2026-08-05 13:26:25,2026-07-20 06:09:30,2026-08-05 13:26:25,16.3,1,1,0,1,1,4.0,4.0,4.0,0.16,0.16,0,0.0,400.0,20.0,0.0,0.061,1.0,-1,40.0,380.0,100.0,0.0,0.16,0.16,0.0,16.3,0.061,0.01,0
https://ozmeth.com,,oldurls,Error,5,2026-07-30 20:52:39,,,0.0,0,0,0,0,0,0,,,0,,0,0.0,,,,,,0,,,,,,,,,,,0
https://ozplay.net,,oldurls,Conn Aborted,5,2026-07-30 22:33:10,,,0.0,0,0,0,0,0,0,,,0,,0,0.0,,,,,,0,,,,,,,,,,,0
https://ozplay77.net,Ozplay77,urls,OK,0,2026-08-05 13:23:30,,,0.0,0,0,0,0,0,0,,,0,,0,0.0,,,,,,0,,,,,,,,,,,0
https://ozreel88.com,OZ REEL88 l,urls,OK,0,2026-08-05 13:20:57,2026-07-20 08:07:50,2026-08-05 13:20:57,16.2,4,2,0,2,3,65.35,16.34,22.59,104.97,26.24,1,22.59,337.0,92.5,137.0,0.247,0.5,-2,40.1,426.0,21.441,2039.56,26.24,26.24,0.346,8.11,0.185,6.47,0
https://ozspin.co,OZSPIN,urls,OK,0,2026-08-05 13:24:03,,,0.0,0,0,0,0,0,0,,,0,,0,0.0,,,,,,0,,,,,,,,,,,0
https://ozwin77.com,,oldurls,Conn Aborted,5,2026-07-30 22:31:13,,,0.0,0,0,0,0,0,0,,,0,,0,0.0,,,,,,0,,,,,,,,,,,0
https://ozy777.com,OZY777,urls,OK,0,2026-08-05 13:23:06,,,0.0,0,0,0,0,0,0,,,0,,0,0.0,,,,,,0,,,,,,,,,,,0
https://palworld96.com,,oldurls,Conn Aborted,7,2026-07-30 23:00:16,,,0.0,0,0,0,0,0,0,,,0,,0,0.0,,,,,,0,,,,,,,,,,,0
https://panda95au.com,Panda95 AU,urls,OK,0,2026-08-05 13:28:06,2026-07-29 03:46:54,2026-08-05 13:28:06,7.4,3,1,0,1,3,9.17,3.06,8.0,21.16,7.05,1,1.0,16.67,471.67,18.33,0.405,0.333,-1,40.0,34.0,2.083,135.0,7.05,3.93,0.109,0.82,0.405,2.86,0
https://paramax9.com,,oldurls,Merchant Missing,6,2026-07-30 22:59:54,,,0.0,0,0,0,0,0,0,,,0,,0,0.0,,,,,,0,,,,,,,,,,,0
https://pawkies.co,,oldurls,Conn Aborted,6,2026-07-30 22:32:16,,,0.0,0,0,0,0,0,0,,,0,,0,0.0,,,,,,0,,,,,,,,,,,0
https://payau99.com,,oldurls,Conn Aborted,6,2026-07-30 22:33:25,,,0.0,0,0,0,0,0,0,,,0,,0,0.0,,,,,,0,,,,,,,,,,,0
https://payday247.net,,oldurls,Error,5,2026-07-30 19:38:01,,,0.0,0,0,0,0,0,0,,,0,,0,0.0,,,,,,0,,,,,,,,,,,0
https://payid123.com,PayID123,urls,OK,0,2026-08-05 13:28:18,2026-08-05 13:28:18,2026-08-05 13:28:18,0.0,1,1,0,1,1,8.8,8.8,8.8,0.19,0.19,0,0.0,888.0,30.0,0.0,,1.0,-1,40.0,858.0,100.909,0.0,0.19,0.19,0.0,0.0,,,0
https://paynow77.com,,oldurls,Conn Aborted,5,2026-07-30 22:31:27,,,0.0,0,0,0,0,0,0,,,0,,0,0.0,,,,,,0,,,,,,,,,,,0
https://pday99au.com,,oldurls,Conn Aborted,0,2026-07-30 20:00:36,,,0.0,0,0,0,0,0,0,,,0,,0,0.0,,,,,,0,,,,,,,,,,,0
https://peakbet.co,PEAKBET,urls,OK,0,2026-08-05 13:25:36,2026-07-29 06:04:22,2026-08-05 13:25:36,7.3,1,1,0,1,1,7.77,7.77,7.77,0.66,0.66,0,0.0,277.0,27.0,0.0,0.137,1.0,-1,40.0,250.0,35.65,0.0,0.66,0.66,0.0,7.31,0.137,0.09,0
https://peakyblinders777.com,,oldurls,Conn Aborted,5,2026-07-30 22:06:40,,,0.0,0,0,0,0,0,0,,,0,,0,0.0,,,,,,0,,,,,,,,,,,0
https://penguin88.club,PENGUIN88,urls,OK,0,2026-08-05 13:20:23,2026-07-20 06:09:22,2026-08-05 13:20:23,16.3,3,3,0,3,1,19.0,6.33,10.0,2.51,0.84,0,0.0,290.0,21.0,0.0,0.184,1.0,-3,40.1,269.0,36.0,0.0,0.84,0.84,0.0,16.3,0.061,0.15,0
https://penguinwin.com,,oldurls,Conn Aborted,7,2026-07-30 22:59:40,,,0.0,0,0,0,0,0,0,,,0,,0,0.0,,,,,,0,,,,,,,,,,,0
https://perthspin.net,GODMETH,urls,OK,0,2026-08-05 13:21:12,,,0.0,0,0,0,0,0,0,,,0,,0,0.0,,,,,,0,,,,,,,,,,,0
https://pesi13.com,PESI13,urls,OK,0,2026-08-05 13:25:21,2026-07-20 23:38:38,2026-08-05 13:25:21,15.6,6,3,0,3,2,578.3,96.38,333.0,150.06,25.01,0,0.0,336.33,25.5,0.0,0.385,0.5,-3,40.0,310.83,108.318,0.0,25.01,25.01,0.0,7.79,0.128,9.63,0
https://petercasino.com,,oldurls,Merchant Missing,5,2026-07-30 19:23:04,,,0.0,0,0,0,0,0,0,,,0,,0,0.0,,,,,,0,,,,,,,,,,,0
https://pg9aus.com,,oldurls,Merchant Missing,5,2026-07-30 20:53:42,,,0.0,0,0,0,0,0,0,,,0,,0,0.0,,,,,,0,,,,,,,,,,,0
https://phoenixplay.vip,,oldurls,Conn Aborted,5,2026-07-30 22:32:34,,,0.0,0,0,0,0,0,0,,,0,,0,0.0,,,,,,0,,,,,,,,,,,0
https://pksguru.co,,oldurls,Conn Aborted,7,2026-07-30 23:00:06,,,0.0,0,0,0,0,0,0,,,0,,0,0.0,,,,,,0,,,,,,,,,,,0
https://plants9.com,,oldurls,Conn Aborted,6,2026-07-30 22:31:43,,,0.0,0,0,0,0,0,0,,,0,,0,0.0,,,,,,0,,,,,,,,,,,0
https://play369.co,PLAY369,urls,OK,0,2026-08-05 13:26:19,2026-07-21 19:22:34,2026-08-05 13:26:19,14.8,1,1,0,1,1,5.0,5.0,5.0,0.66,0.66,0,0.0,150.0,15.0,0.0,0.068,1.0,-1,40.0,135.0,30.0,0.0,0.66,0.66,0.0,14.75,0.068,0.04,0
https://play77au.com,PLAY77,urls,OK,0,2026-08-05 13:28:56,2026-07-27 15:18:13,2026-08-05 13:28:56,8.9,4,1,0,1,4,11.5,2.88,4.0,1.86,0.46,0,0.0,100.0,10.0,0.0,0.448,0.25,-1,40.0,90.0,37.083,0.0,0.46,0.46,0.0,0.18,0.448,0.21,0
https://play88aud.com,,oldurls,Conn Aborted,6,2026-07-30 22:53:22,,,0.0,0,0,0,0,0,0,,,0,,0,0.0,,,,,,0,,,,,,,,,,,0
https://play99au.com,Play99 Aus Online Pokies,urls,OK,0,2026-08-05 13:27:39,2026-07-20 23:38:41,2026-08-05 13:27:39,15.6,2,1,0,1,2,36.88,18.44,18.88,4.04,2.02,0,0.0,294.0,19.0,0.0,0.128,0.5,-1,40.0,275.0,16.074,0.0,2.02,2.02,0.0,7.79,0.128,0.26,0
https://playaus.co,PLAYAUS,urls,OK,0,2026-08-05 13:23:08,,,0.0,0,0,0,0,0,0,,,0,,0,0.0,,,,,,0,,,,,,,,,,,0
https://playdash.asia,PlaydashAus,urls,OK,0,2026-08-05 13:21:56,2026-07-29 03:48:40,2026-08-05 13:21:56,7.4,1,1,0,1,1,23.0,23.0,23.0,0.94,0.94,0,0.0,500.0,10.0,0.0,0.135,1.0,-1,40.1,490.0,21.739,0.0,0.94,0.94,0.0,7.4,0.135,0.13,0
https://playfortuneau.com,PLAYFORTUNE,urls,OK,0,2026-08-05 13:22:21,,,0.0,0,0,0,0,0,0,,,0,,0,0.0,,,,,,0,,,,,,,,,,,0
https://playhorse.me,,oldurls,Conn Aborted,6,2026-07-30 22:32:11,,,0.0,0,0,0,0,0,0,,,0,,0,0.0,,,,,,0,,,,,,,,,,,0
https://playmeth.com,,oldurls,Conn Aborted,5,2026-07-30 22:32:49,,,0.0,0,0,0,0,0,0,,,0,,0,0.0,,,,,,0,,,,,,,,,,,0
https://playnuts.net,,oldurls,Blocked,5,2026-07-30 20:46:26,,,0.0,0,0,0,0,0,0,,,0,,0,0.0,,,,,,0,,,,,,,,,,,0
https://pocketaces.vip,,oldurls,Not Found,5,2026-07-30 20:45:57,,,0.0,0,0,0,0,0,0,,,0,,0,0.0,,,,,,0,,,,,,,,,,,0
https://pokemonau.vip,,oldurls,Conn Aborted,5,2026-07-30 22:33:56,,,0.0,0,0,0,0,0,0,,,0,,0,0.0,,,,,,0,,,,,,,,,,,0
https://pokiefox.com,PokieFox,urls,OK,0,2026-08-05 13:21:41,,,0.0,0,0,0,0,0,0,,,0,,0,0.0,,,,,,0,,,,,,,,,,,0
https://pokies.com,,oldurls,Code 401,5,2026-07-30 20:56:43,,,0.0,0,0,0,0,0,0,,,0,,0,0.0,,,,,,0,,,,,,,,,,,0
https://pokies007.com,,oldurls,Conn Aborted,5,2026-07-30 22:32:00,,,0.0,0,0,0,0,0,0,,,0,,0,0.0,,,,,,0,,,,,,,,,,,0
https://pokies123.com,Pokies123,urls,OK,0,2026-08-05 13:20:57,,,0.0,0,0,0,0,0,0,,,0,,0,0.0,,,,,,0,,,,,,,,,,,0
https://pokies2u.com,,oldurls,Blocked,5,2026-07-30 19:57:18,,,0.0,0,0,0,0,0,0,,,0,,0,0.0,,,,,,0,,,,,,,,,,,0
https://pokies33au.com,Pokies33,urls,OK,0,2026-08-05 13:23:49,2026-07-20 23:39:04,2026-08-05 13:26:58,15.6,1,1,0,1,1,13.0,13.0,13.0,0.23,0.23,0,0.0,1033.0,20.0,0.0,0.064,1.0,-1,40.0,1013.0,79.462,0.0,0.23,0.23,0.0,15.57,0.064,0.01,0
https://pokies33aus.com,Pokies33,urls,OK,0,2026-08-05 13:26:58,,,0.0,0,0,0,0,0,0,,,0,,0,0.0,,,,,,0,,,,,,,,,,,0
https://pokies4bet.com,POKIES4BET,urls,OK,0,2026-08-05 13:27:36,2026-07-29 03:46:53,2026-08-05 13:27:36,7.4,1,1,0,1,1,0.08,0.08,0.08,5.09,5.09,1,0.08,0.0,0.0,0.0,0.135,1.0,-1,40.0,,0.0,0.0,5.09,5.09,1.0,7.4,0.135,0.69,0
https://pokies4u.co,KOALABEAR33 | Australia Top & Trusted Branding,urls,OK,0,2026-08-05 13:22:51,,,0.0,0,0,0,0,0,0,,,0,,0,0.0,,,,,,0,,,,,,,,,,,0
https://pokies69.vip,,oldurls,Conn Aborted,7,2026-07-30 23:00:32,,,0.0,0,0,0,0,0,0,,,0,,0,0.0,,,,,,0,,,,,,,,,,,0
https://pokies7bet.com,Pokies7bet,urls,OK,0,2026-08-05 13:21:59,2026-07-20 23:38:37,2026-08-05 13:21:59,15.6,1,1,0,1,1,6.88,6.88,6.88,0.55,0.55,0,0.0,280.0,27.0,0.0,0.064,1.0,-1,40.1,253.0,40.698,0.0,0.55,0.55,0.0,15.57,0.064,0.04,0
https://pokies92.vip,,oldurls,Conn Aborted,0,2026-07-30 19:46:18,,,0.0,0,0,0,0,0,0,,,0,,0,0.0,,,,,,0,,,,,,,,,,,0
https://pokiesbillion.com,POKIESBILLION,urls,OK,0,2026-08-05 13:25:03,2026-07-20 06:09:27,2026-08-05 13:25:03,16.3,5,5,0,5,1,72.0,14.4,38.0,3.55,0.71,0,0.0,330.0,8.6,0.0,0.307,1.0,-5,40.0,321.4,35.048,0.0,0.71,0.71,0.0,16.3,0.061,0.22,0
https://pokiesboss.com,POKIESBOSS,urls,OK,0,2026-08-05 13:24:03,2026-07-30 11:07:11,2026-08-03 08:14:17,3.9,2,0,0,0,1,15.2,7.6,15.0,0.85,0.42,0,0.0,225.0,7.5,0.0,0.515,0.0,0,93.2,217.5,261.667,0.0,0.42,0.42,0.0,3.88,0.258,0.22,0
https://pokiesclub.co,POKIESCLUB,urls,OK,0,2026-08-05 13:20:50,,,0.0,0,0,0,0,0,0,,,0,,0,0.0,,,,,,0,,,,,,,,,,,0
https://pokiesgg.vip,PokiesGG,urls,OK,0,2026-08-05 13:28:50,,,0.0,0,0,0,0,0,0,,,0,,0,0.0,,,,,,0,,,,,,,,,,,0
https://pokiesgoal.com,,oldurls,Conn Aborted,5,2026-07-30 22:32:27,,,0.0,0,0,0,0,0,0,,,0,,0,0.0,,,,,,0,,,,,,,,,,,0
https://pokiesgod.com,POKIESGOD,urls,OK,0,2026-08-05 13:27:05,,,0.0,0,0,0,0,0,0,,,0,,0,0.0,,,,,,0,,,,,,,,,,,0
https://pokiesking1.com,PokiesKing,urls,OK,0,2026-08-05 13:28:31,2026-07-20 23:38:42,2026-08-05 13:28:31,15.6,1,1,0,1,1,28.88,28.88,28.88,1.49,1.49,0,0.0,577.6,28.0,0.0,0.064,1.0,-1,40.0,549.6,20.0,0.0,1.49,1.49,0.0,15.58,0.064,0.1,0
https://pokieskingdom.com,POKIESKINGDOM,urls,OK,0,2026-08-05 13:21:20,,,0.0,0,0,0,0,0,0,,,0,,0,0.0,,,,,,0,,,,,,,,,,,0
https://pokieskingdom.icu,POKIESKINGDOM,urls,OK,0,2026-08-05 13:24:08,,,0.0,0,0,0,0,0,0,,,0,,0,0.0,,,,,,0,,,,,,,,,,,0
https://pokieslab9.com,PokiesLab9,urls,OK,0,2026-08-05 13:27:15,,,0.0,0,0,0,0,0,0,,,0,,0,0.0,,,,,,0,,,,,,,,,,,0
https://pokiesluck.com,,oldurls,Conn Aborted,5,2026-07-30 22:33:05,,,0.0,0,0,0,0,0,0,,,0,,0,0.0,,,,,,0,,,,,,,,,,,0
https://pokiesluxe.com,Red96,urls,OK,0,2026-08-05 13:26:34,,,0.0,0,0,0,0,0,0,,,0,,0,0.0,,,,,,0,,,,,,,,,,,0
https://pokiesman.co,,oldurls,Conn Aborted,6,2026-07-30 22:34:12,,,0.0,0,0,0,0,0,0,,,0,,0,0.0,,,,,,0,,,,,,,,,,,0
https://pokiesojo.com,,oldurls,Conn Aborted,7,2026-07-30 23:00:08,,,0.0,0,0,0,0,0,0,,,0,,0,0.0,,,,,,0,,,,,,,,,,,0
https://pokiesokay.com,,oldurls,Merchant Missing,5,2026-07-30 21:01:41,,,0.0,0,0,0,0,0,0,,,0,,0,0.0,,,,,,0,,,,,,,,,,,0
https://pokiesstation.vip,POKIESSTATION,urls,OK,0,2026-08-05 13:28:00,2026-07-29 03:50:47,2026-08-05 13:28:55,7.4,1,1,0,1,1,200.0,200.0,200.0,0.14,0.14,0,0.0,40000.0,156.0,0.0,0.135,1.0,-1,40.0,39844.0,200.0,0.0,0.14,0.14,0.0,7.4,0.135,0.02,0
https://pokiestt.com,,oldurls,Merchant Missing,6,2026-07-30 22:59:58,,,0.0,0,0,0,0,0,0,,,0,,0,0.0,,,,,,0,,,,,,,,,,,0
https://pokiesww.org,,oldurls,Timeout,6,2026-07-30 22:33:05,,,0.0,0,0,0,0,0,0,,,0,,0,0.0,,,,,,0,,,,,,,,,,,0
https://pop96.com,,oldurls,Merchant Missing,6,2026-07-30 23:00:23,,,0.0,0,0,0,0,0,0,,,0,,0,0.0,,,,,,0,,,,,,,,,,,0
https://popmolly.co,,oldurls,Timeout,5,2026-07-30 22:34:52,,,0.0,0,0,0,0,0,0,,,0,,0,0.0,,,,,,0,,,,,,,,,,,0
https://potstrike.com,,oldurls,Timeout,6,2026-07-30 22:32:54,,,0.0,0,0,0,0,0,0,,,0,,0,0.0,,,,,,0,,,,,,,,,,,0
https://powerau.com,,oldurls,Conn Aborted,5,2026-07-30 22:11:19,,,0.0,0,0,0,0,0,0,,,0,,0,0.0,,,,,,0,,,,,,,,,,,0
https://powerau.com/RF209967A61as,,oldurls,Conn Aborted,5,2026-07-30 22:33:21,,,0.0,0,0,0,0,0,0,,,0,,0,0.0,,,,,,0,,,,,,,,,,,0
https://pp33au.com,PP33au (AUD),urls,OK,0,2026-08-05 13:22:10,,,0.0,0,0,0,0,0,0,,,0,,0,0.0,,,,,,0,,,,,,,,,,,0
https://pp99au.com,PP99,urls,OK,0,2026-08-05 13:25:31,2026-07-29 05:57:14,2026-08-05 13:25:31,7.3,2,2,0,2,1,35.0,17.5,30.0,1.76,0.88,0,0.0,444.44,35.0,0.0,0.274,1.0,-2,40.0,409.44,38.888,0.0,0.88,0.88,0.0,7.31,0.137,0.24,0
https://pp9au.com,,oldurls,Conn Aborted,5,2026-07-30 22:33:39,,,0.0,0,0,0,0,0,0,,,0,,0,0.0,,,,,,0,,,,,,,,,,,0
https://predator9.vip,Predator9,urls,OK,0,2026-08-05 13:23:17,,,0.0,0,0,0,0,0,0,,,0,,0,0.0,,,,,,0,,,,,,,,,,,0
https://premium1au.com,,oldurls,Merchant Missing,5,2026-07-30 20:36:52,,,0.0,0,0,0,0,0,0,,,0,,0,0.0,,,,,,0,,,,,,,,,,,0
https://prime96.com,Prime96 (AUD),urls,OK,0,2026-08-05 13:21:29,2026-07-27 15:18:14,2026-07-27 15:18:14,8.9,2,0,0,0,1,7.96,3.98,6.96,41.73,20.86,1,1.0,1.0,310.5,10.44,0.224,0.0,0,254.1,-598.0,1.0,72.66,20.86,20.59,0.126,0.0,0.112,4.68,0
https://pripokies.com,,oldurls,Conn Aborted,5,2026-07-30 22:35:08,,,0.0,0,0,0,0,0,0,,,0,,0,0.0,,,,,,0,,,,,,,,,,,0
https://prixstake.com,,oldurls,Conn Aborted,6,2026-07-30 22:33:10,,,0.0,0,0,0,0,0,0,,,0,,0,0.0,,,,,,0,,,,,,,,,,,0
https://psychospin.com,,oldurls,Merchant Missing,6,2026-07-30 22:53:40,,,0.0,0,0,0,0,0,0,,,0,,0,0.0,,,,,,0,,,,,,,,,,,0
https://pt77au.club,,oldurls,Conn Aborted,0,2026-07-30 19:24:31,,,0.0,0,0,0,0,0,0,,,0,,0,0.0,,,,,,0,,,,,,,,,,,0
https://punk11.com,,oldurls,Merchant Missing,5,2026-07-30 20:35:01,,,0.0,0,0,0,0,0,0,,,0,,0,0.0,,,,,,0,,,,,,,,,,,0
https://pureluck9.com,,oldurls,Conn Aborted,0,2026-07-30 20:02:03,,,0.0,0,0,0,0,0,0,,,0,,0,0.0,,,,,,0,,,,,,,,,,,0
https://pyidau.co,,oldurls,Conn Aborted,1,2026-07-30 22:33:37,,,0.0,0,0,0,0,0,0,,,0,,0,0.0,,,,,,0,,,,,,,,,,,0
https://q7pokies.com,,oldurls,Merchant Missing,5,2026-07-30 22:33:57,,,0.0,0,0,0,0,0,0,,,0,,0,0.0,,,,,,0,,,,,,,,,,,0
https://qbet21au.com,Qbet21,urls,OK,0,2026-08-05 13:27:50,,,0.0,0,0,0,0,0,0,,,0,,0,0.0,,,,,,0,,,,,,,,,,,0
https://quantumspin36.com,,oldurls,Code 530,5,2026-07-30 21:02:32,,,0.0,0,0,0,0,0,0,,,0,,0,0.0,,,,,,0,,,,,,,,,,,0
https://queen13au.com,QUEEN13,urls,OK,0,2026-08-05 13:26:49,,,0.0,0,0,0,0,0,0,,,0,,0,0.0,,,,,,0,,,,,,,,,,,0
https://queenau.com,,urls,Merchant Missing,12,2026-08-05 13:31:26,,,0.0,0,0,0,0,0,0,,,0,,0,0.0,,,,,,0,,,,,,,,,,,0
https://queensbet1.com,,oldurls,Conn Aborted,0,2026-07-30 20:06:09,,,0.0,0,0,0,0,0,0,,,0,,0,0.0,,,,,,0,,,,,,,,,,,0
https://r35au.co,,oldurls,Conn Aborted,7,2026-07-30 23:00:48,,,0.0,0,0,0,0,0,0,,,0,,0,0.0,,,,,,0,,,,,,,,,,,0
https://r8aud.com,,oldurls,Conn Aborted,5,2026-07-30 21:52:58,,,0.0,0,0,0,0,0,0,,,0,,0,0.0,,,,,,0,,,,,,,,,,,0
https://raabet9.com,Raabet9,urls,OK,0,2026-08-05 13:25:42,2026-08-02 14:54:43,2026-08-02 14:54:43,2.9,1,0,0,0,1,12.5,12.5,12.5,0.17,0.17,1,12.5,0.0,888.0,62.5,0.34,0.0,0,110.5,,0.0,781.25,0.17,0.0,1.0,0.0,0.34,0.06,0
https://race96.com,Race96,urls,OK,0,2026-08-05 13:26:22,2026-07-27 15:07:16,2026-08-05 13:26:22,8.9,1,1,0,1,1,0.23,0.23,0.23,16.16,16.16,0,0.0,0.0,1000.0,0.0,0.112,1.0,-1,40.0,,0.0,0.0,16.16,16.16,0.0,8.93,0.112,1.81,0
https://ragemeth.com,RAGEMETH,urls,OK,0,2026-08-05 13:28:27,,,0.0,0,0,0,0,0,0,,,0,,0,0.0,,,,,,0,,,,,,,,,,,0
https://raptor77.win,Raptor77,urls,OK,0,2026-08-05 13:29:31,2026-07-27 20:39:03,2026-08-05 13:29:31,8.7,1,1,0,1,1,4.0,4.0,4.0,0.01,0.01,0,0.0,100.0,0.05,0.0,0.115,1.0,-1,39.9,99.95,25.0,0.0,0.01,0.01,0.0,8.7,0.115,0.0,0
https://real9au.com,,oldurls,Merchant Missing,5,2026-07-30 20:30:42,,,0.0,0,0,0,0,0,0,,,0,,0,0.0,,,,,,0,,,,,,,,,,,0
https://reborn7.com,,oldurls,Merchant Missing,6,2026-07-30 22:33:54,,,0.0,0,0,0,0,0,0,,,0,,0,0.0,,,,,,0,,,,,,,,,,,0
https://rec99au.com,REC99AU,urls,OK,0,2026-08-05 13:22:52,,,0.0,0,0,0,0,0,0,,,0,,0,0.0,,,,,,0,,,,,,,,,,,0
https://red96.com,Red96,urls,OK,0,2026-08-05 13:28:45,,,0.0,0,0,0,0,0,0,,,0,,0,0.0,,,,,,0,,,,,,,,,,,0
https://redspin88.com,RedSpin,urls,OK,0,2026-08-05 13:20:50,2026-07-20 06:09:38,2026-08-05 13:28:05,16.3,4,4,0,4,1,5.3,1.32,5.0,1.37,0.34,0,0.0,150.0,25.0,0.0,0.245,1.0,-4,40.0,125.0,1255.0,0.0,0.34,0.34,0.0,16.3,0.061,0.08,0
https://redspin88.com/RS2AA2620,RedSpin,oldurls,Not Found,5,2026-07-30 19:48:57,,,0.0,0,0,0,0,0,0,,,0,,0,0.0,,,,,,0,,,,,,,,,,,0
https://redvortex8.com,Redvortex8,urls,OK,0,2026-08-05 13:21:16,,,0.0,0,0,0,0,0,0,,,0,,0,0.0,,,,,,0,,,,,,,,,,,0
https://redzzo88.com,REDZZO88,oldurls,Conn Aborted,24,2026-08-03 15:39:27,2026-07-29 04:12:03,2026-07-29 04:12:03,5.5,1,0,0,0,1,18.88,18.88,18.88,2.46,2.46,0,0.0,188.0,10.0,0.0,0.183,0.0,0,217.2,178.0,9.958,0.0,2.46,2.46,0.0,0.0,0.183,0.45,0
https://reef33.co,,oldurls,Merchant Missing,5,2026-07-30 20:33:38,,,0.0,0,0,0,0,0,0,,,0,,0,0.0,,,,,,0,,,,,,,,,,,0
https://reef33.vip,Reef33,urls,OK,0,2026-08-05 13:22:43,2026-07-20 06:09:31,2026-08-05 13:23:58,16.3,6,2,0,2,4,840.54,140.09,777.0,12.24,2.04,0,0.0,1298.17,21.67,0.0,0.368,0.333,-2,40.0,1276.5,54.722,0.0,2.04,2.04,0.0,2.52,0.245,0.75,0
https://reels11.com,REELS11,urls,OK,0,2026-08-05 13:21:55,,,0.0,0,0,0,0,0,0,,,0,,0,0.0,,,,,,0,,,,,,,,,,,0
https://reels11.online,,oldurls,Conn Aborted,0,2026-07-30 20:03:03,,,0.0,0,0,0,0,0,0,,,0,,0,0.0,,,,,,0,,,,,,,,,,,0
https://retro33.com,Retro33,urls,OK,0,2026-08-05 13:26:07,,,0.0,0,0,0,0,0,0,,,0,,0,0.0,,,,,,0,,,,,,,,,,,0
https://rexclubau.com,,oldurls,Conn Aborted,5,2026-07-30 23:00:23,,,0.0,0,0,0,0,0,0,,,0,,0,0.0,,,,,,0,,,,,,,,,,,0
https://richbabaau.com,RICHBABA AU,urls,OK,0,2026-08-05 13:28:05,,,0.0,0,0,0,0,0,0,,,0,,0,0.0,,,,,,0,,,,,,,,,,,0
https://richboy.co,,oldurls,Merchant Missing,7,2026-07-30 23:00:17,,,0.0,0,0,0,0,0,0,,,0,,0,0.0,,,,,,0,,,,,,,,,,,0
https://richclub9.com,,oldurls,Conn Aborted,5,2026-07-30 22:33:40,,,0.0,0,0,0,0,0,0,,,0,,0,0.0,,,,,,0,,,,,,,,,,,0
https://riches88.live,RICHES88,urls,OK,0,2026-08-05 13:20:32,2026-07-20 23:38:40,2026-08-05 13:20:32,15.6,3,3,0,3,1,110.1,36.7,100.0,3.97,1.32,0,0.0,450.0,10.0,0.0,0.193,1.0,-3,40.1,440.0,351.0,0.0,1.32,1.32,0.0,15.57,0.064,0.25,0
https://richland99.com,,oldurls,Conn Aborted,7,2026-07-30 23:00:38,,,0.0,0,0,0,0,0,0,,,0,,0,0.0,,,,,,0,,,,,,,,,,,0
https://richmama8.pro,RICHMAMA,urls,OK,0,2026-08-05 13:20:40,2026-07-27 20:58:57,2026-08-05 13:20:40,8.7,3,3,0,3,1,36.88,12.29,28.88,3.59,1.2,0,0.0,150.0,30.0,50.0,0.346,1.0,-3,40.1,120.0,15.685,216.67,1.2,1.15,0.0,8.68,0.115,0.41,0
https://richman11.co,,oldurls,Conn Aborted,6,2026-07-30 22:34:09,,,0.0,0,0,0,0,0,0,,,0,,0,0.0,,,,,,0,,,,,,,,,,,0
https://richman96.com,Richman96 Official Site - Online Gaming Australia,urls,OK,0,2026-08-05 13:22:18,2026-07-20 06:09:28,2026-08-05 13:22:18,16.3,1,1,0,1,1,6.0,6.0,6.0,0.2,0.2,0,0.0,500.0,20.0,0.0,0.061,1.0,-1,40.1,480.0,83.333,0.0,0.2,0.2,0.0,16.3,0.061,0.01,0
https://richpapa8.vip,RichPapa,urls,OK,0,2026-08-05 13:23:06,2026-07-29 04:15:33,2026-08-05 13:23:06,7.4,1,1,0,1,1,0.1,0.1,0.1,0.01,0.01,0,0.0,100.0,10.0,0.0,0.135,1.0,-1,40.1,90.0,1000.0,0.0,0.01,0.01,0.0,7.38,0.135,0.0,0
https://richpokies.co,RICHPOKIES,urls,OK,0,2026-08-05 13:20:18,2026-08-05 13:20:18,2026-08-05 13:20:18,0.0,1,1,0,1,1,15.0,15.0,15.0,0.25,0.25,0,0.0,1500.0,85.0,0.0,,1.0,-1,40.1,1415.0,100.0,0.0,0.25,0.25,0.0,0.0,,,0
https://richpokies.com,RICHPOKIES,oldurls,Method Not Allowed,5,2026-07-30 19:44:50,,,0.0,0,0,0,0,0,0,,,0,,0,0.0,,,,,,0,,,,,,,,,,,0
https://richspinau.com,RICHSPINAU,urls,OK,0,2026-08-05 13:20:43,2026-07-20 23:38:42,2026-08-05 13:20:43,15.6,2,2,0,2,1,93.0,46.5,88.0,5.99,3.0,0,0.0,350.0,12.5,0.0,0.128,1.0,-2,40.1,337.5,13.409,0.0,3.0,3.0,0.0,15.57,0.064,0.38,0
https://ridgydidgeau.com,RIDGYDIDGE,urls,OK,0,2026-08-05 13:21:36,,,0.0,0,0,0,0,0,0,,,0,,0,0.0,,,,,,0,,,,,,,,,,,0
https://ridgydidgebets.com,RidgyDidgeBets,urls,OK,0,2026-08-05 13:25:53,,,0.0,0,0,0,0,0,0,,,0,,0,0.0,,,,,,0,,,,,,,,,,,0
https://rippaspin.com,,oldurls,Merchant Missing,6,2026-07-30 22:34:32,,,0.0,0,0,0,0,0,0,,,0,,0,0.0,,,,,,0,,,,,,,,,,,0
https://ripperroo.com,,oldurls,Merchant Missing,6,2026-07-30 22:36:07,,,0.0,0,0,0,0,0,0,,,0,,0,0.0,,,,,,0,,,,,,,,,,,0
https://rizspin.com,RizSpin,urls,OK,0,2026-08-05 13:24:39,,,0.0,0,0,0,0,0,0,,,0,,0,0.0,,,,,,0,,,,,,,,,,,0
https://rizzspin.com,,oldurls,Error,5,2026-07-30 20:24:34,,,0.0,0,0,0,0,0,0,,,0,,0,0.0,,,,,,0,,,,,,,,,,,0
https://robloxau.co,,oldurls,Error,5,2026-07-30 20:46:42,,,0.0,0,0,0,0,0,0,,,0,,0,0.0,,,,,,0,,,,,,,,,,,0
https://rocketswin.com,,oldurls,Merchant Missing,5,2026-07-30 19:50:13,,,0.0,0,0,0,0,0,0,,,0,,0,0.0,,,,,,0,,,,,,,,,,,0
https://rockgold33.com,,oldurls,Conn Aborted,6,2026-07-30 22:33:57,,,0.0,0,0,0,0,0,0,,,0,,0,0.0,,,,,,0,,,,,,,,,,,0
https://rolex66.vip,Rolex66 AUD,urls,OK,0,2026-08-05 13:24:26,2026-07-27 15:18:35,2026-08-05 13:24:26,8.9,1,1,0,1,1,38.0,38.0,38.0,0.5,0.5,0,0.0,1688.0,20.0,0.0,0.112,1.0,-1,40.0,1668.0,44.421,0.0,0.5,0.5,0.0,8.92,0.112,0.06,0
https://rolex9.net,Rolex9,urls,OK,0,2026-08-05 13:20:17,2026-07-27 15:20:38,2026-08-05 13:20:17,8.9,2,2,0,2,1,30.0,15.0,20.0,4.47,2.23,0,0.0,200.0,15.0,0.0,0.224,1.0,-2,40.1,185.0,12.5,0.0,2.23,2.23,0.0,5.93,0.112,0.5,0
https://rolliespin.com,,oldurls,Error,5,2026-07-30 21:01:58,,,0.0,0,0,0,0,0,0,,,0,,0,0.0,,,,,,0,,,,,,,,,,,0
https://roocrown.com,RooCrown,urls,OK,0,2026-08-05 13:28:49,,,0.0,0,0,0,0,0,0,,,0,,0,0.0,,,,,,0,,,,,,,,,,,0
https://rookash.com,,oldurls,Conn Aborted,5,2026-07-30 22:04:09,,,0.0,0,0,0,0,0,0,,,0,,0,0.0,,,,,,0,,,,,,,,,,,0
https://rooplay168.com,ROOPLAY168,urls,OK,0,2026-08-05 13:23:31,,,0.0,0,0,0,0,0,0,,,0,,0,0.0,,,,,,0,,,,,,,,,,,0
https://roopokies.com,,oldurls,Merchant Missing,5,2026-07-30 20:31:10,,,0.0,0,0,0,0,0,0,,,0,,0,0.0,,,,,,0,,,,,,,,,,,0
https://roorichau.com,,oldurls,Conn Aborted,0,2026-07-30 19:59:48,,,0.0,0,0,0,0,0,0,,,0,,0,0.0,,,,,,0,,,,,,,,,,,0
https://rooroomate.com,RooRooMate,urls,OK,0,2026-08-05 13:20:47,,,0.0,0,0,0,0,0,0,,,0,,0,0.0,,,,,,0,,,,,,,,,,,0
https://roospeedau.online,ROOSPEEDAU,urls,OK,0,2026-08-05 13:26:11,,,0.0,0,0,0,0,0,0,,,0,,0,0.0,,,,,,0,,,,,,,,,,,0
https://roospeedau.space,ROOSPEEDAU,urls,OK,0,2026-08-05 13:22:39,,,0.0,0,0,0,0,0,0,,,0,,0,0.0,,,,,,0,,,,,,,,,,,0
https://roospin.com,,oldurls,Merchant Missing,5,2026-07-30 20:45:29,,,0.0,0,0,0,0,0,0,,,0,,0,0.0,,,,,,0,,,,,,,,,,,0
https://rose21.app,,oldurls,Error,5,2026-07-30 22:34:27,,,0.0,0,0,0,0,0,0,,,0,,0,0.0,,,,,,0,,,,,,,,,,,0
https://royal4bet.co,,oldurls,Conn Aborted,0,2026-07-30 19:30:40,,,0.0,0,0,0,0,0,0,,,0,,0,0.0,,,,,,0,,,,,,,,,,,0
https://royal9au.com,,oldurls,Conn Aborted,6,2026-07-30 22:34:47,,,0.0,0,0,0,0,0,0,,,0,,0,0.0,,,,,,0,,,,,,,,,,,0
https://royalaud.com,ROYAL77,urls,OK,0,2026-08-05 13:20:14,2026-07-29 04:20:02,2026-08-05 13:20:14,7.4,4,4,0,4,1,75.0,18.75,30.0,6.45,1.61,0,0.0,375.0,10.0,0.0,0.542,1.0,-4,40.1,365.0,26.667,0.0,1.61,1.61,0.0,7.38,0.136,0.87,0
https://royale88.club,,oldurls,Error,5,2026-07-30 22:36:25,,,0.0,0,0,0,0,0,0,,,0,,0,0.0,,,,,,0,,,,,,,,,,,0
https://royale9au.com,Royale9 Jernice,urls,OK,0,2026-08-05 13:29:17,2026-07-20 06:09:40,2026-08-05 13:29:17,16.3,4,1,0,1,4,47.0,11.75,19.0,2.99,0.75,0,0.0,325.0,15.0,0.0,0.245,0.25,-1,40.0,310.0,29.558,0.0,0.75,0.75,0.0,5.37,0.245,0.18,0
https://rr4winaus.com,RR4WIN AUS,urls,OK,0,2026-08-05 13:20:53,2026-07-27 20:37:05,2026-08-05 13:20:53,8.7,1,1,0,1,1,4.44,4.44,4.44,0.34,0.34,0,0.0,244.44,20.0,0.0,0.115,1.0,-1,40.1,224.44,55.054,0.0,0.34,0.34,0.0,8.7,0.115,0.04,0
https://rr4winaus.net,,oldurls,Merchant Missing,5,2026-07-30 20:39:41,,,0.0,0,0,0,0,0,0,,,0,,0,0.0,,,,,,0,,,,,,,,,,,0
https://rrpokies.com,,oldurls,Conn Aborted,6,2026-07-30 22:34:11,,,0.0,0,0,0,0,0,0,,,0,,0,0.0,,,,,,0,,,,,,,,,,,0
https://rtd33.com,,oldurls,Conn Aborted,5,2026-07-30 21:51:37,,,0.0,0,0,0,0,0,0,,,0,,0,0.0,,,,,,0,,,,,,,,,,,0
https://rtpvictory88.com,RTPVICTORY88,urls,OK,0,2026-08-05 13:24:33,2026-07-20 23:38:42,2026-08-05 13:24:33,15.6,4,4,0,4,1,163.0,40.75,100.0,22.47,5.62,0,0.0,237.5,15.0,0.0,0.257,1.0,-4,40.0,222.5,9.917,0.0,5.62,5.62,0.0,15.57,0.064,1.44,0
https://rtspin.com,,oldurls,Merchant Missing,5,2026-07-30 19:48:42,,,0.0,0,0,0,0,0,0,,,0,,0,0.0,,,,,,0,,,,,,,,,,,0
https://rubyaud.com,RUBY,urls,OK,0,2026-08-05 13:25:31,2026-07-20 23:38:46,2026-08-05 13:25:31,15.6,3,3,0,3,1,40.0,13.33,20.0,2.36,0.79,0,0.0,300.0,10.0,0.0,0.193,1.0,-3,40.0,290.0,30.556,0.0,0.79,0.79,0.0,13.36,0.064,0.15,0
https://rugby77.com,RUGBY77,urls,OK,0,2026-08-05 13:20:40,,,0.0,0,0,0,0,0,0,,,0,,0,0.0,,,,,,0,,,,,,,,,,,0
https://s888aus.com,S888,urls,OK,0,2026-08-05 13:21:48,,,0.0,0,0,0,0,0,0,,,0,,0,0.0,,,,,,0,,,,,,,,,,,0
https://s99au.com,,oldurls,Merchant Missing,5,2026-07-30 20:22:39,,,0.0,0,0,0,0,0,0,,,0,,0,0.0,,,,,,0,,,,,,,,,,,0
https://sa3win.com,,oldurls,Conn Aborted,0,2026-07-30 19:50:27,,,0.0,0,0,0,0,0,0,,,0,,0,0.0,,,,,,0,,,,,,,,,,,0
https://safeau.net,SafeAu,urls,OK,0,2026-08-05 13:21:38,2026-07-27 20:50:01,2026-08-05 13:21:38,8.7,4,4,0,4,1,250.66,62.66,168.0,3.0,0.75,0,0.0,1712.25,27.75,0.0,0.46,1.0,-4,40.1,1684.5,42.695,0.0,0.75,0.75,0.0,8.69,0.115,0.35,0
https://saferoox.com,SAFEROOX (AUD),urls,OK,0,2026-08-05 13:26:40,,,0.0,0,0,0,0,0,0,,,0,,0,0.0,,,,,,0,,,,,,,,,,,0
https://sapphireaud.com,SAPPHIRE,urls,OK,0,2026-08-05 13:23:58,2026-07-20 06:09:40,2026-08-05 13:28:18,16.3,4,1,0,1,2,17.77,4.44,7.77,0.69,0.17,0,0.0,402.5,7.51,0.0,0.245,0.25,-1,40.0,394.99,82.497,0.0,0.17,0.17,0.0,2.23,0.123,0.04,0
https://sawspin.com,SAWSPIN,urls,OK,0,2026-08-05 13:26:39,,,0.0,0,0,0,0,0,0,,,0,,0,0.0,,,,,,0,,,,,,,,,,,0
https://sboomerang.com,SBOOMERANG,urls,OK,0,2026-08-05 13:22:59,,,0.0,0,0,0,0,0,0,,,0,,0,0.0,,,,,,0,,,,,,,,,,,0
https://scarletsin88au.com,,oldurls,Conn Aborted,5,2026-07-30 22:34:43,,,0.0,0,0,0,0,0,0,,,0,,0,0.0,,,,,,0,,,,,,,,,,,0
https://scatter9.com,,oldurls,Conn Aborted,0,2026-07-30 19:54:48,,,0.0,0,0,0,0,0,0,,,0,,0,0.0,,,,,,0,,,,,,,,,,,0
https://scc5.com,SCC5,urls,OK,0,2026-08-05 13:24:33,,,0.0,0,0,0,0,0,0,,,0,,0,0.0,,,,,,0,,,,,,,,,,,0
https://scc5.io/SCC5325152729,SCC5,oldurls,Not Found,5,2026-07-30 20:56:10,,,0.0,0,0,0,0,0,0,,,0,,0,0.0,,,,,,0,,,,,,,,,,,0
https://scr111.com,,oldurls,Blocked,5,2026-07-30 20:29:32,,,0.0,0,0,0,0,0,0,,,0,,0,0.0,,,,,,0,,,,,,,,,,,0
https://scr55.com,SCR55,urls,OK,0,2026-08-05 13:24:28,,,0.0,0,0,0,0,0,0,,,0,,0,0.0,,,,,,0,,,,,,,,,,,0
https://scr66.net,SCR66,urls,OK,0,2026-08-05 13:22:38,,,0.0,0,0,0,0,0,0,,,0,,0,0.0,,,,,,0,,,,,,,,,,,0
https://sega99aud.com,,oldurls,Merchant Missing,0,2026-07-30 19:33:24,,,0.0,0,0,0,0,0,0,,,0,,0,0.0,,,,,,0,,,,,,,,,,,0
https://select777.net,SELECT777,urls,OK,0,2026-08-05 13:25:56,2026-07-20 23:38:50,2026-08-05 13:25:56,15.6,4,1,0,1,4,85.0,21.25,40.0,0.68,0.17,0,0.0,1975.0,14.88,0.0,0.257,0.25,-1,40.0,1960.12,95.375,0.0,0.17,0.17,0.0,5.63,0.257,0.04,0
https://sentosaluxau.com,,oldurls,Conn Aborted,6,2026-07-30 22:35:04,,,0.0,0,0,0,0,0,0,,,0,,0,0.0,,,,,,0,,,,,,,,,,,0
https://seteinfo.com,,oldurls,Merchant Missing,5,2026-07-30 21:01:26,,,0.0,0,0,0,0,0,0,,,0,,0,0.0,,,,,,0,,,,,,,,,,,0
https://shardbet.net,,oldurls,Merchant Missing,5,2026-07-30 19:22:49,,,0.0,0,0,0,0,0,0,,,0,,0,0.0,,,,,,0,,,,,,,,,,,0
https://simsspin.com,,oldurls,Conn Aborted,6,2026-07-30 22:36:39,,,0.0,0,0,0,0,0,0,,,0,,0,0.0,,,,,,0,,,,,,,,,,,0
https://sixty9.co,Sixty9,urls,OK,0,2026-08-05 13:21:00,,,0.0,0,0,0,0,0,0,,,0,,0,0.0,,,,,,0,,,,,,,,,,,0
https://sking668.co,,oldurls,Conn Aborted,5,2026-07-30 22:34:27,,,0.0,0,0,0,0,0,0,,,0,,0,0.0,,,,,,0,,,,,,,,,,,0
https://sky88au.com,,oldurls,Conn Aborted,0,2026-07-30 20:15:49,,,0.0,0,0,0,0,0,0,,,0,,0,0.0,,,,,,0,,,,,,,,,,,0
https://skyau1.com,,oldurls,Conn Aborted,0,2026-07-30 20:11:29,,,0.0,0,0,0,0,0,0,,,0,,0,0.0,,,,,,0,,,,,,,,,,,0
https://skycity88au.com,SKYCITY88,urls,OK,0,2026-08-05 13:23:44,2026-07-29 04:12:32,2026-08-05 13:23:44,7.4,2,2,0,2,1,21.88,10.94,18.88,0.04,0.02,0,0.0,339.0,10.0,181.5,0.271,1.0,-2,40.0,329.0,30.572,2831.22,0.02,0.0,0.0,7.38,0.135,0.01,0
https://skygate9au.com,SkyGate9,urls,OK,0,2026-08-05 13:23:15,2026-08-05 13:23:15,2026-08-05 13:23:15,0.0,1,1,0,1,1,0.14,0.14,0.14,7.77,7.77,0,0.0,0.0,500.0,0.0,,1.0,-1,40.1,,0.0,0.0,7.77,7.77,0.0,0.0,,,0
https://skyrooaus.com,SKYROO AUS,urls,OK,0,2026-08-05 13:27:09,,,0.0,0,0,0,0,0,0,,,0,,0,0.0,,,,,,0,,,,,,,,,,,0
https://skyspin96.co,SKYSPIN96,urls,OK,0,2026-08-05 13:24:22,2026-07-27 20:59:28,2026-08-05 13:24:22,8.7,6,2,0,2,5,160.0,26.67,75.0,3.01,0.5,0,0.0,6750.0,14.17,0.0,0.691,0.333,-2,40.0,6735.83,116.905,0.0,0.5,0.5,0.0,1.49,0.576,0.35,0
https://skywin88au.com,,oldurls,Conn Aborted,5,2026-07-30 22:11:37,,,0.0,0,0,0,0,0,0,,,0,,0,0.0,,,,,,0,,,,,,,,,,,0
https://slotaud.com,,oldurls,Merchant Missing,5,2026-07-30 20:40:28,,,0.0,0,0,0,0,0,0,,,0,,0,0.0,,,,,,0,,,,,,,,,,,0
https://slotfred.com,,oldurls,Conn Aborted,6,2026-07-30 22:34:59,,,0.0,0,0,0,0,0,0,,,0,,0,0.0,,,,,,0,,,,,,,,,,,0
https://slotify7.com,SLOTIFY7,urls,OK,0,2026-08-05 13:29:18,,,0.0,0,0,0,0,0,0,,,0,,0,0.0,,,,,,0,,,,,,,,,,,0
https://slotmate88.com,SlotMate88,urls,OK,0,2026-08-05 13:28:57,,,0.0,0,0,0,0,0,0,,,0,,0,0.0,,,,,,0,,,,,,,,,,,0
https://slotmeth.com,,oldurls,Conn Aborted,6,2026-07-30 22:35:18,,,0.0,0,0,0,0,0,0,,,0,,0,0.0,,,,,,0,,,,,,,,,,,0
https://slotrot.net,,oldurls,Conn Aborted,6,2026-07-30 22:53:55,,,0.0,0,0,0,0,0,0,,,0,,0,0.0,,,,,,0,,,,,,,,,,,0
https://slutaus.com,,oldurls,Conn Aborted,6,2026-07-30 22:34:42,,,0.0,0,0,0,0,0,0,,,0,,0,0.0,,,,,,0,,,,,,,,,,,0
https://slutspins.com,SLUTSPINS,urls,OK,0,2026-08-05 13:25:20,,,0.0,0,0,0,0,0,0,,,0,,0,0.0,,,,,,0,,,,,,,,,,,0
https://sm8aud.com,,oldurls,Error,7,2026-07-30 23:01:04,,,0.0,0,0,0,0,0,0,,,0,,0,0.0,,,,,,0,,,,,,,,,,,0
https://solidluck33.com,SOLIDLUCK33,urls,OK,0,2026-08-05 13:20:54,,,0.0,0,0,0,0,0,0,,,0,,0,0.0,,,,,,0,,,,,,,,,,,0
https://southern9.com,SOUTHERN9,urls,OK,0,2026-08-05 13:20:26,2026-07-29 04:14:51,2026-08-05 13:20:26,7.4,2,2,0,2,1,17.0,8.5,15.0,1.31,0.65,0,0.0,395.0,15.0,0.0,0.271,1.0,-2,40.1,380.0,35.0,0.0,0.65,0.65,0.0,7.38,0.136,0.18,0
https://sp77aud.co,SP77AUD,urls,OK,0,2026-08-05 13:24:18,2026-07-20 23:38:46,2026-08-05 13:24:18,15.6,3,2,0,2,2,45.0,15.0,30.0,1.08,0.36,0,0.0,933.33,19.67,0.0,0.193,0.667,-2,40.0,913.67,55.556,0.0,0.36,0.36,0.0,10.38,0.128,0.07,0
https://space9au.com,SPACE9,oldurls,Conn Aborted,1,2026-07-31 09:31:53,,,0.0,0,0,0,0,0,0,,,0,,0,0.0,,,,,,0,,,,,,,,,,,0
https://spacecraft9.com,SpaceCraft9,urls,OK,0,2026-08-05 13:22:48,,,0.0,0,0,0,0,0,0,,,0,,0,0.0,,,,,,0,,,,,,,,,,,0
https://spaceman369.com,SPACEMAN369,urls,OK,0,2026-08-05 13:24:53,2026-07-30 18:30:04,2026-08-05 13:24:53,5.8,5,4,0,4,2,120.5,24.1,60.0,124.4,24.88,1,2.5,580.0,392.6,0.0,0.864,0.8,-4,40.0,706.25,25.286,0.0,24.88,24.88,0.021,4.69,0.346,21.49,0
https://spacepokies.com,,oldurls,Timeout,5,2026-07-30 22:35:38,,,0.0,0,0,0,0,0,0,,,0,,0,0.0,,,,,,0,,,,,,,,,,,0
https://spacexpokies.com,,oldurls,Error,5,2026-07-30 22:35:36,,,0.0,0,0,0,0,0,0,,,0,,0,0.0,,,,,,0,,,,,,,,,,,0
https://spade69.co,,oldurls,Conn Aborted,7,2026-07-30 23:00:39,,,0.0,0,0,0,0,0,0,,,0,,0,0.0,,,,,,0,,,,,,,,,,,0
https://spadeau.com,,oldurls,Conn Aborted,6,2026-07-30 22:34:57,,,0.0,0,0,0,0,0,0,,,0,,0,0.0,,,,,,0,,,,,,,,,,,0
https://spades11.co,,oldurls,Conn Aborted,0,2026-07-30 20:07:51,,,0.0,0,0,0,0,0,0,,,0,,0,0.0,,,,,,0,,,,,,,,,,,0
https://sparksau.net,,oldurls,Code 530,5,2026-07-30 20:52:54,,,0.0,0,0,0,0,0,0,,,0,,0,0.0,,,,,,0,,,,,,,,,,,0
https://spbo11.vip,,oldurls,Code 530,7,2026-07-30 23:00:32,,,0.0,0,0,0,0,0,0,,,0,,0,0.0,,,,,,0,,,,,,,,,,,0
https://speed9.co,SPEED 9,urls,OK,0,2026-08-05 13:28:20,2026-07-29 03:56:30,2026-08-05 13:28:20,7.4,1,1,0,1,1,3.0,3.0,3.0,0.61,0.61,0,0.0,100.0,20.0,0.0,0.135,1.0,-1,40.0,80.0,33.333,0.0,0.61,0.61,0.0,7.4,0.135,0.08,0
https://speedau.live,SpeedAU,urls,OK,0,2026-08-05 13:24:35,2026-07-20 06:09:34,2026-08-05 13:24:35,16.3,2,2,0,2,1,34.0,17.0,30.0,6.02,3.01,0,0.0,150.0,15.03,0.0,0.123,1.0,-2,40.0,134.97,15.833,0.0,3.01,3.01,0.0,16.3,0.061,0.37,0
https://speedaud.com,SpeedAUD,urls,OK,0,2026-08-05 13:20:27,2026-07-30 12:22:28,2026-08-05 13:20:27,6.0,3,1,0,1,3,389.0,129.67,369.0,2.64,0.88,0,0.0,2693.33,16.0,0.0,0.497,0.333,-1,40.1,2677.33,33.492,0.0,0.88,0.88,0.0,2.25,0.497,0.44,0
https://speedb2u.com,,oldurls,Conn Aborted,0,2026-07-30 19:46:30,,,0.0,0,0,0,0,0,0,,,0,,0,0.0,,,,,,0,,,,,,,,,,,0
https://speedevo55.com,,oldurls,Conn Aborted,6,2026-07-30 22:35:53,,,0.0,0,0,0,0,0,0,,,0,,0,0.0,,,,,,0,,,,,,,,,,,0
https://speedwin88.com,SPEEDWIN88,urls,OK,0,2026-08-05 13:21:11,,,0.0,0,0,0,0,0,0,,,0,,0,0.0,,,,,,0,,,,,,,,,,,0
https://speedwin96.com,SPEEDWIN96,urls,OK,0,2026-08-05 13:27:53,,,0.0,0,0,0,0,0,0,,,0,,0,0.0,,,,,,0,,,,,,,,,,,0
https://speedwin99.com,,oldurls,Conn Aborted,6,2026-07-30 22:35:53,,,0.0,0,0,0,0,0,0,,,0,,0,0.0,,,,,,0,,,,,,,,,,,0
https://speedwinz.com,,oldurls,Merchant Missing,5,2026-07-30 20:50:03,,,0.0,0,0,0,0,0,0,,,0,,0,0.0,,,,,,0,,,,,,,,,,,0
https://spice77.site,SPICE77,urls,OK,0,2026-08-05 13:25:12,,,0.0,0,0,0,0,0,0,,,0,,0,0.0,,,,,,0,,,,,,,,,,,0
https://spin126.com,,oldurls,Conn Aborted,7,2026-07-30 23:00:53,,,0.0,0,0,0,0,0,0,,,0,,0,0.0,,,,,,0,,,,,,,,,,,0
https://spin420.com,,oldurls,Merchant Missing,5,2026-07-30 20:39:55,,,0.0,0,0,0,0,0,0,,,0,,0,0.0,,,,,,0,,,,,,,,,,,0
https://spin4rich.com,SPIN4RICH,urls,OK,0,2026-08-05 13:26:32,,,0.0,0,0,0,0,0,0,,,0,,0,0.0,,,,,,0,,,,,,,,,,,0
https://spin96.com,SPIN96,urls,OK,0,2026-08-05 13:21:08,,,0.0,0,0,0,0,0,0,,,0,,0,0.0,,,,,,0,,,,,,,,,,,0
https://spinau.info,,oldurls,Conn Aborted,0,2026-07-30 19:28:52,,,0.0,0,0,0,0,0,0,,,0,,0,0.0,,,,,,0,,,,,,,,,,,0
https://spinbaby.co,,oldurls,Conn Aborted,0,2026-07-30 20:13:11,,,0.0,0,0,0,0,0,0,,,0,,0,0.0,,,,,,0,,,,,,,,,,,0
https://spinbaby.org,,oldurls,Conn Aborted,0,2026-07-30 19:56:44,,,0.0,0,0,0,0,0,0,,,0,,0,0.0,,,,,,0,,,,,,,,,,,0
https://spinbizzo.com,,oldurls,Conn Aborted,5,2026-07-30 22:35:12,,,0.0,0,0,0,0,0,0,,,0,,0,0.0,,,,,,0,,,,,,,,,,,0
https://spincash88.cash,,oldurls,Merchant Missing,5,2026-07-30 20:20:23,,,0.0,0,0,0,0,0,0,,,0,,0,0.0,,,,,,0,,,,,,,,,,,0
https://spincrown33.com,SpinCrown33,urls,OK,0,2026-08-05 13:22:33,2026-07-20 23:39:03,2026-08-05 13:25:50,15.6,7,2,0,2,4,57.54,8.22,17.77,1.48,0.21,0,0.0,736.29,12.86,0.0,0.449,0.286,-2,40.0,723.43,78.571,0.0,0.21,0.21,0.0,3.22,0.257,0.1,0
https://spincunt.com,,oldurls,Error,5,2026-07-30 19:29:05,,,0.0,0,0,0,0,0,0,,,0,,0,0.0,,,,,,0,,,,,,,,,,,0
https://spinday996a.com,,oldurls,Conn Aborted,0,2026-07-30 20:05:23,,,0.0,0,0,0,0,0,0,,,0,,0,0.0,,,,,,0,,,,,,,,,,,0
https://spindeluxe777.com,,oldurls,Conn Aborted,6,2026-07-30 22:54:11,,,0.0,0,0,0,0,0,0,,,0,,0,0.0,,,,,,0,,,,,,,,,,,0
https://spinfortune777.com,SpinFortune777,urls,OK,0,2026-08-05 13:28:18,2026-07-27 20:53:28,2026-08-05 13:28:18,8.7,2,2,0,2,1,42.77,21.38,25.0,0.53,0.27,0,0.0,1638.5,25.0,0.0,0.23,1.0,-2,40.0,1613.5,80.0,0.0,0.27,0.27,0.0,8.69,0.115,0.06,0
https://spinfred.com,,oldurls,Merchant Missing,5,2026-07-30 20:41:24,,,0.0,0,0,0,0,0,0,,,0,,0,0.0,,,,,,0,,,,,,,,,,,0
https://spingoau.co,SQUEENAUD,urls,OK,0,2026-08-05 13:24:46,,,0.0,0,0,0,0,0,0,,,0,,0,0.0,,,,,,0,,,,,,,,,,,0
https://spingoaus.com,,oldurls,Error,5,2026-07-30 19:44:29,,,0.0,0,0,0,0,0,0,,,0,,0,0.0,,,,,,0,,,,,,,,,,,0
https://spinkash.com,,oldurls,Conn Aborted,7,2026-07-30 23:01:19,,,0.0,0,0,0,0,0,0,,,0,,0,0.0,,,,,,0,,,,,,,,,,,0
https://spinking.co,SpinKing,urls,OK,0,2026-08-05 13:20:18,,,0.0,0,0,0,0,0,0,,,0,,0,0.0,,,,,,0,,,,,,,,,,,0
https://spinmate88.com,,oldurls,Conn Aborted,0,2026-07-30 20:01:37,,,0.0,0,0,0,0,0,0,,,0,,0,0.0,,,,,,0,,,,,,,,,,,0
https://spinmaxis.com,,oldurls,Timeout,7,2026-07-30 23:01:19,,,0.0,0,0,0,0,0,0,,,0,,0,0.0,,,,,,0,,,,,,,,,,,0
https://spinmeth.com,,oldurls,Timeout,5,2026-07-30 22:38:10,,,0.0,0,0,0,0,0,0,,,0,,0,0.0,,,,,,0,,,,,,,,,,,0
https://spinsage33.com,SpinSage33,urls,OK,0,2026-08-05 13:22:02,,,0.0,0,0,0,0,0,0,,,0,,0,0.0,,,,,,0,,,,,,,,,,,0
https://spinsx.net,SPINSX THE BEST ONLINE POKIES IN AUSTRALIA,urls,OK,0,2026-08-05 13:29:01,,,0.0,0,0,0,0,0,0,,,0,,0,0.0,,,,,,0,,,,,,,,,,,0
https://spintesla.com,,oldurls,Timeout,6,2026-07-30 22:35:52,,,0.0,0,0,0,0,0,0,,,0,,0,0.0,,,,,,0,,,,,,,,,,,0
https://spintoro.com,,oldurls,Timeout,0,2026-07-30 19:47:14,,,0.0,0,0,0,0,0,0,,,0,,0,0.0,,,,,,0,,,,,,,,,,,0
https://spinup77.com,SPINUP77,urls,OK,0,2026-08-05 13:20:29,2026-07-30 12:16:33,2026-08-05 13:20:29,6.0,3,2,0,2,2,64.0,21.33,27.0,2.94,0.98,0,0.0,451.0,10.0,0.0,0.496,0.667,-2,40.1,441.0,20.88,0.0,0.98,0.98,0.0,4.03,0.331,0.49,0
https://spinvegas9.com,,oldurls,Merchant Missing,5,2026-07-30 20:36:16,,,0.0,0,0,0,0,0,0,,,0,,0,0.0,,,,,,0,,,,,,,,,,,0
https://spinwoo.com,,oldurls,Timeout,5,2026-07-30 22:01:15,,,0.0,0,0,0,0,0,0,,,0,,0,0.0,,,,,,0,,,,,,,,,,,0
https://spinxoxo.com,,oldurls,Conn Aborted,0,2026-07-30 19:32:13,,,0.0,0,0,0,0,0,0,,,0,,0,0.0,,,,,,0,,,,,,,,,,,0
https://spinza96.com,Spinza96 $10 Minimum Deposit Australia Casino,urls,OK,0,2026-08-05 13:20:53,,,0.0,0,0,0,0,0,0,,,0,,0,0.0,,,,,,0,,,,,,,,,,,0
https://spinzone11.club,SPINZONE11,urls,OK,0,2026-08-05 13:20:27,,,0.0,0,0,0,0,0,0,,,0,,0,0.0,,,,,,0,,,,,,,,,,,0
https://splinkos.com,SPLINKOS,urls,OK,0,2026-08-05 13:21:34,,,0.0,0,0,0,0,0,0,,,0,,0,0.0,,,,,,0,,,,,,,,,,,0
https://spn99.net,,oldurls,Conn Aborted,7,2026-07-30 23:00:47,,,0.0,0,0,0,0,0,0,,,0,,0,0.0,,,,,,0,,,,,,,,,,,0
https://sr7au.com,,oldurls,Conn Aborted,5,2026-07-30 22:36:47,,,0.0,0,0,0,0,0,0,,,0,,0,0.0,,,,,,0,,,,,,,,,,,0
https://sr7aus.com,SR7,urls,OK,0,2026-08-05 13:29:22,,,0.0,0,0,0,0,0,0,,,0,,0,0.0,,,,,,0,,,,,,,,,,,0
https://ss9au.net,SS9AU,urls,OK,0,2026-08-05 13:21:36,,,0.0,0,0,0,0,0,0,,,0,,0,0.0,,,,,,0,,,,,,,,,,,0
https://ssss.vip,,oldurls,Code 530,5,2026-07-30 20:52:25,,,0.0,0,0,0,0,0,0,,,0,,0,0.0,,,,,,0,,,,,,,,,,,0
https://ssv96.com,SSV96,urls,OK,0,2026-08-05 13:25:45,,,0.0,0,0,0,0,0,0,,,0,,0,0.0,,,,,,0,,,,,,,,,,,0
https://stackau.online,TAXIS33 - VIP Platform,oldurls,Error,5,2026-07-30 20:27:44,,,0.0,0,0,0,0,0,0,,,0,,0,0.0,,,,,,0,,,,,,,,,,,0
https://stakeau.com,,oldurls,Merchant Missing,6,2026-07-30 22:38:27,,,0.0,0,0,0,0,0,0,,,0,,0,0.0,,,,,,0,,,,,,,,,,,0
https://star9aus.com,,oldurls,Merchant Missing,5,2026-07-30 22:36:10,,,0.0,0,0,0,0,0,0,,,0,,0,0.0,,,,,,0,,,,,,,,,,,0
https://starcity777.vip,,oldurls,Code 530,5,2026-07-30 20:21:29,,,0.0,0,0,0,0,0,0,,,0,,0,0.0,,,,,,0,,,,,,,,,,,0
https://starspin996.com,StarSpin996,urls,OK,0,2026-08-05 13:26:53,2026-07-20 23:38:54,2026-08-05 13:26:53,15.6,2,2,0,2,1,30.0,15.0,20.0,1.56,0.78,0,0.0,600.0,25.0,0.0,0.128,1.0,-2,40.0,575.0,50.0,0.0,0.78,0.78,0.0,10.37,0.064,0.1,0
https://strawberry96.com,,oldurls,Conn Aborted,5,2026-07-30 22:13:12,,,0.0,0,0,0,0,0,0,,,0,,0,0.0,,,,,,0,,,,,,,,,,,0
https://strayaluck.com,STRAYALUCK,urls,OK,0,2026-08-05 13:28:43,,,0.0,0,0,0,0,0,0,,,0,,0,0.0,,,,,,0,,,,,,,,,,,0
https://strayalux.com,Strayalux,urls,OK,0,2026-08-05 13:29:07,,,0.0,0,0,0,0,0,0,,,0,,0,0.0,,,,,,0,,,,,,,,,,,0
https://sugar96.com,Sugar96,urls,OK,0,2026-08-05 13:25:11,2026-08-05 13:25:11,2026-08-05 13:25:11,0.0,1,1,0,1,1,0.15,0.15,0.15,9.42,9.42,0,0.0,0.0,1000.0,0.0,,1.0,-1,40.0,,0.0,0.0,9.42,9.42,0.0,0.0,,,0
https://summeraux2.com,,oldurls,Conn Aborted,0,2026-07-30 19:29:55,,,0.0,0,0,0,0,0,0,,,0,,0,0.0,,,,,,0,,,,,,,,,,,0
https://super96au.com,Super96au $10 Minimum Deposit Casino Australia,urls,OK,0,2026-08-05 13:21:43,,,0.0,0,0,0,0,0,0,,,0,,0,0.0,,,,,,0,,,,,,,,,,,0
https://super996.com,SUPER996,urls,OK,0,2026-08-05 13:22:56,2026-07-20 06:09:49,2026-08-05 13:22:56,16.3,1,1,0,1,1,10.0,10.0,10.0,1.25,1.25,0,0.0,200.0,20.0,0.0,0.061,1.0,-1,40.1,180.0,20.0,0.0,1.25,1.25,0.0,16.3,0.061,0.08,0
https://supermario9.com,,oldurls,Conn Aborted,0,2026-07-30 19:45:47,,,0.0,0,0,0,0,0,0,,,0,,0,0.0,,,,,,0,,,,,,,,,,,0
https://supermateau.com,SUPERMATEAU,urls,OK,0,2026-08-05 13:23:41,,,0.0,0,0,0,0,0,0,,,0,,0,0.0,,,,,,0,,,,,,,,,,,0
https://superwin.one,,oldurls,Merchant Missing,5,2026-07-30 19:31:43,,,0.0,0,0,0,0,0,0,,,0,,0,0.0,,,,,,0,,,,,,,,,,,0
https://supreme777.com,Supreme777 (AUD),urls,OK,0,2026-08-05 13:26:08,,,0.0,0,0,0,0,0,0,,,0,,0,0.0,,,,,,0,,,,,,,,,,,0
https://supremepokies.icu,SUPREMEPOKIES,oldurls,Blocked,20,2026-08-05 13:30:14,2026-07-27 20:37:02,2026-08-05 13:29:04,8.7,2,2,0,2,1,50.0,25.0,40.0,0.46,0.23,0,0.0,2900.0,85.0,0.0,0.23,1.0,-2,40.0,2815.0,110.0,0.0,0.23,0.23,0.0,8.7,0.115,0.05,0
https://sure66.com,sureWin66 (AUD),urls,OK,0,2026-08-05 13:27:25,,,0.0,0,0,0,0,0,0,,,0,,0,0.0,,,,,,0,,,,,,,,,,,0
https://sure66.com/FORTUNE2378379A3,sureWin66 (AUD),oldurls,Not Found,5,2026-07-30 19:36:49,,,0.0,0,0,0,0,0,0,,,0,,0,0.0,,,,,,0,,,,,,,,,,,0
https://surwn9.co,,oldurls,Conn Aborted,0,2026-07-30 19:48:24,,,0.0,0,0,0,0,0,0,,,0,,0,0.0,,,,,,0,,,,,,,,,,,0
https://svj33au.com,,oldurls,Merchant Missing,5,2026-07-30 20:49:18,,,0.0,0,0,0,0,0,0,,,0,,0,0.0,,,,,,0,,,,,,,,,,,0
https://sydspin.com,,oldurls,Merchant Missing,5,2026-07-30 20:50:19,,,0.0,0,0,0,0,0,0,,,0,,0,0.0,,,,,,0,,,,,,,,,,,0
https://sydspin.org,Sydspin,urls,OK,0,2026-08-05 13:27:50,2026-08-02 14:53:51,2026-08-02 14:53:51,2.9,1,0,0,0,1,5.6,5.6,5.6,0.74,0.74,1,5.6,0.0,888.0,28.0,0.34,0.0,0,110.5,,0.0,156.8,0.74,0.03,1.0,0.0,0.34,0.25,0
https://sydspin99.com,,oldurls,Conn Aborted,7,2026-07-30 23:01:09,,,0.0,0,0,0,0,0,0,,,0,,0,0.0,,,,,,0,,,,,,,,,,,0
https://t.me,,oldurls,Merchant Missing,5,2026-07-30 20:14:40,,,0.0,0,0,0,0,0,0,,,0,,0,0.0,,,,,,0,,,,,,,,,,,0
https://tab77au.co,TAB77AU,urls,OK,0,2026-08-05 13:26:08,,,0.0,0,0,0,0,0,0,,,0,,0,0.0,,,,,,0,,,,,,,,,,,0
https://tab968.com,,oldurls,Conn Aborted,5,2026-07-30 22:37:03,,,0.0,0,0,0,0,0,0,,,0,,0,0.0,,,,,,0,,,,,,,,,,,0
https://tab99au.com,TAB99AU,urls,OK,0,2026-08-05 13:26:10,,,0.0,0,0,0,0,0,0,,,0,,0,0.0,,,,,,0,,,,,,,,,,,0
https://tab9au.com,TAB9AU,urls,OK,0,2026-08-05 13:20:46,2026-07-20 23:38:51,2026-08-05 13:20:46,15.6,2,2,0,2,1,587.0,293.5,399.0,86.21,43.1,0,0.0,7144.0,30.0,0.0,0.128,1.0,-2,40.1,7114.0,37.437,0.0,43.1,43.1,0.0,10.36,0.064,5.54,0
https://taxis33.cc,TAXIS33 - VIP Platform,urls,OK,0,2026-08-05 13:20:07,,,0.0,0,0,0,0,0,0,,,0,,0,0.0,,,,,,0,,,,,,,,,,,0
https://tcl21.com,,oldurls,Conn Aborted,6,2026-07-30 22:54:26,,,0.0,0,0,0,0,0,0,,,0,,0,0.0,,,,,,0,,,,,,,,,,,0
https://tcl99.com,TCL99,urls,OK,0,2026-08-05 13:28:40,,,0.0,0,0,0,0,0,0,,,0,,0,0.0,,,,,,0,,,,,,,,,,,0
https://tcl99aus.com,,oldurls,Error,5,2026-07-30 21:00:18,,,0.0,0,0,0,0,0,0,,,0,,0,0.0,,,,,,0,,,,,,,,,,,0
https://theoneau.com,,oldurls,Conn Aborted,7,2026-07-30 23:01:34,,,0.0,0,0,0,0,0,0,,,0,,0,0.0,,,,,,0,,,,,,,,,,,0
https://thepokies33.com,ThePokies33,urls,OK,0,2026-08-05 13:20:13,2026-07-20 23:38:52,2026-08-05 13:20:13,15.6,1,1,0,1,1,0.11,0.11,0.11,7.38,7.38,0,0.0,0.0,3000.0,0.0,0.064,1.0,-1,40.1,,0.0,0.0,7.38,7.38,0.0,15.57,0.064,0.47,0
https://thepokies96.com,ThePokies96,urls,OK,0,2026-08-05 13:21:51,2026-07-20 23:39:07,2026-08-05 13:21:51,15.6,1,1,0,1,1,0.11,0.11,0.11,7.38,7.38,0,0.0,0.0,3000.0,0.0,0.064,1.0,-1,40.1,,0.0,0.0,7.38,7.38,0.0,15.57,0.064,0.47,0
https://thestar.asia,TheStar,urls,OK,0,2026-08-05 13:23:54,2026-07-27 15:16:56,2026-08-05 13:23:54,8.9,2,2,0,2,1,1154.0,577.0,777.0,7.63,3.81,0,0.0,5777.0,20.0,0.0,0.224,1.0,-2,40.0,5757.0,10.014,0.0,3.81,3.81,0.0,8.92,0.112,0.86,0
https://thestar8au.com,,oldurls,Conn Aborted,0,2026-07-30 19:54:36,,,0.0,0,0,0,0,0,0,,,0,,0,0.0,,,,,,0,,,,,,,,,,,0
https://thestar99.com,,oldurls,Conn Aborted,7,2026-07-30 23:01:33,,,0.0,0,0,0,0,0,0,,,0,,0,0.0,,,,,,0,,,,,,,,,,,0
https://tiger88.games,TIGER88,urls,OK,0,2026-08-05 13:28:33,2026-07-31 09:35:28,2026-08-05 13:28:33,5.2,1,1,0,1,1,20.0,20.0,20.0,0.42,0.42,0,0.0,1000.0,20.08,0.0,0.194,1.0,-1,40.0,979.92,50.0,0.0,0.42,0.42,0.0,5.16,0.194,0.08,0
https://tinniewin.com,,oldurls,Conn Aborted,5,2026-07-30 22:36:54,,,0.0,0,0,0,0,0,0,,,0,,0,0.0,,,,,,0,,,,,,,,,,,0
https://tlcwin.com,,oldurls,Conn Aborted,5,2026-07-30 22:37:20,,,0.0,0,0,0,0,0,0,,,0,,0,0.0,,,,,,0,,,,,,,,,,,0
https://tmzbet.com,,oldurls,Conn Aborted,6,2026-07-30 22:39:01,,,0.0,0,0,0,0,0,0,,,0,,0,0.0,,,,,,0,,,,,,,,,,,0
https://tnt99au.com,TNT99,urls,OK,0,2026-08-05 13:21:47,,,0.0,0,0,0,0,0,0,,,0,,0,0.0,,,,,,0,,,,,,,,,,,0
https://tokofthetown.com,,oldurls,Merchant Missing,5,2026-07-30 20:54:03,,,0.0,0,0,0,0,0,0,,,0,,0,0.0,,,,,,0,,,,,,,,,,,0
https://tony99aus.com,,oldurls,Conn Aborted,6,2026-07-30 22:36:42,,,0.0,0,0,0,0,0,0,,,0,,0,0.0,,,,,,0,,,,,,,,,,,0
https://tonygame7.com,TONYGAME7,urls,OK,0,2026-08-05 13:21:03,,,0.0,0,0,0,0,0,0,,,0,,0,0.0,,,,,,0,,,,,,,,,,,0
https://top1cas.com,AUSBET96 GAMING & Pokies Hub,urls,OK,0,2026-08-05 13:20:17,2026-07-20 23:38:53,2026-08-05 13:20:17,15.6,1,1,0,1,1,89.98,89.98,89.98,2.62,2.62,0,0.0,1088.0,18.0,0.0,0.064,1.0,-1,40.1,1070.0,12.092,0.0,2.62,2.62,0.0,15.57,0.064,0.17,0
https://top1pokies.co,,oldurls,Conn Aborted,7,2026-07-30 23:01:02,,,0.0,0,0,0,0,0,0,,,0,,0,0.0,,,,,,0,,,,,,,,,,,0
https://top96.com,TOP96,urls,OK,0,2026-08-05 13:21:32,,,0.0,0,0,0,0,0,0,,,0,,0,0.0,,,,,,0,,,,,,,,,,,0
https://topaz33.com,TOPAZ33,urls,OK,0,2026-08-05 13:27:55,2026-07-20 06:09:42,2026-08-05 13:27:55,16.3,3,3,0,3,1,28.0,9.33,20.0,2.12,0.71,0,0.0,283.33,11.67,0.0,0.184,1.0,-3,40.0,271.67,28.889,0.0,0.71,0.71,0.0,16.3,0.061,0.13,0
https://topcash7.com,TopCash7,urls,OK,0,2026-08-05 13:25:21,,,0.0,0,0,0,0,0,0,,,0,,0,0.0,,,,,,0,,,,,,,,,,,0
https://topspin.one,,oldurls,Timeout,7,2026-07-30 23:02:12,,,0.0,0,0,0,0,0,0,,,0,,0,0.0,,,,,,0,,,,,,,,,,,0
https://township64.com,,oldurls,Conn Aborted,6,2026-07-30 22:37:36,,,0.0,0,0,0,0,0,0,,,0,,0,0.0,,,,,,0,,,,,,,,,,,0
https://toystory9au.com,,oldurls,Merchant Missing,5,2026-07-30 20:32:18,,,0.0,0,0,0,0,0,0,,,0,,0,0.0,,,,,,0,,,,,,,,,,,0
https://traviswin.com,,oldurls,Conn Aborted,0,2026-07-30 19:41:55,,,0.0,0,0,0,0,0,0,,,0,,0,0.0,,,,,,0,,,,,,,,,,,0
https://treasure4u.co,,oldurls,Conn Aborted,0,2026-07-30 19:43:31,,,0.0,0,0,0,0,0,0,,,0,,0,0.0,,,,,,0,,,,,,,,,,,0
https://trueaussiebet.vip,,oldurls,Merchant Missing,6,2026-07-30 22:54:50,,,0.0,0,0,0,0,0,0,,,0,,0,0.0,,,,,,0,,,,,,,,,,,0
https://truebluebetscasino.com,Truebluebets (AUD),urls,OK,0,2026-08-05 13:22:58,,,0.0,0,0,0,0,0,0,,,0,,0,0.0,,,,,,0,,,,,,,,,,,0
https://truebluex.com,,oldurls,Merchant Missing,5,2026-07-30 20:42:44,,,0.0,0,0,0,0,0,0,,,0,,0,0.0,,,,,,0,,,,,,,,,,,0
https://truewin77.com,TRUEWIN77,urls,OK,0,2026-08-05 13:27:22,2026-07-27 15:20:48,2026-08-05 13:27:22,8.9,1,1,0,1,1,0.19,0.19,0.19,14.71,14.71,0,0.0,0.0,3000.0,0.0,0.112,1.0,-1,40.0,,0.0,0.0,14.71,14.71,0.0,8.92,0.112,1.65,0
https://trust88au.com,ITRUST88,urls,OK,0,2026-08-05 13:20:19,2026-07-29 04:19:28,2026-08-05 13:20:19,7.4,3,3,0,3,1,25.1,8.37,20.0,3.96,1.32,0,0.0,216.67,11.67,0.0,0.407,1.0,-3,40.1,205.0,1008.333,0.0,1.32,1.32,0.0,4.92,0.136,0.54,0
https://trustaus.co,,oldurls,Conn Aborted,6,2026-07-30 22:36:58,,,0.0,0,0,0,0,0,0,,,0,,0,0.0,,,,,,0,,,,,,,,,,,0
https://tt99au.com,,oldurls,Conn Aborted,6,2026-07-30 23:01:49,,,0.0,0,0,0,0,0,0,,,0,,0,0.0,,,,,,0,,,,,,,,,,,0
https://twospin.com,,oldurls,Timeout,0,2026-07-30 19:52:29,,,0.0,0,0,0,0,0,0,,,0,,0,0.0,,,,,,0,,,,,,,,,,,0
https://u2win.online,U2WIN,urls,OK,0,2026-08-05 13:25:15,2026-07-20 23:38:54,2026-08-05 13:25:15,15.6,1,1,0,1,1,5.0,5.0,5.0,0.3,0.3,0,0.0,300.0,20.0,0.0,0.064,1.0,-1,40.0,280.0,60.0,0.0,0.3,0.3,0.0,15.57,0.064,0.02,0
https://u88aud.com,U88AUD,urls,OK,0,2026-08-05 13:26:54,2026-07-20 23:38:53,2026-08-05 13:28:53,15.6,2,2,0,2,1,25.0,12.5,20.0,2.51,1.25,0,0.0,125.0,5.03,0.0,0.128,1.0,-2,40.0,119.97,10.0,0.0,1.25,1.25,0.0,15.58,0.064,0.16,0
https://u99au.com,,oldurls,Merchant Missing,5,2026-07-30 20:24:47,,,0.0,0,0,0,0,0,0,,,0,,0,0.0,,,,,,0,,,,,,,,,,,0
https://uap66.com,UAP66,urls,OK,0,2026-08-05 13:22:04,,,0.0,0,0,0,0,0,0,,,0,,0,0.0,,,,,,0,,,,,,,,,,,0
https://ubet66aus.com,UBET66AUS,urls,OK,0,2026-08-05 13:23:31,2026-07-20 23:39:11,2026-08-05 13:23:31,15.6,2,1,0,1,2,22.66,11.33,16.66,3.57,1.79,0,0.0,192.0,94.0,6.0,0.128,0.5,-1,40.0,98.0,12.484,36.0,1.79,0.67,0.0,7.79,0.128,0.23,0
https://ubet96.com,Ubet AUS,urls,OK,0,2026-08-05 13:22:18,2026-07-27 15:16:47,2026-08-05 13:22:18,8.9,2,2,0,2,1,16.0,8.0,10.0,2.16,1.08,0,0.0,198.5,19.5,0.0,0.224,1.0,-2,40.1,179.0,23.45,0.0,1.08,1.08,0.0,8.92,0.112,0.24,0
https://ubibet.co,,oldurls,Conn Aborted,5,2026-07-30 23:01:48,,,0.0,0,0,0,0,0,0,,,0,,0,0.0,,,,,,0,,,,,,,,,,,0
https://ufc66.com,UFC66,urls,OK,0,2026-08-05 13:22:47,,,0.0,0,0,0,0,0,0,,,0,,0,0.0,,,,,,0,,,,,,,,,,,0
https://ufc9au.com,,oldurls,Merchant Missing,5,2026-07-30 22:37:55,,,0.0,0,0,0,0,0,0,,,0,,0,0.0,,,,,,0,,,,,,,,,,,0
https://ufc9aus.com,UFC9,urls,OK,0,2026-08-05 13:26:17,2026-08-05 13:26:17,2026-08-05 13:26:17,0.0,1,1,0,1,1,0.5,0.5,0.5,51.72,51.72,1,0.5,0.0,0.0,0.0,,1.0,-1,40.0,,0.0,0.0,51.72,51.72,1.0,0.0,,,0
https://ufo9.asia,UFO9,urls,OK,0,2026-08-05 13:27:45,2026-08-02 15:01:58,2026-08-02 15:01:58,2.9,1,0,0,0,1,10.0,10.0,10.0,0.43,0.43,0,0.0,0.0,75.0,30.0,0.341,0.0,0,110.4,,0.0,300.0,0.43,0.01,0.0,0.0,0.341,0.15,0
https://ufokingau.com,,oldurls,Conn Aborted,5,2026-07-30 22:39:41,,,0.0,0,0,0,0,0,0,,,0,,0,0.0,,,,,,0,,,,,,,,,,,0
https://umi999.com,UMI999,urls,OK,0,2026-08-05 13:23:12,2026-07-27 15:16:59,2026-08-05 13:23:12,8.9,6,3,0,3,4,133.0,22.17,28.0,180.58,30.1,0,0.0,39.83,20.0,0.0,0.673,0.5,-3,40.1,19.83,1.873,0.0,30.1,30.1,0.0,4.33,0.448,20.24,0
https://unibet7.com,,oldurls,Conn Aborted,0,2026-07-30 19:22:03,,,0.0,0,0,0,0,0,0,,,0,,0,0.0,,,,,,0,,,,,,,,,,,0
https://unipokies.com,,oldurls,Timeout,6,2026-07-30 23:01:47,,,0.0,0,0,0,0,0,0,,,0,,0,0.0,,,,,,0,,,,,,,,,,,0
https://unitedau.com,UnitedAu,urls,OK,0,2026-08-05 13:26:29,2026-07-27 21:00:35,2026-08-05 13:26:29,8.7,4,1,0,1,2,148.0,37.0,88.0,7.32,1.83,0,0.0,675.0,17.58,0.0,0.461,0.25,-1,40.0,657.42,37.955,0.0,1.83,1.83,0.0,5.59,0.23,0.84,0
https://unitedpokie.com,UNITEDPOKIES,urls,OK,0,2026-08-05 13:23:58,,,0.0,0,0,0,0,0,0,,,0,,0,0.0,,,,,,0,,,,,,,,,,,0
https://unitedpokies.icu,UNITEDPOKIES,oldurls,Method Not Allowed,5,2026-07-30 19:38:32,,,0.0,0,0,0,0,0,0,,,0,,0,0.0,,,,,,0,,,,,,,,,,,0
https://uspd7.co,,oldurls,Conn Aborted,7,2026-07-30 23:02:26,,,0.0,0,0,0,0,0,0,,,0,,0,0.0,,,,,,0,,,,,,,,,,,0
https://uspeed.co,,oldurls,Merchant Missing,5,2026-07-30 20:22:23,,,0.0,0,0,0,0,0,0,,,0,,0,0.0,,,,,,0,,,,,,,,,,,0
https://uuspin.com,UUSPIN,urls,OK,0,2026-08-05 13:25:40,2026-07-29 06:13:30,2026-08-05 13:25:40,7.3,2,1,0,1,2,8.0,4.0,5.0,3.0,1.5,0,0.0,75.0,30.0,0.0,0.274,0.5,-1,40.0,45.0,18.333,0.0,1.5,1.5,0.0,6.19,0.274,0.41,0
https://uuspin.com/UU2583563,UUSPIN,oldurls,Not Found,5,2026-07-30 20:22:55,,,0.0,0,0,0,0,0,0,,,0,,0,0.0,,,,,,0,,,,,,,,,,,0
https://uwin33au.com,UWIN33AU,urls,OK,0,2026-08-05 13:25:00,2026-07-29 04:16:53,2026-08-05 13:25:00,7.4,1,1,0,1,1,33.0,33.0,33.0,1.51,1.51,0,0.0,500.0,10.0,0.0,0.135,1.0,-1,40.0,490.0,15.152,0.0,1.51,1.51,0.0,7.38,0.135,0.2,0
https://v12betau.net,V12BET,urls,OK,0,2026-08-05 13:24:18,,,0.0,0,0,0,0,0,0,,,0,,0,0.0,,,,,,0,,,,,,,,,,,0
https://v2plus.me,V2PLUS,oldurls,Error,1,2026-07-31 09:37:27,,,0.0,0,0,0,0,0,0,,,0,,0,0.0,,,,,,0,,,,,,,,,,,0
https://v6aus.com,,oldurls,Conn Aborted,6,2026-07-30 22:38:35,,,0.0,0,0,0,0,0,0,,,0,,0,0.0,,,,,,0,,,,,,,,,,,0
https://v76au.com,,oldurls,Conn Aborted,5,2026-07-30 22:38:10,,,0.0,0,0,0,0,0,0,,,0,,0,0.0,,,,,,0,,,,,,,,,,,0
https://v8au.com,,oldurls,Merchant Missing,5,2026-07-30 20:58:21,,,0.0,0,0,0,0,0,0,,,0,,0,0.0,,,,,,0,,,,,,,,,,,0
https://v96au.com,,oldurls,Merchant Missing,5,2026-07-30 19:45:32,,,0.0,0,0,0,0,0,0,,,0,,0,0.0,,,,,,0,,,,,,,,,,,0
https://v9aus.com,,oldurls,Conn Aborted,5,2026-07-30 22:55:06,,,0.0,0,0,0,0,0,0,,,0,,0,0.0,,,,,,0,,,,,,,,,,,0
https://vanspin.com,,oldurls,Merchant Missing,5,2026-07-30 22:37:58,,,0.0,0,0,0,0,0,0,,,0,,0,0.0,,,,,,0,,,,,,,,,,,0
https://vbet44.com,,oldurls,Code 530,5,2026-07-30 20:43:24,,,0.0,0,0,0,0,0,0,,,0,,0,0.0,,,,,,0,,,,,,,,,,,0
https://vegas99.co,,oldurls,Error,5,2026-07-30 20:01:22,,,0.0,0,0,0,0,0,0,,,0,,0,0.0,,,,,,0,,,,,,,,,,,0
https://vegas9bet.com,,oldurls,Conn Aborted,5,2026-07-30 22:02:30,,,0.0,0,0,0,0,0,0,,,0,,0,0.0,,,,,,0,,,,,,,,,,,0
https://vegas9bet.com/VEGAS9BET2613325A2,,oldurls,Conn Aborted,5,2026-07-30 22:38:50,,,0.0,0,0,0,0,0,0,,,0,,0,0.0,,,,,,0,,,,,,,,,,,0
https://vegasau.net,,oldurls,Error,6,2026-07-30 22:38:27,,,0.0,0,0,0,0,0,0,,,0,,0,0.0,,,,,,0,,,,,,,,,,,0
https://venus55.com,Venus55,urls,OK,0,2026-08-05 13:23:27,2026-07-20 23:38:58,2026-08-05 13:23:27,15.6,1,1,0,1,1,0.12,0.12,0.12,8.24,8.24,0,0.0,0.6,3000.0,0.0,0.064,1.0,-1,40.0,-2999.4,5.0,0.0,8.24,8.24,0.0,15.57,0.064,0.53,0
https://ves88.com,VES88,urls,OK,0,2026-08-05 13:23:34,2026-07-27 20:55:00,2026-08-05 13:28:57,8.7,1,1,0,1,1,8.88,8.88,8.88,0.31,0.31,0,0.0,588.0,30.0,0.0,0.115,1.0,-1,40.0,558.0,66.216,0.0,0.31,0.31,0.0,8.69,0.115,0.04,0
https://ves88.vip,VES88,urls,OK,0,2026-08-05 13:28:57,,,0.0,0,0,0,0,0,0,,,0,,0,0.0,,,,,,0,,,,,,,,,,,0
https://vgs33aus.com,,oldurls,Merchant Missing,5,2026-07-30 20:42:09,,,0.0,0,0,0,0,0,0,,,0,,0,0.0,,,,,,0,,,,,,,,,,,0
https://vicbet777.com,,oldurls,Blocked,5,2026-07-30 20:44:11,,,0.0,0,0,0,0,0,0,,,0,,0,0.0,,,,,,0,,,,,,,,,,,0
https://vicspin.com,,oldurls,Conn Aborted,0,2026-07-30 19:41:41,,,0.0,0,0,0,0,0,0,,,0,,0,0.0,,,,,,0,,,,,,,,,,,0
https://victor96.com,Victor96,urls,OK,0,2026-08-05 13:24:39,2026-08-03 01:37:18,2026-08-03 08:17:58,0.3,1,0,0,0,1,2.5,2.5,2.5,17.62,17.62,1,2.5,12.5,0.0,0.0,3.594,0.0,0,93.1,,5.0,0.0,17.62,17.62,1.0,0.28,3.594,63.34,0
https://victoria77au.com,VICTORIA77 Australia Online Casino | High RTP,urls,OK,0,2026-08-05 13:23:40,2026-07-27 20:46:38,2026-08-05 13:23:40,8.7,2,2,0,2,1,13.77,6.88,10.0,3.22,1.61,0,0.0,175.0,17.5,0.0,0.23,1.0,-2,40.0,157.5,38.156,0.0,1.61,1.61,0.0,8.69,0.115,0.37,0
https://vip77.club,VIP77,urls,OK,0,2026-08-05 13:25:55,2026-07-20 23:38:59,2026-08-05 13:25:55,15.6,1,1,0,1,1,10.0,10.0,10.0,1.25,1.25,0,0.0,200.0,20.0,0.0,0.064,1.0,-1,40.0,180.0,20.0,0.0,1.25,1.25,0.0,15.57,0.064,0.08,0
https://vip777au.com,VIP777AU,urls,OK,0,2026-08-05 13:23:30,2026-07-27 15:18:44,2026-08-05 13:23:30,8.9,4,4,0,4,1,45.0,11.25,20.0,2.04,0.51,0,0.0,300.0,53.76,0.0,0.448,1.0,-4,40.0,246.24,41.667,0.0,0.51,0.51,0.0,8.92,0.112,0.23,0
https://vip99.com,VIP99,urls,OK,0,2026-08-05 13:27:00,,,0.0,0,0,0,0,0,0,,,0,,0,0.0,,,,,,0,,,,,,,,,,,0
https://viva96.com,VIVA96,urls,OK,0,2026-08-05 13:25:57,,,0.0,0,0,0,0,0,0,,,0,,0,0.0,,,,,,0,,,,,,,,,,,0
https://vivid96.com,VIVID96,urls,OK,0,2026-08-05 13:23:26,,,0.0,0,0,0,0,0,0,,,0,,0,0.0,,,,,,0,,,,,,,,,,,0
https://vivid96.com/VIVID96273285A93,VIVID96,oldurls,Not Found,5,2026-07-30 20:26:57,,,0.0,0,0,0,0,0,0,,,0,,0,0.0,,,,,,0,,,,,,,,,,,0
https://vplus9.com,Vplus9,urls,OK,0,2026-08-05 13:23:59,,,0.0,0,0,0,0,0,0,,,0,,0,0.0,,,,,,0,,,,,,,,,,,0
https://vpower8.com,VPOWER8™ Australia Pokies,urls,OK,0,2026-08-05 13:21:58,,,0.0,0,0,0,0,0,0,,,0,,0,0.0,,,,,,0,,,,,,,,,,,0
https://vspin365.com,,oldurls,Conn Aborted,5,2026-07-30 22:40:13,,,0.0,0,0,0,0,0,0,,,0,,0,0.0,,,,,,0,,,,,,,,,,,0
https://vv33v.com,VV33V (AUD),urls,OK,0,2026-08-05 13:20:07,,,0.0,0,0,0,0,0,0,,,0,,0,0.0,,,,,,0,,,,,,,,,,,0
https://vv88aud.io,VV88 AUS,urls,OK,0,2026-08-05 13:24:45,2026-07-27 20:45:56,2026-08-05 13:25:00,8.7,1,1,0,1,1,100.0,100.0,100.0,1.45,1.45,0,0.0,2000.0,20.0,0.0,0.115,1.0,-1,40.0,1980.0,20.0,0.0,1.45,1.45,0.0,8.69,0.115,0.17,0
https://vvip15au.com,VVIP15 Australia Online Casino,urls,OK,0,2026-08-05 13:21:27,2026-07-20 06:09:59,2026-08-05 13:21:27,16.3,2,1,0,1,2,61.96,30.98,46.41,132.09,66.04,1,46.41,155.5,454.0,0.0,0.123,0.5,-1,40.1,291.0,10.0,0.0,66.04,66.04,0.749,8.42,0.123,8.1,0
https://vvipaud.co,,oldurls,Conn Aborted,6,2026-07-30 22:38:12,,,0.0,0,0,0,0,0,0,,,0,,0,0.0,,,,,,0,,,,,,,,,,,0
https://w33aus.com,W33 Australia Online Casino | Best Online Pokies,urls,OK,0,2026-08-05 13:27:21,2026-07-29 03:48:51,2026-08-05 13:27:21,7.4,4,3,0,3,2,69.99,17.5,33.33,1.87,0.47,0,0.0,862.5,22.5,0.0,0.54,0.75,-3,40.0,840.0,52.523,0.0,0.47,0.47,0.0,4.43,0.27,0.25,0
https://w99au.com,W99AU,oldurls,Method Not Allowed,7,2026-07-30 23:02:11,,,0.0,0,0,0,0,0,0,,,0,,0,0.0,,,,,,0,,,,,,,,,,,0
https://wabet77.com,,oldurls,Merchant Missing,0,2026-07-30 20:06:51,,,0.0,0,0,0,0,0,0,,,0,,0,0.0,,,,,,0,,,,,,,,,,,0
https://waboom77.com,,oldurls,Merchant Missing,5,2026-07-30 20:28:44,,,0.0,0,0,0,0,0,0,,,0,,0,0.0,,,,,,0,,,,,,,,,,,0
https://wavepokies.com,,oldurls,Timeout,6,2026-07-30 22:39:29,,,0.0,0,0,0,0,0,0,,,0,,0,0.0,,,,,,0,,,,,,,,,,,0
https://we1winau.com,We1winAU,urls,OK,0,2026-08-05 13:28:53,2026-07-27 20:47:54,2026-08-05 13:28:53,8.7,1,1,0,1,1,20.0,20.0,20.0,2.46,2.46,0,0.0,200.0,10.0,0.0,0.115,1.0,-1,40.0,190.0,10.0,0.0,2.46,2.46,0.0,8.7,0.115,0.28,0
https://we1winau.com/RF117A3982:,We1winAU,oldurls,Not Found,5,2026-07-30 20:20:07,,,0.0,0,0,0,0,0,0,,,0,,0,0.0,,,,,,0,,,,,,,,,,,0
https://we966.com,,oldurls,Merchant Missing,7,2026-07-30 23:02:08,,,0.0,0,0,0,0,0,0,,,0,,0,0.0,,,,,,0,,,,,,,,,,,0
https://webet29.com,,oldurls,Timeout,7,2026-07-30 23:02:28,,,0.0,0,0,0,0,0,0,,,0,,0,0.0,,,,,,0,,,,,,,,,,,0
https://webo98.com,WEBO98,urls,OK,0,2026-08-05 13:26:03,2026-07-29 04:23:24,2026-08-05 13:26:03,7.4,2,2,0,2,1,10.0,5.0,5.0,1.29,0.64,0,0.0,135.0,12.5,0.0,0.271,1.0,-2,40.0,122.5,27.0,0.0,0.64,0.64,0.0,7.38,0.136,0.17,0
https://wegobet.asia,WEGOBET,urls,OK,0,2026-08-05 13:25:44,,,0.0,0,0,0,0,0,0,,,0,,0,0.0,,,,,,0,,,,,,,,,,,0
https://wegobet.co,WEGOBET,urls,OK,0,2026-08-05 13:22:01,,,0.0,0,0,0,0,0,0,,,0,,0,0.0,,,,,,0,,,,,,,,,,,0
https://weplay88.com,WePlay88,oldurls,Merchant Missing,5,2026-07-30 19:53:43,2026-07-26 14:04:49,2026-07-26 14:04:49,4.2,2,0,0,0,1,892.0,446.0,888.0,10.55,5.27,0,0.0,2270.0,15.03,0.0,0.471,0.0,0,279.4,2254.97,15.0,0.0,5.27,5.27,0.0,0.0,0.236,2.49,0
https://weplay9aus.casino,WEPLAY9,urls,OK,0,2026-08-05 13:23:02,,,0.0,0,0,0,0,0,0,,,0,,0,0.0,,,,,,0,,,,,,,,,,,0
https://weplay9aus.com,WEPLAY9,urls,OK,0,2026-08-05 13:21:16,,,0.0,0,0,0,0,0,0,,,0,,0,0.0,,,,,,0,,,,,,,,,,,0
https://weslot88.org,,oldurls,Merchant Missing,7,2026-07-30 23:02:50,,,0.0,0,0,0,0,0,0,,,0,,0,0.0,,,,,,0,,,,,,,,,,,0
https://whackaus.com,WHACKAUS,urls,OK,0,2026-08-05 13:24:57,,,0.0,0,0,0,0,0,0,,,0,,0,0.0,,,,,,0,,,,,,,,,,,0
https://whackspin.net,WHACKSPIN,urls,OK,0,2026-08-05 13:20:55,,,0.0,0,0,0,0,0,0,,,0,,0,0.0,,,,,,0,,,,,,,,,,,0
https://wildngo.net,,oldurls,Merchant Missing,5,2026-07-30 21:57:58,,,0.0,0,0,0,0,0,0,,,0,,0,0.0,,,,,,0,,,,,,,,,,,0
https://wildpokies1.com,,oldurls,Merchant Missing,5,2026-07-30 19:34:36,,,0.0,0,0,0,0,0,0,,,0,,0,0.0,,,,,,0,,,,,,,,,,,0
https://wildspin24.com,Wildspin24,urls,OK,0,2026-08-05 13:20:12,2026-07-20 23:39:02,2026-08-05 13:20:12,15.6,3,2,0,2,2,103.0,34.33,88.0,7.28,2.43,0,0.0,362.67,15.0,0.0,0.193,0.667,-2,40.1,347.67,11.697,0.0,2.43,2.43,0.0,10.38,0.128,0.47,0
https://win19au.com,WIN19,urls,OK,0,2026-08-05 13:27:18,,,0.0,0,0,0,0,0,0,,,0,,0,0.0,,,,,,0,,,,,,,,,,,0
https://win29.club,WIN29,urls,OK,0,2026-08-05 13:27:11,,,0.0,0,0,0,0,0,0,,,0,,0,0.0,,,,,,0,,,,,,,,,,,0
https://win2aud.com/Win2Aud291397516,,oldurls,Conn Aborted,5,2026-07-30 22:39:44,,,0.0,0,0,0,0,0,0,,,0,,0,0.0,,,,,,0,,,,,,,,,,,0
https://win7au.com,Win7ᴬᵁ,urls,OK,0,2026-08-05 13:25:15,2026-07-27 20:37:13,2026-07-27 20:37:13,8.7,1,0,0,0,1,0.2,0.2,0.2,0.02,0.02,0,0.0,100.0,20.0,0.0,0.115,0.0,0,248.8,80.0,500.0,0.0,0.02,0.02,0.0,0.0,0.115,0.0,0
https://win99aud.com,WIN99AUD,urls,OK,0,2026-08-05 13:28:16,2026-07-20 23:39:03,2026-08-05 13:28:16,15.6,5,4,0,4,2,150.0,30.0,100.0,131.34,26.27,1,5.0,440.0,390.6,0.0,0.321,0.8,-4,40.0,533.75,20.0,0.0,26.27,26.27,0.033,9.35,0.128,8.43,0
https://winall365.com,,oldurls,Conn Aborted,0,2026-07-30 20:09:42,,,0.0,0,0,0,0,0,0,,,0,,0,0.0,,,,,,0,,,,,,,,,,,0
https://winbet96.com,,oldurls,Conn Aborted,5,2026-07-30 22:39:04,,,0.0,0,0,0,0,0,0,,,0,,0,0.0,,,,,,0,,,,,,,,,,,0
https://winbox99au.com,,oldurls,Conn Aborted,0,2026-07-30 19:38:58,,,0.0,0,0,0,0,0,0,,,0,,0,0.0,,,,,,0,,,,,,,,,,,0
https://wincity.online,,oldurls,Conn Aborted,6,2026-07-30 22:55:22,,,0.0,0,0,0,0,0,0,,,0,,0,0.0,,,,,,0,,,,,,,,,,,0
https://wincrown7.com,,oldurls,Error,5,2026-07-30 20:12:13,,,0.0,0,0,0,0,0,0,,,0,,0,0.0,,,,,,0,,,,,,,,,,,0
https://winfortune777.com,WinFortune777,urls,OK,0,2026-08-05 13:23:19,2026-07-30 11:10:06,2026-08-05 13:23:19,6.1,1,1,0,1,1,7.77,7.77,7.77,0.37,0.37,0,0.0,377.0,15.0,0.0,0.164,1.0,-1,40.0,362.0,48.52,0.0,0.37,0.37,0.0,6.09,0.164,0.06,0
https://wing96aus.com,,oldurls,Conn Aborted,0,2026-07-30 19:56:15,,,0.0,0,0,0,0,0,0,,,0,,0,0.0,,,,,,0,,,,,,,,,,,0
https://wink9.com,,oldurls,Timeout,0,2026-07-30 20:03:45,,,0.0,0,0,0,0,0,0,,,0,,0,0.0,,,,,,0,,,,,,,,,,,0
https://winmate88.com,,oldurls,Merchant Missing,5,2026-07-30 20:38:02,,,0.0,0,0,0,0,0,0,,,0,,0,0.0,,,,,,0,,,,,,,,,,,0
https://winmate88.org,,oldurls,Conn Aborted,0,2026-07-30 19:35:52,,,0.0,0,0,0,0,0,0,,,0,,0,0.0,,,,,,0,,,,,,,,,,,0
https://winmore8.com,,oldurls,Code 530,5,2026-07-30 20:23:29,,,0.0,0,0,0,0,0,0,,,0,,0,0.0,,,,,,0,,,,,,,,,,,0
https://winner29.com,Winner29,urls,OK,0,2026-08-05 13:23:53,,,0.0,0,0,0,0,0,0,,,0,,0,0.0,,,,,,0,,,,,,,,,,,0
https://winner29.com/winner29RF2A7653179,Winner29,oldurls,Not Found,5,2026-07-30 20:38:49,,,0.0,0,0,0,0,0,0,,,0,,0,0.0,,,,,,0,,,,,,,,,,,0
https://winnie13.net,,oldurls,Conn Aborted,6,2026-07-30 22:38:46,,,0.0,0,0,0,0,0,0,,,0,,0,0.0,,,,,,0,,,,,,,,,,,0
https://winsavage.com,,oldurls,Conn Aborted,0,2026-07-30 19:24:00,,,0.0,0,0,0,0,0,0,,,0,,0,0.0,,,,,,0,,,,,,,,,,,0
https://winshark88.com,WinShark88 Casino Australia,urls,OK,0,2026-08-05 13:20:37,2026-07-30 11:10:39,2026-08-05 13:20:37,6.1,2,2,0,2,1,86.0,43.0,68.0,2.23,1.12,0,0.0,944.0,20.0,0.0,0.328,1.0,-2,40.1,924.0,24.503,0.0,1.12,1.12,0.0,6.09,0.164,0.37,0
https://winshift77.com,WinShift77,urls,OK,0,2026-08-05 13:21:39,,,0.0,0,0,0,0,0,0,,,0,,0,0.0,,,,,,0,,,,,,,,,,,0
https://winspin33.com,,oldurls,Conn Aborted,5,2026-07-30 22:12:09,,,0.0,0,0,0,0,0,0,,,0,,0,0.0,,,,,,0,,,,,,,,,,,0
https://winspin99.com,,oldurls,Conn Aborted,6,2026-07-30 22:39:59,,,0.0,0,0,0,0,0,0,,,0,,0,0.0,,,,,,0,,,,,,,,,,,0
https://winstar96au.com,WinStar96 E-Wallet Casino,urls,OK,0,2026-08-05 13:22:11,2026-07-29 03:52:31,2026-08-05 13:22:11,7.4,1,1,0,1,1,19.96,19.96,19.96,1.31,1.31,0,0.0,399.0,20.0,0.0,0.135,1.0,-1,40.1,379.0,19.99,0.0,1.31,1.31,0.0,7.4,0.135,0.18,0
https://wintrue18.com,,oldurls,Error,6,2026-07-30 22:39:20,,,0.0,0,0,0,0,0,0,,,0,,0,0.0,,,,,,0,,,,,,,,,,,0
https://winwin9.org,,oldurls,Timeout,0,2026-07-30 19:58:01,,,0.0,0,0,0,0,0,0,,,0,,0,0.0,,,,,,0,,,,,,,,,,,0
https://winworld99.com,,oldurls,Conn Aborted,0,2026-07-30 19:43:58,,,0.0,0,0,0,0,0,0,,,0,,0,0.0,,,,,,0,,,,,,,,,,,0
https://winx96.com,Winx96,urls,OK,0,2026-08-05 13:22:24,,,0.0,0,0,0,0,0,0,,,0,,0,0.0,,,,,,0,,,,,,,,,,,0
https://winzamate.com,,oldurls,Error,5,2026-07-30 20:54:50,,,0.0,0,0,0,0,0,0,,,0,,0,0.0,,,,,,0,,,,,,,,,,,0
https://witchspin.com,,oldurls,Merchant Missing,5,2026-07-30 20:09:15,,,0.0,0,0,0,0,0,0,,,0,,0,0.0,,,,,,0,,,,,,,,,,,0
https://woah99.com,,oldurls,Merchant Missing,6,2026-07-30 22:41:26,,,0.0,0,0,0,0,0,0,,,0,,0,0.0,,,,,,0,,,,,,,,,,,0
https://woah99.com/TW1923523A3,,oldurls,Merchant Missing,5,2026-07-30 20:32:41,,,0.0,0,0,0,0,0,0,,,0,,0,0.0,,,,,,0,,,,,,,,,,,0
https://wombats88.com,Wombat88,urls,OK,0,2026-08-05 13:24:16,2026-07-20 06:10:31,2026-08-05 13:24:16,16.3,2,2,0,2,1,10.0,5.0,5.0,0.56,0.28,0,0.0,369.0,22.5,0.0,0.123,1.0,-2,40.0,346.5,73.8,0.0,0.28,0.28,0.0,16.3,0.061,0.03,0
https://won29.com,WON29,urls,OK,0,2026-08-05 13:28:45,,,0.0,0,0,0,0,0,0,,,0,,0,0.0,,,,,,0,,,,,,,,,,,0
https://won777au.com,,oldurls,Conn Aborted,5,2026-07-30 22:39:02,,,0.0,0,0,0,0,0,0,,,0,,0,0.0,,,,,,0,,,,,,,,,,,0
https://won96.com,WON96,urls,OK,0,2026-08-05 13:28:22,,,0.0,0,0,0,0,0,0,,,0,,0,0.0,,,,,,0,,,,,,,,,,,0
https://won96.com/LuckyNum216386A17,WON96,oldurls,Not Found,5,2026-07-30 20:29:59,,,0.0,0,0,0,0,0,0,,,0,,0,0.0,,,,,,0,,,,,,,,,,,0
https://wonpokies.com,,oldurls,Conn Aborted,5,2026-07-30 21:59:17,,,0.0,0,0,0,0,0,0,,,0,,0,0.0,,,,,,0,,,,,,,,,,,0
https://woobet.co,,oldurls,Conn Aborted,6,2026-07-30 22:40:14,,,0.0,0,0,0,0,0,0,,,0,,0,0.0,,,,,,0,,,,,,,,,,,0
https://woocunt.com,,oldurls,Conn Aborted,0,2026-07-30 20:10:32,,,0.0,0,0,0,0,0,0,,,0,,0,0.0,,,,,,0,,,,,,,,,,,0
https://woohoo9.com,,oldurls,Merchant Missing,5,2026-07-30 20:30:26,,,0.0,0,0,0,0,0,0,,,0,,0,0.0,,,,,,0,,,,,,,,,,,0
https://woospin.org,WooSpin,oldurls,Blocked,5,2026-07-30 20:20:54,,,0.0,0,0,0,0,0,0,,,0,,0,0.0,,,,,,0,,,,,,,,,,,0
https://world99aud.com,WORLD99,urls,OK,0,2026-08-05 13:24:21,2026-07-20 06:09:51,2026-08-05 13:24:21,16.3,2,1,0,1,2,30.0,15.0,20.0,1.78,0.89,0,0.0,349.0,10.0,0.0,0.123,0.5,-1,40.0,339.0,22.425,0.0,0.89,0.89,0.0,15.06,0.123,0.11,0
https://wow11.site,WOW11,urls,OK,0,2026-08-05 13:21:32,2026-07-29 04:20:23,2026-08-05 13:21:32,7.4,2,2,0,2,1,215.0,107.5,200.0,5.23,2.62,0,0.0,1100.0,15.0,0.0,0.271,1.0,-2,40.1,1085.0,11.667,0.0,2.62,2.62,0.0,7.38,0.136,0.71,0
https://wowbet9.net,,oldurls,Conn Aborted,6,2026-07-30 22:39:35,,,0.0,0,0,0,0,0,0,,,0,,0,0.0,,,,,,0,,,,,,,,,,,0
https://wrbaus.com,,oldurls,Error,5,2026-07-30 20:44:25,,,0.0,0,0,0,0,0,0,,,0,,0,0.0,,,,,,0,,,,,,,,,,,0
https://www.11win.ceo,,oldurls,Merchant Missing,5,2026-07-30 20:29:20,,,0.0,0,0,0,0,0,0,,,0,,0,0.0,,,,,,0,,,,,,,,,,,0
https://www.28mars.com,,oldurls,Code 418,5,2026-07-30 22:41:44,,,0.0,0,0,0,0,0,0,,,0,,0,0.0,,,,,,0,,,,,,,,,,,0
https://www.adultsbet.com,,oldurls,Conn Aborted,0,2026-07-30 19:41:27,,,0.0,0,0,0,0,0,0,,,0,,0,0.0,,,,,,0,,,,,,,,,,,0
https://www.aussiebt.com,,oldurls,Merchant Missing,6,2026-07-30 22:39:20,,,0.0,0,0,0,0,0,0,,,0,,0,0.0,,,,,,0,,,,,,,,,,,0
https://www.bankcunt.net,,oldurls,Conn Aborted,0,2026-07-30 19:21:25,,,0.0,0,0,0,0,0,0,,,0,,0,0.0,,,,,,0,,,,,,,,,,,0
https://www.betjason.com,,oldurls,Conn Aborted,0,2026-07-30 20:15:35,,,0.0,0,0,0,0,0,0,,,0,,0,0.0,,,,,,0,,,,,,,,,,,0
https://www.bomboclat9.net,,oldurls,Conn Aborted,5,2026-07-30 22:08:54,,,0.0,0,0,0,0,0,0,,,0,,0,0.0,,,,,,0,,,,,,,,,,,0
https://www.boombaby9.com,,oldurls,Conn Aborted,6,2026-07-30 22:40:29,,,0.0,0,0,0,0,0,0,,,0,,0,0.0,,,,,,0,,,,,,,,,,,0
https://www.fuckingluck.com,,oldurls,Conn Aborted,0,2026-07-30 19:56:31,,,0.0,0,0,0,0,0,0,,,0,,0,0.0,,,,,,0,,,,,,,,,,,0
https://www.fuckmate.co,,oldurls,Merchant Missing,6,2026-07-30 23:02:29,,,0.0,0,0,0,0,0,0,,,0,,0,0.0,,,,,,0,,,,,,,,,,,0
https://www.lsdbaby.net,,oldurls,Conn Aborted,6,2026-07-30 22:41:59,,,0.0,0,0,0,0,0,0,,,0,,0,0.0,,,,,,0,,,,,,,,,,,0
https://www.masonspin.net,,oldurls,Conn Aborted,7,2026-07-30 23:02:22,,,0.0,0,0,0,0,0,0,,,0,,0,0.0,,,,,,0,,,,,,,,,,,0
https://www.methbet.net,,oldurls,Conn Aborted,7,2026-07-30 23:02:42,,,0.0,0,0,0,0,0,0,,,0,,0,0.0,,,,,,0,,,,,,,,,,,0
https://www.mullet28.net,,oldurls,Conn Aborted,5,2026-07-30 22:40:45,,,0.0,0,0,0,0,0,0,,,0,,0,0.0,,,,,,0,,,,,,,,,,,0
https://www.myth88.com,,oldurls,Conn Aborted,0,2026-07-30 19:32:49,,,0.0,0,0,0,0,0,0,,,0,,0,0.0,,,,,,0,,,,,,,,,,,0
https://www.nelspin.com,,oldurls,Blocked,6,2026-07-30 22:40:09,,,0.0,0,0,0,0,0,0,,,0,,0,0.0,,,,,,0,,,,,,,,,,,0
https://www.pokiesgg.com,,oldurls,Merchant Missing,0,2026-07-30 20:06:37,,,0.0,0,0,0,0,0,0,,,0,,0,0.0,,,,,,0,,,,,,,,,,,0
https://www.roospin.com,,oldurls,Merchant Missing,5,2026-07-30 20:51:11,,,0.0,0,0,0,0,0,0,,,0,,0,0.0,,,,,,0,,,,,,,,,,,0
https://www.slotmeth.org,,oldurls,Merchant Missing,5,2026-07-30 20:31:26,,,0.0,0,0,0,0,0,0,,,0,,0,0.0,,,,,,0,,,,,,,,,,,0
https://www.spinbizzo.org,,oldurls,Conn Aborted,5,2026-07-30 22:42:15,,,0.0,0,0,0,0,0,0,,,0,,0,0.0,,,,,,0,,,,,,,,,,,0
https://www.tmzbet.com,,oldurls,Conn Aborted,0,2026-07-30 19:40:01,,,0.0,0,0,0,0,0,0,,,0,,0,0.0,,,,,,0,,,,,,,,,,,0
https://www.winsavage.net,,oldurls,Conn Aborted,5,2026-07-30 22:39:51,,,0.0,0,0,0,0,0,0,,,0,,0,0.0,,,,,,0,,,,,,,,,,,0
https://www.winstreak9.com,,oldurls,Merchant Missing,5,2026-07-30 20:51:43,,,0.0,0,0,0,0,0,0,,,0,,0,0.0,,,,,,0,,,,,,,,,,,0
https://www.wintrue18auh5api.shop,,oldurls,Error,5,2026-07-30 19:35:38,,,0.0,0,0,0,0,0,0,,,0,,0,0.0,,,,,,0,,,,,,,,,,,0
https://www87hg4.cc,,oldurls,Timeout,5,2026-07-30 20:48:15,,,0.0,0,0,0,0,0,0,,,0,,0,0.0,,,,,,0,,,,,,,,,,,0
https://x4betau.net,X4BET,urls,OK,0,2026-08-05 13:28:13,,,0.0,0,0,0,0,0,0,,,0,,0,0.0,,,,,,0,,,,,,,,,,,0
https://xbet96.com,XBet96,urls,OK,0,2026-08-05 13:26:29,,,0.0,0,0,0,0,0,0,,,0,,0,0.0,,,,,,0,,,,,,,,,,,0
https://xbox98.com,XMETH98,urls,OK,0,2026-08-05 13:22:54,,,0.0,0,0,0,0,0,0,,,0,,0,0.0,,,,,,0,,,,,,,,,,,0
https://xmas7.com,,oldurls,Conn Aborted,5,2026-07-30 22:04:41,,,0.0,0,0,0,0,0,0,,,0,,0,0.0,,,,,,0,,,,,,,,,,,0
https://xox96.com,XOX96,urls,OK,0,2026-08-05 13:23:24,,,0.0,0,0,0,0,0,0,,,0,,0,0.0,,,,,,0,,,,,,,,,,,0
https://xpay33.net,,oldurls,Conn Aborted,0,2026-07-30 20:06:23,,,0.0,0,0,0,0,0,0,,,0,,0,0.0,,,,,,0,,,,,,,,,,,0
https://xpay9.com,XPAY9,urls,OK,0,2026-08-05 13:24:13,,,0.0,0,0,0,0,0,0,,,0,,0,0.0,,,,,,0,,,,,,,,,,,0
https://xturn33aus.com,,oldurls,Conn Aborted,0,2026-07-30 19:43:47,,,0.0,0,0,0,0,0,0,,,0,,0,0.0,,,,,,0,,,,,,,,,,,0
https://yayawin.com,YAYAWIN,urls,OK,0,2026-08-05 13:28:05,2026-07-31 09:41:18,2026-08-05 13:28:05,5.2,1,1,0,1,1,1.8,1.8,1.8,106.72,106.72,1,1.8,0.0,888.0,0.0,0.194,1.0,-1,40.0,,0.0,0.0,106.72,106.72,1.0,5.16,0.194,20.69,0
https://yayawin.com/YAYA2152765,YAYAWIN,oldurls,Not Found,6,2026-07-30 22:41:04,,,0.0,0,0,0,0,0,0,,,0,,0,0.0,,,,,,0,,,,,,,,,,,0
https://yes77au.com,,oldurls,Merchant Missing,5,2026-07-30 19:39:28,,,0.0,0,0,0,0,0,0,,,0,,0,0.0,,,,,,0,,,,,,,,,,,0
https://yes99au.com,,oldurls,Conn Aborted,6,2026-07-30 23:03:05,,,0.0,0,0,0,0,0,0,,,0,,0,0.0,,,,,,0,,,,,,,,,,,0
https://yokuspin.com,,oldurls,Conn Aborted,0,2026-07-30 20:04:24,,,0.0,0,0,0,0,0,0,,,0,,0,0.0,,,,,,0,,,,,,,,,,,0
https://yomate88.com,,oldurls,Conn Aborted,5,2026-07-30 22:42:30,,,0.0,0,0,0,0,0,0,,,0,,0,0.0,,,,,,0,,,,,,,,,,,0
https://zebra88.club,ZEBRA88,urls,OK,0,2026-08-05 13:26:44,2026-07-20 23:39:05,2026-08-05 13:26:44,15.6,1,1,0,1,1,10.0,10.0,10.0,0.33,0.33,0,0.0,588.0,21.0,0.0,0.064,1.0,-1,40.0,567.0,58.8,0.0,0.33,0.33,0.0,15.57,0.064,0.02,0
https://zeroaud.com,ZERO,urls,OK,0,2026-08-05 13:29:12,2026-07-20 23:39:03,2026-08-05 13:29:12,15.6,4,4,0,4,1,111.0,27.75,58.0,3.39,0.85,0,0.0,533.25,8.26,0.0,0.257,1.0,-4,40.0,524.99,19.661,0.0,0.85,0.85,0.0,15.58,0.064,0.22,0
https://zeus11.co,,oldurls,Merchant Missing,5,2026-07-30 20:19:24,,,0.0,0,0,0,0,0,0,,,0,,0,0.0,,,,,,0,,,,,,,,,,,0
https://zircon33.com,,oldurls,Conn Aborted,6,2026-07-30 22:40:07,,,0.0,0,0,0,0,0,0,,,0,,0,0.0,,,,,,0,,,,,,,,,,,0
https://zombies9.com,,oldurls,Conn Aborted,6,2026-07-30 22:55:40,,,0.0,0,0,0,0,0,0,,,0,,0,0.0,,,,,,0,,,,,,,,,,,0
