url,mname,id,name,transactiontype,bonusfixed,amount,minwithdraw,maxwithdraw,rollover,balance,claimconfig,claimcondition,bonus,bonusrandom,reset,mintopup,maxtopup,referlink,perceived_value,is_new,is_last
https://1spinnwin.com,1SPIN&WIN,27547,<b>Hourly Bonus</b>,,15.00,15.0,200,5,0.00,,"{""displayDescriptionOnly"":""1"",""displayAngpaoText"":""1"",""walletId"":1,""changeGameId"":1,""creditLessThan"":0.1,""resetHour"":2}",FREE,0.00,,HOURLY,,,,1.2588993529486476,0,1
https://1winbet369.com,1WINBET369,478916,<b> 1Winbet Giveaway $20,,20.00,20.0,500,10,0.00,,"{""displayDescriptionOnly"":""1"",""walletId"":1,""changeGameId"":1}",FREE,0.00,,WEEKLY,,,,0.7824908919849999,1,1
https://7pokies.com,7POKIES,184225,Daily Free,,5.00,5.0,500,20,0.00,,"{""creditLessThan"":0.1,""displayDescriptionOnly"":""1"",""mobileAppOnly"":""0""}",FREE,0.00,,DAILY,,,,0.16051388989769858,1,1
https://audgo.net,AUDGO,442148,<b>   Application Chips   </b>,,20.00,20.0,500,20,0.00,,"{""startDate"":""2024-06-01"",""creditLessThan"":1,""displayDescriptionOnly"":""1"",""displayAngpaoText"":""1"",""walletId"":1,""changeGameId"":1,""mobileAppOnly"":""1""}",FREE,0.00,,DAILY,,,,0.9935008859591955,1,1
https://aucloud9.com,Cloud9,73754,DAILY CHECK IN BONUS,,9.00,9.0,700,20,0.00,,"{""creditLessThan"":0.01,""mobileAppOnly"":""0"",""walletId"":1,""changeGameId"":1}",FREE,0.00,,DAILY,,,,0.22819469869028952,1,1
https://auboss.co,AU BOSS,97014,<b>DAILY LOGIN</b>,,2.00,2.0,100,20,0.00,,"{""creditLessThan"":1,""walletId"":1,""changeGameId"":1,""displayDescriptionOnly"":""1"",""registerDate"":""2024-01-01""}",FREE,0.00,,DAILY,,,,0.36187915196815357,1,1
https://auboss.co,AU BOSS,826605,<b>DOWNLOAD APP FREE<b>,,10.00,10.0,500,10,0.00,,"{""creditLessThan"":0.5,""displayDescriptionOnly"":""1"",""walletId"":1,""changeGameId"":1,""mobileAppOnly"":""1"",""displayAngpaoText"":""1""}",FREE,0.00,,DAILY,,,,0.31438318259269477,0,1
https://aud2u.com,AUD2U,113391,Daily Super Free 365,,1.88,1.88,188,20,0.00,,"{""creditLessThan"":0.1,""displayDescriptionOnly"":""1"",""walletId"":1,""changeGameId"":1}",FREE,0.00,,DAILY,,,,0.1516589453469784,1,1
https://aud33.com,AUD33,456145,DAILY FREE,,5.00,5.0,500,20,0.00,,"{""displayDescriptionOnly"":""1"",""mobileAppOnly"":""0""}",FREE,0.00,,DAILY,,,,0.16051388989769858,0,1
https://audwin9.com,AUDWIN9,134746,VIP Daily Free Credit $19.99,,19.99,19.99,139,9,0.00,,"{""creditLessThan"":0.5,""displayDescriptionOnly"":""1"",""offUsernames"":[""195295275"",""185529750""],""displayAngpaoText"":""0"",""changeGameId"":1,""walletId"":1}",FREE,0.00,,DAILY,,,,3.719829734402207,1,1
https://audwin9.com,AUDWIN9,137677,SHARE 1 MEMBER GET AUD 9,,9,9.0,27,9,0.00,,"{""customBonus"":""sharebonus"",""creditLessThan"":0.1,""startDate"":""2024-06-28"",""mobileAppOnly"":""0"",""displayDescriptionOnly"":""1"",""walletId"":1,""changeGameId"":1,""maxCount"":1}",CUSTOM,0.00,,,,,,10.09647804665611,1,1
https://audgaming8.com,AUDGAMING,166795,<b>Daily Free Credit</b>,,10.00,10.0,600,10,0.00,,"{""creditLessThan"":0.1,""walletId"":1,""changeGameId"":1,""displayDescriptionOnly"":""1""}",FREE,0.00,,DAILY,,,,0.2503126214987163,1,1
https://audgaming8.com,AUDGAMING,74639,<b>Sharing Bonus</b>,,10,10.0,300,50,0.00,,"{""customBonus"":""sharebonus"",""creditLessThan"":1,""startDate"":""2023-07-31"",""displayDescriptionOnly"":""1"",""displayAngpaoText"":""1"",""walletId"":1,""changeGameId"":1}",CUSTOM,0.00,,,,,,0.9761898354482815,1,1
https://audgaming8.com,AUDGAMING,773779,<b>Subscribe Bonus II</b>,,30.00,30.0,600,30,0.00,,"{""displayAngpaoText"":""0"",""displayDescriptionOnly"":""1"",""creditLessThan"":0.1,""mustJoinTelegramChannel"":""igaxspeedau33"",""walletId"":1,""changeGameId"":1}",FREE,0.00,,,,,,1.5207279252292714,1,1
https://aus88win.com,Aus88Win,481100,Special Daily Free,,11.88,11.88,260,20,0.00,,"{""creditLessThan"":0.1,""displayDescriptionOnly"":""1"",""mobileAppOnly"":""1"",""displayAngpaoText"":""1"",""walletId"":1,""changeGameId"":1}",FREE,0.00,,DAILY,,,,1.133868810775502,1,1
https://aus2u.com,Aus2u,160303,1+1 X AUS2U 579$,,579.00,579.0,11580,18,0.00,,"{""displayAngpaoText"":""0"",""displayDescriptionOnly"":""1"",""walletId"":1,""changeGameId"":1,""creditLessThan"":0.1}",FREE,0.00,,DAILY,,,,1.559456007211032,1,1
https://aus2u.com,Aus2u,192871,Daily Free Credit $99,,99.00,99.0,4000,20,0.00,,"{""displayAngpaoText"":""1"",""displayDescriptionOnly"":""1"",""walletId"":1,""changeGameId"":1,""creditLessThan"":0.1}",FREE,0.00,,DAILY,,,,0.6036577182586934,0,1
https://aus2u.com,Aus2u,160316,MONDAY FREE $$$,,12.00,12.0,380,15,0.00,,"{""mobileAppOnly"":""1"",""claimTime"":""N=01"",""displayAngpaoText"":""0"",""displayDescriptionOnly"":""1"",""walletId"":1,""changeGameId"":1,""creditLessThan"":0.1}",FREE,0.00,,WEEKLY,,,,0.6511161376723047,1,1
https://aus2u.com,Aus2u,160324,ANDROID FREE 25$,,25.00,25.0,600,15,0.00,,"{""displayDescriptionOnly"":""1"",""mobileAppOnly"":""1"",""walletId"":1,""changeGameId"":1,""creditLessThan"":0.1}",FREE,0.00,,DAILY,,,,0.9660971283883643,1,1
https://aus789.com,Aus789 PayID Casino Australia,157255,<b> SHARE & GET FREE</b>,,28,12.0,476,20,0.00,,"{""customBonus"":""sharebonus"",""creditLessThan"":1,""mobileAppOnly"":""0"",""displayAngpaoText"":""0"",""startDate"":""2023-08-20"",""maxCount"":5,""displayDescriptionOnly"":""1"",""walletId"":1,""changeGameId"":1}",CUSTOM,0.00,,,,,,0.5395267609504637,1,1
https://aus789.com,Aus789 PayID Casino Australia,175114,<b>APP Download Bonus $16</b>,,16.00,16.0,500,20,0.00,,"{""startDate"":""2023-09-17"",""creditLessThan"":0.2,""displayDescriptionOnly"":""0"",""mobileAppOnly"":""1"",""displayAngpaoText"":""0"",""walletId"":1,""changeGameId"":1}",FREE,0.00,,,,,,0.7407651230185881,1,1
https://ausbet88.com,AUSBET88,52213,"<b style=""color:#FF00FB;"">SHARE & INVITE</b>",,10,10.0,200,20,0.00,,"{""customBonus"":""sharebonus"",""creditLessThan"":1,""walletId"":1,""changeGameId"":1,""startDate"":""2023-03-22"",""displayDescriptionOnly"":""1"",""mobileAppOnly"":""0""}",CUSTOM,0.00,,,,,,1.2547964592173841,1,1
https://betus10.co,BETUS10,218233,<b>Daily Free Credit</b>,,30.00,30.0,700,10,0.00,,"{""creditLessThan"":0.1,""displayDescriptionOnly"":""1"",""ignoreTrxAmount"":1,""changeGameId"":1,""walletId"":1}",FREE,0.00,,DAILY,,,,0.8757891750140593,1,1
https://betus10.co,BETUS10,218234,<b>Download App Bonus</b>,,20.00,20.0,500,10,0.00,,"{""displayDescriptionOnly"":""1"",""displayAngpaoText"":""1"",""mobileAppOnly"":""1"",""ignoreTrxAmount"":1,""changeGameId"":1,""walletId"":1}",FREE,0.00,,DAILY,,,,0.7824908919849999,0,1
https://betus10.co,BETUS10,218243,<b>Referred Free</b>,,6,6.0,300,50,0.00,,"{""customBonus"":""sharebonus"",""creditLessThan"":1,""startDate"":""2023-10-25"",""displayDescriptionOnly"":""1"",""displayAngpaoText"":""1"",""changeGameId"":1,""walletId"":1}",CUSTOM,0.00,,,,,,0.49874445335064066,1,1
https://bigpay77.net,BigPay77,750465,Apps Daily Free,,17.00,17.0,500,10,0.00,,"{""creditLessThan"":1,""displayDescriptionOnly"":""1"",""mobileAppOnly"":""1"",""displayAngpaoText"":""1"",""fixRT"":1,""walletId"":1,""changeGameId"":1}",FREE,0.00,,DAILY,,,,0.6318727500544004,1,1
https://avg88.com,AVG88 (AUD),166490,DAILY APP FREE CREDIT,,5.00,5.0,388,10,0.00,,"{""mobileAppOnly"":""1"",""changeGameId"":1,""displayDescriptionOnly"":""1"",""displayAngpaoText"":""1"",""creditLessThan"":0.1,""walletId"":1}",FREE,0.00,,DAILY,,,,0.17357872757482712,1,1
https://avg88.com,AVG88 (AUD),142140,SHARE BONUS,,36,36.0,720,20,0.00,,"{""customBonus"":""sharebonus"",""creditLessThan"":0.5,""minCount"":1,""displayDescriptionOnly"":""1"",""startDate"":""2023-09-13"",""displayAngpaoText"":""1"",""walletId"":1}",CUSTOM,0.00,,DAILY,,,,1.3642146267088628,1,1
https://betworld96au.com,Betworld96 Australia Online Casino,209850,Install Betworld96 To Claim Free AUD 18.96,,18.96,18.96,379.2,20,0.00,,"{""mobileAppOnly"":""1"",""walletId"":1,""changeGameId"":1,""displayAngpaoText"":""0"",""displayDescriptionOnly"":""1""}",FREE,0.00,,,,,,1.3085425077050103,1,1
https://betman9.com,BETMAN9,823856,BETMAN 9 x BNG,,9.00,9.0,199,20,0.00,,"{""mobileAppOnly"":""1"",""displayDescriptionOnly"":""1"",""displayAngpaoText"":""0"",""walletId"":1,""changeGameId"":1,""creditLessThan"":0.1}",FREE,0.00,,,,,,1.0992886789080416,1,1
https://bondi333.com,BONDI333,807206,<b>Daily Free </b>,,4.00,4.0,300,10,0.00,,"{""creditLessThan"":0.1,""displayDescriptionOnly"":""1""}",FREE,0.00,,DAILY,,,,0.17865062423564385,1,1
https://bondi333.com,BONDI333,166311,<b>Daily Ultra Free </b>,,5.00,5.0,300,20,0.00,,"{""creditLessThan"":0.1,""displayDescriptionOnly"":""1""}",FREE,0.00,,DAILY,,,,0.30396498381466175,1,1
https://boyabet9.com,BoyaBet9,463774,<B>SPECIAL DAILY FREE<B>,,6.99,6.99,270,20,0.00,,"{""creditLessThan"":0.1,""displayDescriptionOnly"":""1"",""mobileAppOnly"":""0"",""walletId"":1,""changeGameId"":1}",FREE,0.00,,DAILY,,,,0.5384618213435755,1,1
https://cyberbet77.com,CYBERBET77,127033,<B>Free 365 Days</B>,,2.00,2.0,100,20,0.00,,"{""creditLessThan"":1,""walletId"":1,""changeGameId"":1,""displayDescriptionOnly"":""1"",""registerDate"":""2023-10-21"",""displayAngpaoText"":""1""}",FREE,0.00,,DAILY,,,,0.36187915196815357,1,1
https://cyberbet77.com,CYBERBET77,102874,<b>Referral Bonus</b>,,5,5.0,20,50,0.00,,"{""customBonus"":""downlinedeposit"",""creditLessThan"":1,""startDate"":""2023-07-17"",""displayDescriptionOnly"":""1"",""displayAngpaoText"":""1""}",CUSTOM,0.00,,,20.00,,,11.58811245149604,1,1
https://candymommy.co,CANDYMOMMY,28246,"<b style=""color:black;"">NEW REGISTER FREE</b>",,200.00,200.0,4000,20,0.00,,"{""creditLessThan"":0.1,""displayDescriptionOnly"":""1"",""registerDate"":""2022-05-06"",""walletId"":1,""changeGameId"":1}",FREE,0.00,,,,,,1.5168728522373116,1,1
https://candymommy.co,CANDYMOMMY,28247,"<b style=""color:black;"">HOURLY BONUS</b>",,15.00,15.0,200,5,0.00,,"{""displayDescriptionOnly"":""1"",""displayAngpaoText"":""1"",""walletId"":1,""changeGameId"":1,""creditLessThan"":0.1,""resetHour"":2}",FREE,0.00,,HOURLY,,,,1.2588993529486476,1,1
https://candymommy.co,CANDYMOMMY,239408,<b>Return Back Bonus,,10.00,10.0,500,10,0.00,,"{""displayDescriptionOnly"":""1""}",FREE,0.00,,MONTHLY,,,,0.31438318259269477,1,1
https://cashnet99.com,CASHNET,9874,Daily Free Credit,,3.00,3.0,50,30,0.00,,"{""displayAngpaoText"":""1"",""displayDescriptionOnly"":""1"",""creditLessThan"":0.1,""changeGameId"":1,""walletId"":1}",FREE,0.00,,DAILY,,,,1.648314296546503,0,1
https://cashnet99.com,CASHNET,262568,<b> Download App Gift FreeSpin<b>,,0.10,0.1,100,10,0.00,,"{""freeRoundAPI"":{""site"":""BNG2"",""params"":{""campaign"":""BNG free spin"",""total_rounds"":30,""game_id"":""496"",""bonus_type"":""FIXED_FREEBET"",""total_bet"":0.2,""round_bet"":0.2}},""displayDescriptionOnly"":""1"",""creditLessThan"":""0.01"",""displayAngpaoText"":""0"",""startDate"":""2026-03-23"",""walletId"":1,""changeGameId"":1,""mobileAppOnly"":""1""}",FREE,0.00,,,,,,0.006202764220146792,0,1
https://cashnet99.com,CASHNET,13386,<b>Hours Free Spin<b>,,0.10,0.1,50,30,0.00,,"{""freeRoundAPI"":{""site"":""BNG2"",""params"":{""campaign"":""BNG free spin"",""total_rounds"":5,""game_id"":""377"",""bonus_type"":""FIXED_FREEBET"",""total_bet"":0.2,""round_bet"":0.2}},""displayDescriptionOnly"":""1"",""creditLessThan"":""0.01"",""displayAngpaoText"":""0"",""walletId"":1,""changeGameId"":1,""fixRT"":1}",FREE,0.00,,HOURLY,,,,0.021127165223361458,0,1
https://cashnet99.com,CASHNET,266826,<b>APP Daily Free Spin<b>,,0.10,0.1,100,30,0.00,,"{""freeRoundAPI"":{""site"":""BNG2"",""params"":{""campaign"":""BNG free spin"",""total_rounds"":20,""game_id"":""377"",""bonus_type"":""FIXED_FREEBET"",""total_bet"":0.2,""round_bet"":0.2}},""displayDescriptionOnly"":""1"",""creditLessThan"":""0.01"",""displayAngpaoText"":""0"",""walletId"":1,""changeGameId"":1,""fixRT"":1,""mobileAppOnly"":""1""}",FREE,0.00,,DAILY,,,,0.008882878750398795,0,1
https://clubimperioaus.com,Club Imperio Aus,60807,<b>365Days FreeBonus</b>,,1.00,1.0,138,20,0.00,,"{""creditLessThan"":0.5,""mobileAppOnly"":""0"",""displayDescriptionOnly"":""1""}",FREE,0.00,,DAILY,,,,0.09845439717382848,1,1
https://diamondaud.com,DIAMONDAUD,122637,<b>Daily Free </b>,,10.00,10.0,600,10,0.00,,"{""creditLessThan"":0.1,""walletId"":1,""changeGameId"":1,""displayDescriptionOnly"":""1""}",FREE,0.00,,DAILY,,,,0.2503126214987163,1,1
https://diamondaud.com,DIAMONDAUD,830114,<b>FIFA FREE ⭐,,30.00,30.0,1000,10,0.00,,"{""displayAngpaoText"":""0"",""displayDescriptionOnly"":""1"",""creditLessThan"":0.1,""mustJoinTelegramChannel"":""diamondaud"",""changeGameId"":1,""walletId"":1}",FREE,0.00,,,,,,0.5607536677966316,1,1
https://dd8au.com,DD8AU,469162,DAILY FREE,,500.00,500.0,10000,10,0.00,,"{""creditLessThan"":0.1, ""displayDescriptionOnly"":""1"",""walletId"":1,""changeGameId"":1}",FREE,0.00,,DAILY,,,,1.2595888978752612,1,1
https://cyberpunk369.com,CYBERPUNK369,26827,<b>AEP ALL SLOT </b>,,5.00,5.0,100,0.05,0.00,,"{""displayAngpaoText"":""1"",""displayDescriptionOnly"":""1"",""creditLessThan"":0.1,""registerDate"":""2024-01-01"",""mobileAppOnly"":""0"",""mustJoinTelegramChannel"":""auspokiesentertaintment""}",FREE,0.00,,,,,,0.019232610012774754,1,1
https://cyberpunk369.com,CYBERPUNK369,267657,<b> CyberMass Free </b>,,88.00,88.0,600,10,0.00,,"{""creditLessThan"":0.1,""displayDescriptionOnly"":""1"",""walletId"":1,""changeGameId"":1,""displayAngpaoText"":""1""}",FREE,0.00,,WEEKLY,,,,4.364110201419518,1,1
https://cyberpunk369.com,CYBERPUNK369,16437,<b>Check-in Bonus MONDAY</b>,,10.00,10.0,100,9,0.00,,"{""claimTime"":""N=1"",""displayDescriptionOnly"":""1"",""displayAngpaoText"":""0"",""creditLessThan"":0.1,""walletId"":1,""changeGameId"":1}",FREE,0.00,,WEEKLY,,,,2.2571337192319896,1,1
https://cyberpunk369.com,CYBERPUNK369,266828,<b>Download Apps Free</b>,,20.00,20.0,300,10,0.00,,"{""creditLessThan"":0.1,""displayDescriptionOnly"":""1"",""walletId"":1,""changeGameId"":1,""mobileAppOnly"":""1""}",FREE,0.00,,DAILY,,,,1.4818021759296418,1,1
https://ezaud.com,EzAud (AUD),738530,FREE CREDIT 365 DAYS,,15.00,15.0,250,15,0.00,,"{""walletId"":1,""changeGameId"":1,""displayDescriptionOnly"":""1"",""creditLessThan"":1}",FREE,0.00,,DAILY,,,,1.4738702003434807,1,1
https://ezaud.com,EzAud (AUD),185876,REFER & EARN,,10,10.0,200,20,0.00,,"{""walletId"":1,""changeGameId"":1,""customBonus"":""sharebonus"",""creditLessThan"":0.1,""startDate"":""2024-12-01"",""displayDescriptionOnly"":""1""}",CUSTOM,0.00,,,,,,1.2547964592173841,1,1
https://eebet9.com,EEBET9,79616,"<b style=""color:#b3e9ff;"">SHARE & INVITE</b>",,5,5.0,100,20,0.00,,"{""customBonus"":""sharebonus"",""creditLessThan"":0.1,""startDate"":""2023-03-22"",""displayDescriptionOnly"":""1"",""maxCount"":1,""mobileAppOnly"":""1"",""walletId"":1,""changeGameId"":1}",CUSTOM,0.00,,,,,,1.200121248138004,1,1
https://epicpokies.com,EPICPOKIES,156193,<b>FREE 365 BONUS<b>,,400.00,400.0,48000,116,0.00,,"{""creditLessThan"":1,""displayDescriptionOnly"":""1"",""displayAngpaoText"":""1"",""changeGameId"":1,""walletId"":1}",FREE,0.00,,DAILY,,,,0.2630428297261015,1,1
https://epicpokies.com,EPICPOKIES,761421,<b> DAILY SOCIAL FREE<b>,,100.00,100.0,10000,108,0.00,,"{""displayAngpaoText"":""1"",""displayDescriptionOnly"":""1"",""creditLessThan"":0.1,""registerDate"":""2024-01-01"",""mobileAppOnly"":""0"",""mustJoinTelegramChannel"":""epicpokiesofficial"",""walletId"":1,""changeGameId"":1}",FREE,0.00,,DAILY,,,,0.299825272934518,0,1
https://enjoy2aus.com,Enjoy2AUS,49995,<b>Daily Free Chip</b>,,0.00,1.0,150,20,0.00,,"{""displayAngpaoText"":""1"",""displayDescriptionOnly"":""1"",""creditLessThan"":0.1,""mobileAppOnly"":""0""}",FREE,0.00,1,DAILY,,,,0.08870945305239049,1,1
https://gday123.com,Gday123 Australia,797058,"GDAY, FREE’S YOURS!",,7.00,7.0,350,30,0.00,,"{""creditLessThan"":0.5,""displayDescriptionOnly"":""1"",""displayAngpaoText"":""1"",""mobileAppOnly"":""0"",""walletId"":1,""changeGameId"":1,""offUsernames"":[""392576581"",""396299827"",""A016A2116""]}",FREE,0.00,,,,,,0.43991635215688646,0,1
https://g9aus.com,Gwin9,,Rollover Rebate,REBATE,,0.12,,999,,,,,,,,,,,7.107913914228184,0,1
https://emax7.co,EMAX7,192788,Free Chips (Daily),,2.00,2.0,137,20,0.00,,"{""mobileAppOnly"":""1"",""creditLessThan"":0.1,""displayDescriptionOnly"":""1""}",FREE,0.00,,DAILY,,,,0.24415344411182657,1,1
https://emax7.co,EMAX7,449403,Daily Free (Ⅰ),,7.77,7.77,577,20,0.00,,"{""customBonus"":""manual"",""creditLessThan"":0.01,""mobileAppOnly"":""1"",""displayDescriptionOnly"":""1"",""walletId"":1,""changeGameId"":1,""fixRT"":1}",FREE,0.00,,DAILY,,,,0.23948919341326821,1,1
https://fc8au.com,FC8AU,243987,LUCKY DAILY WIN FREE,,500.00,500.0,10000,10,0.00,,"{""displayDescriptionOnly"":""1"",""creditLessThan"":0.1,""walletId"":1,""changeGameId"":1}",FREE,0.00,,DAILY,,,,1.2595888978752612,1,1
https://ezspin68.vip,Ezspin68,470005,<b>EZ Free Credit</b>,,199.00,199.0,1990,10,0.00,,"{""creditLessThan"":1,""displayDescriptionOnly"":""1"",""mobileAppOnly"":""1"",""walletId"":1,""changeGameId"":1,""displayAngpaoText"":""0""}",FREE,0.00,,DAILY,,,,2.840657533684931,1,1
https://ezspin68.vip,Ezspin68,238932,<b>Free Chips</b>,,9.99,9.99,999,10,0.00,,"{""creditLessThan"":1,""displayDescriptionOnly"":""1"",""mobileAppOnly"":""1"",""walletId"":1,""changeGameId"":1}",FREE,0.00,,DAILY,,,,0.13217320343825856,1,1
https://gembetaus.com,GEM9BET,163051,Daily Login Free,,1.99,1.99,199,20,0.00,,"{""creditLessThan"":0.01,""mobileAppOnly"":""0"",""displayAngpaoText"":""1"",""displayDescriptionOnly"":""1"",""startDate"":""2024-05-03"",""walletId"":1,""changeGameId"":1}",FREE,0.00,,DAILY,,,,0.15211115876905285,1,1
https://1bigwin.com,1BIGWIN,763525,Apps User Daily Free,,10.00,10.0,100,10,0.00,,"{""displayDescriptionOnly"":""1"",""mobileAppOnly"":""1"",""displayAngpaoText"":""1"",""creditLessThan"":0.1,""ignoreTrxAmount"":1,""startDate"":""2025-09-23"",""walletId"":1,""changeGameId"":1}",FREE,0.00,,DAILY,,,,2.3505625446321727,1,1
https://acehighwin.com,ACEHIGHWIN,199753,<B>Daily Free(Event),,15.00,15.0,600,10,0.00,,"{""creditLessThan"":0.1,""walletId"":1,""changeGameId"":1,""displayDescriptionOnly"":""1""}",FREE,0.00,,DAILY,,,,0.4267170000250283,1,1
https://auwin7.com,AUWIN7,241488,App Download Free AUD3,,3.00,3.0,100,17,0.00,,"{""creditLessThan"":0.1,""displayDescriptionOnly"":""0"",""displayAngpaoText"":""0"",""mobileAppOnly"":""1"",""walletId"":1,""changeGameId"":1}",FREE,0.00,,,,,,0.5833209351345645,1,1
https://auwin7.com,AUWIN7,64301,Daily Check In Bonus,,16.88,16.88,377,17,0.00,,"{""creditLessThan"":0.1,""mobileAppOnly"":""0"",""displayAngpaoText"":""0"",""displayDescriptionOnly"":""1"",""walletId"":1,""changeGameId"":1}",FREE,0.00,,DAILY,,,,1.0739686464676557,1,1
https://betworld168.vip,BetWorld168.vip,825238,<b>Mobile App Bonus<b>,,5.00,5.0,200,20,0.00,,"{""customBonus"":""manual"",""mobileAppOnly"":""1"",""displayDescriptionOnly"":""1"",""displayAngpaoText"":""1"",""fixRT"":1,""walletId"":1,""changeGameId"":1,""creditLessThan"":0.1}",FREE,0.00,,,,,,0.5045888277145305,0,1
https://crown155au.com,Original Crownzo Online Casino Australia,830523,<b> Rebrand Bonus</b>,,58.00,58.0,870,20,0.00,,"{""creditLessThan"":1,""displayDescriptionOnly"":""1"",""walletId"":1,""changeGameId"":1,""displayAngpaoText"":""0""}",FREE,0.00,,,,,,2.0148975164535674,1,1
https://decho34.com,Decho34,795238,"<b style=""colour:white"">APP Free (Convert Deposit)",,10.00,10.0,390,21,0.00,,"{""creditLessThan"":0.01,""displayDescriptionOnly"":""1"",""mobileAppOnly"":""1"",""walletId"":1,""changeGameId"":1}",FREE,0.00,,DAILY,,,,0.5528608168460024,1,1
https://decho34.com,Decho34,198019,"<b style=""colour:white"">Daily Free",,6.00,6.0,390,25,0.00,,"{""creditLessThan"":0.01,""displayDescriptionOnly"":""1"",""mobileAppOnly"":""0"",""walletId"":1,""changeGameId"":1}",FREE,0.00,,DAILY,,,,0.29772725081127055,1,1
https://dns33.com,DNS33,126431,DOWNLINE GAIN & WITHDRAW AUD 30,,8,8.0,240,30,0.00,,"{""customBonus"":""sharebonus"",""creditLessThan"":0.5,""startDate"":""2023-11-21"",""displayDescriptionOnly"":""1"",""displayAngpaoText"":""1"",""walletId"":1,""changeGameId"":1}",CUSTOM,0.00,,DAILY,,,,0.8402879928088312,1,1
https://ff96au.com,FF96,,COMMISSION,COMMISSION,,5.0,,1000,,,,,,,,,,,115.18428174069976,1,1
https://cyberbet77.com,CYBERBET77,,COMMISSION,COMMISSION,,5.0,,888,,,,,,,,,,,113.20599702913488,1,1
https://bunny96.com,Bunny96 (AUD),186021,<b>Telegram Bonus</b>,,9.60,9.6,960,19.6,0.00,,"{""claimGroup"":""tele"",""creditLessThan"":0.1,""displayAngpaoText"":""1"",""displayDescriptionOnly"":""1"",""walletId"":1,""changeGameId"":1,""mustJoinTelegramChannel"":""BUNNY96AU_96"",""showIfAmount"":0}",FREE,0.00,,,,,,0.1663224213795627,1,1
https://crown69.co,CROWN69,706616,Season Kickoff,,360.00,360.0,432,20,0.00,,"{""displayDescriptionOnly"":""1"",""creditLessThan"":0.01,""walletId"":1,""changeGameId"":1,""displayAngpaoText"":""1""}",FREE,0.00,,HOURLY,,,,52.85982559147609,1,1
https://crown69.co,CROWN69,715976,Matchday Multiplier,,460.00,460.0,552,40,0.00,,"{""displayDescriptionOnly"":""1"",""creditLessThan"":0.01,""walletId"":1,""changeGameId"":1,""displayAngpaoText"":""1""}",FREE,0.00,,HOURLY,,,,65.38202714313287,1,1
https://crown69.co,CROWN69,719425,Semi-Final Surge,,580.00,580.0,696,80,0.00,,"{""displayDescriptionOnly"":""1"",""creditLessThan"":0.01,""walletId"":1,""changeGameId"":1,""displayAngpaoText"":""1""}",FREE,0.00,,HOURLY,,,,78.38406817986434,1,1
https://crown69.co,CROWN69,763533,Grand Final Glory,,740.00,740.0,888,160,0.00,,"{""displayDescriptionOnly"":""1"",""creditLessThan"":0.01,""walletId"":1,""changeGameId"":1,""displayAngpaoText"":""1""}",FREE,0.00,,HOURLY,,,,91.87057481826628,1,1
https://crown69.co,CROWN69,751188,365 Days Free Credit,,10.00,10.0,1500,20.88,0.00,,"{""displayDescriptionOnly"":""1"",""creditLessThan"":0.01,""walletId"":1,""changeGameId"":1}",FREE,0.00,,DAILY,,,,0.1024621226497607,1,1
https://ijoker88au.com,IJOKER88,212732,<b>JOIN TELEGRAM<b>,,100.00,100.0,1000,10,0.00,,"{""displayAngpaoText"":""0"",""displayDescriptionOnly"":""1"",""mobileAppOnly"":""0"",""creditLessThan"":0.1,""registerDate"":""2023-01-01"",""mustJoinTelegramChannel"":""iJokerchannel88"",""changeGameId"":1,""walletId"":1}",FREE,0.00,,,,,,2.725215249163835,0,1
https://ijoker88au.com,IJOKER88,212136,<b>DAILY FREE CREDIT<b>,,88.00,88.0,288,15,0.00,,"{""creditLessThan"":0.1,""displayDescriptionOnly"":""1"",""mobileAppOnly"":""0"",""displayAngpaoText"":""0"",""changeGameId"":1,""walletId"":1}",FREE,0.00,,DAILY,,,,12.629885195615032,0,1
https://ijoker88au.com,IJOKER88,212141,<b>FREE SHARE EVENT<b>,,1,1.0,0,288,0.00,,"{""customBonus"":""sharebonus"",""creditLessThan"":1,""startDate"":""2024-09-10"",""displayDescriptionOnly"":""1"",""mobileAppOnly"":""0"",""changeGameId"":1,""walletId"":1}",CUSTOM,0.00,,,,,,86.67105251051989,0,1
https://jaws68.com,JAWS68™ The Ultimate Sports & Pokies in Australia,799601,1X2 SOCCERS,,10.99,10.99,150,20,0.00,,"{""creditLessThan"":1,""walletId"":1,""changeGameId"":1,""displayDescriptionOnly"":""1"",""displayAngpaoText"":""1""}",FREE,0.00,,WEEKLY,,,,2.035522844239181,1,1
https://jaws68.com,JAWS68™ The Ultimate Sports & Pokies in Australia,799599,SOCCER MANIAC BONUS,,5.99,5.99,100,10,0.00,,"{""creditLessThan"":1,""walletId"":1,""changeGameId"":1,""displayDescriptionOnly"":""1"",""displayAngpaoText"":""1""}",FREE,0.00,,WEEKLY,,,,1.1982955349478785,1,1
https://jaws68.com,JAWS68™ The Ultimate Sports & Pokies in Australia,,COMMISSION,COMMISSION,,0.25,,1000,,,,,,,,,,,17.961238907697417,1,1
https://hollywoodaus.com,HOLLYWOOD,749961,<b>VIP Free 38</b>,,38.00,38.0,1080,15,0.00,,"{""creditLessThan"":0.1,""changeGameid"":1,""displayDescriptionOnly"":""0"",""changeGameId"":1,""walletId"":1}",FREE,0.00,,DAILY,,,,0.803517532020747,1,1
https://hollywoodaus.com,HOLLYWOOD,137505,<b>FREE 365</b>,,2.00,2.0,100,20,0.00,,"{""creditLessThan"":0.1,""displayDescriptionOnly"":""1""}",FREE,0.00,,DAILY,,,,0.36187915196815357,1,1
https://hollywoodaus.com,HOLLYWOOD,464725,"<b style=""color:gold;"">Download APK</b>",,20.00,20.0,400,10,0.00,,"{""creditLessThan"":0.1,""displayDescriptionOnly"":""1"",""registerDate"":""2024-04-22"",""changeGameid"":1,""mobileAppOnly"":""1"",""displayAngpaoText"":""1"",""changeGameId"":1,""walletId"":1}",FREE,0.00,,DAILY,,,,1.0342292288611417,1,1
https://iau9.com,BonzaWin (AUD),817240,2026 Sign Up & Get FREE I,,9.00,9.0,299,20,0.00,,"{""displayDescriptionOnly"":""1"",""mobileAppOnly"":""0"",""displayAngpaoText"":""0"",""walletId"":1,""changeGameId"":1,""creditLessThan"":0.1}",FREE,0.00,,,,,,0.660829033571012,1,1
https://iau9.com,BonzaWin (AUD),485680,EXCLUSIVE APP FREE,,10.00,10.0,199,10,0.00,,"{""startDate"":""2025-08-09"",""creditLessThan"":0.1,""displayDescriptionOnly"":""1"",""mobileAppOnly"":""1"",""walletId"":1,""changeGameId"":1}",FREE,0.00,,DAILY,,,,0.9945015538788535,1,1
https://jackpotau.com,JACKPOTAU,771378,WELCOME BACK FREE,,100.00,100.0,2000,20,0.00,,"{""displayAngpaoText"":""0"",""walletId"":1,""changeGameId"":1,""displayDescriptionOnly"":""1""}",FREE,0.00,,MONTHLY,,,,1.4547966200963671,1,1
https://jackpotau.com,JACKPOTAU,487171,Everyday Free Chip,,10.00,10.0,100,15,0.00,,"{""displayDescriptionOnly"":""1"",""walletId"":1,""changeGameId"":1,""displayAngpaoText"":""1""}",FREE,0.00,,DAILY,,,,2.717859814853726,1,1
https://mrpoint.co,MRPOINT,215030,<b> Day 1 (Monday),,10.00,10.0,1000,20.33,0.00,,"{""claimTime"":""N=1"",""creditLessThan"":0.1,""mobileAppOnly"":""0"",""walletId"":1,""changeGameId"":1,""displayDescriptionOnly"":""1""}",FREE,0.00,,WEEKLY,,,,0.16868609372923096,1,1
https://king88pokies.com,King88,176794,"<b style=""color:#FFD700"">Special Hourly Free</b>",,2.88,2.88,388,20,0.00,,"{""creditLessThan"":0.1,""mobileAppOnly"":""1"",""displayAngpaoText"":""1"",""walletId"":1,""changeGameId"":1}",FREE,0.00,,HOURLY,,,,0.10696598630563894,1,1
https://king88pokies.com,King88,828179,"<b style=""color:#FFD700"">Special Daily Free</b>",,8.88,8.88,588,20,0.00,,"{""creditLessThan"":0.1,""mobileAppOnly"":""1"",""displayAngpaoText"":""1"",""walletId"":1,""changeGameId"":1}",FREE,0.00,,DAILY,,,,0.27879812123321696,1,1
https://king88pokies.com,King88,106531,"<b style=""color:#FFD700""> Share & Free</b>",,8,8.0,80,20,0.00,,"{""customBonus"":""sharebonus"",""creditLessThan"":0.1,""startDate"":""2024-02-01"",""mobileAppOnly"":""1"",""maxCount"":3,""displayAngpaoText"":""1"",""walletId"":1,""changeGameId"":1}",CUSTOM,0.00,,,,,,2.941373888267406,1,1
https://kingtech88.com,KINGTECH88,1647,Daily Free Chips,,2.88,2.88,100,10,0.00,,"{""creditLessThan"":0.2,""displayDescriptionOnly"":""1"",""walletId"":1,""changeGameId"":1}",FREE,0.00,,DAILY,,,,0.45877145650104084,1,1
https://mrpokies77.com,MR.POKIES77,215809,<b>Monday</b>,,10.00,10.0,1000,20.15,0.00,,"{""claimTime"":""N=1"",""creditLessThan"":0.01,""mobileAppOnly"":""1"",""walletId"":1,""changeGameId"":1,""displayDescriptionOnly"":""1""}",FREE,0.00,,WEEKLY,,,,0.1682189374487242,0,1
https://mrpokies77.com,MR.POKIES77,802837,<b>Restore Maintenance Bonus</b>,,8.00,8.0,500,8,0.00,,"{""displayDescriptionOnly"":""1"",""walletId"":1,""changeGameId"":1}",FREE,0.00,,,,,,0.2148104872235273,1,1
https://mrpokies77.com,MR.POKIES77,180941,<b>FREE 365</b>,,5.00,5.0,100,0.05,0.00,,"{""creditLessThan"":0.1,""displayDescriptionOnly"":""1"",""displayAngpaoText"":""1""}",FREE,0.00,,DAILY,,,,0.019232610012774754,1,1
https://mrpokies77.com,MR.POKIES77,213611,<b>Download Apps Daily</b>,,20.00,20.0,500,5,0.00,,"{""creditLessThan"":0.1,""displayDescriptionOnly"":""1"",""registerDate"":""2024-06-17"",""walletId"":1,""changeGameld"":1,""mobileAppOnly"":""1"",""displayAngpaoText"":""1""}",FREE,0.00,,DAILY,,,,0.5846942029551774,1,1
https://mrpokies77.com,MR.POKIES77,835455,<b>▶️REFRESHING FREE</b>,,88.00,88.0,600,15,0.00,,"{""creditLessThan"":0.1,""displayDescriptionOnly"":""1"",""walletId"":1,""changeGameId"":1,""displayAngpaoText"":""1""}",FREE,0.00,,WEEKLY,,,,5.0460430296218215,0,1
https://luckymate88.com,Luckymate88,720141,Daily Free $5,,5.00,5.0,100,3.99,0.00,,"{""creditLessThan"":0.1,""mobileAppOnly"":""0"",""displayDescriptionOnly"":""1"",""displayAngpaoText"":""1"",""changeGameId"":1,""walletId"":1}",FREE,0.00,,DAILY,,,,0.6336356620086705,0,1
https://luckymate88.com,Luckymate88,720142,(Download APP) Free $10,,10.00,10.0,150,3.99,0.00,,"{""creditLessThan"":0.1,""mobileAppOnly"":""1"",""displayDescriptionOnly"":""1"",""displayAngpaoText"":""1"",""changeGameId"":1,""walletId"":1}",FREE,0.00,,WEEKLY,,,,0.9492075683724848,0,1
https://luxeau777.com,LUXEAU777,230235,<b>Free Slot 365Days,,3.00,3.0,150,10,0.00,,"{""creditLessThan"":0.1,""displayDescriptionOnly"":""1"",""displayAngpaoText"":""1""}",FREE,0.00,,DAILY,,,,0.2915211013307543,1,1
https://luxeau777.com,LUXEAU777,447384,<b>Luxury Event Giveaway</b>,,18.00,18.0,250,10,0.00,,"{""displayDescriptionOnly"":""1"",""walletId"":1,""changeGameId"":1}",FREE,0.00,,WEEKLY,,,,1.6202193214695504,1,1
https://luxeau777.com,LUXEAU777,775516,<b>Download Luxeau777 APK</b>,,20.00,20.0,450,10,0.00,,"{""creditLessThan"":0.1,""displayDescriptionOnly"":""1"",""registerDate"":""2024-06-17"",""walletId"":1,""changeGameId"":1,""mobileAppOnly"":""1"",""displayAngpaoText"":""1""}",FREE,0.00,,DAILY,,,,0.8926396100823013,1,1
https://me99aud.com,Me99,99833,me99 APP BONUS,,15.00,15.0,500,10,0.00,,"{""creditLessThan"":1,""displayDescriptionOnly"":""1"",""mobileAppOnly"":""1"",""displayAngpaoText"":""1"",""fixRT"":1,""walletId"":1,""changeGameId"":1}",FREE,0.00,,DAILY,,,,0.5359404081626119,1,1
https://penguin88.club,PENGUIN88,129048,<b>Daily Free 365Days</b>,,10.00,10.0,555,23,0.00,,"{""walletId"":1,""changeGameId"":1,""creditLessThan"":0.1,""displayDescriptionOnly"":""1"",""registerDate"":""2023-10-01""}",FREE,0.00,,DAILY,,,,0.36570981837787514,1,1
https://penguin88.club,PENGUIN88,129046,<b>SHARE BONUS</b>,,1,1.0,15,20,0.00,,"{""customBonus"":""sharebonus"",""creditLessThan"":1,""startDate"":""2024-02-01"",""walletId"":1,""changeGameId"":1}",CUSTOM,0.00,,,,,,1.577501938388805,1,1
https://penguin88.club,PENGUIN88,140065,<b>Download APP</b>,,8.00,8.0,300,20,0.00,,"{""walletId"":1,""changeGameId"":1,""creditLessThan"":""0.10"",""mobileAppOnly"":""1"",""displayDescriptionOnly"":""1"",""displayAngpaoText"":""1""}",FREE,0.00,,,,,,0.563652124200173,1,1
https://neolux.vip,NEOLUX,814615,"<b style=""color:#686A6C;"">365 DAY X2 FREE</b>",,10.00,10.0,150,5,0.00,,"{""creditLessThan"":0.1,""walletId"":1,""changeGameid"":1,""displayDescriptionOnly"":""1"",""changeGameId"":1}",FREE,0.00,,DAILY,,,,1.0580525410463437,1,1
https://neolux.vip,NEOLUX,721980,"<b style=""color:#686A6C;"">DAY 1 MONDAY</b>",,10.00,10.0,1000,14.88,0.00,,"{""creditLessThan"":0.1,""walletId"":1,""claimTime"":""N=1"",""displayDescriptionOnly"":""1""}",FREE,0.00,,DAILY,,,,0.1524215000014297,1,1
https://pokiesbillion.com,POKIESBILLION,241382,<b>Download PokiesBillion APK</b>,,20.00,20.0,450,10,0.00,,"{""creditLessThan"":0.1,""displayDescriptionOnly"":""1"",""registerDate"":""2024-06-17"",""walletId"":1,""changeGameId"":1,""mobileAppOnly"":""1"",""displayAngpaoText"":""1""}",FREE,0.00,,DAILY,,,,0.8926396100823013,1,1
https://pokiesbillion.com,POKIESBILLION,786911,<b>✅Hourly Free,,3.00,3.0,100,3,0.00,,"{""creditLessThan"":0.1,""walletId"":1,""changeGameld"":1,""displayAngpaoText"":""1"",""displayDescriptionOnly"":""1""}",FREE,0.00,,HOURLY,,,,0.2797752645108979,1,1
https://pokiesbillion.com,POKIESBILLION,802814,<b>Restore Maintenance Bonus</b>,,8.00,8.0,450,10,0.00,,"{""displayDescriptionOnly"":""1"",""walletId"":1,""changeGameId"":1}",FREE,0.00,,,,,,0.2674287575537815,1,1
https://pokiesbillion.com,POKIESBILLION,236699,<b>Free All Slot 365Days,,3.00,3.0,150,10,0.00,,"{""creditLessThan"":0.1,""displayDescriptionOnly"":""1"",""displayAngpaoText"":""1""}",FREE,0.00,,DAILY,,,,0.2915211013307543,1,1
https://pokiesbillion.com,POKIESBILLION,838022,<b>▶️Billion Appreciate 1</b>,,38.00,38.0,500,10,0.00,,"{""creditLessThan"":0.1,""displayDescriptionOnly"":""1"",""walletId"":1,""changeGameId"":1,""displayAngpaoText"":""1""}",FREE,0.00,,WEEKLY,,,,1.8197314677822884,1,1
https://richman96.com,Richman96 Official Site - Online Gaming Australia,124299,Daily Check In Free,,6.00,6.0,500,20,0.00,,"{""creditLessThan"":0.01,""mobileAppOnly"":""0"",""walletId"":1,""changeGameId"":1}",FREE,0.00,,DAILY,,,,0.2039351427681441,1,1
https://neiro55.com,NEIRO55,838056,"<b style=""color:RED;"">MONDAY</b>",,10.00,10.0,777,15,0.00,,"{""claimTime"":""N=1"",""creditLessThan"":0.01,""displayDescriptionOnly"":""1"",""changeGameId"":1,""walletId"":1}",FREE,0.00,,WEEKLY,,,,0.20950808098223528,0,1
https://neiro55.com,NEIRO55,179616,<b>Daily Free</b>,,25.00,25.0,500,10,0.00,,"{""displayDescriptionOnly"":""1"",""creditLessThan"":0.1,""displayAngpaoText"":""1"",""ignoreTrxAmount"":1,""changeGameId"":1,""walletId"":1}",FREE,0.00,,DAILY,,,,1.0494025324877412,1,1
https://neiro55.com,NEIRO55,179540,<b>For Android Member</b>,,35.00,35.0,700,10,0.00,,"{""displayDescriptionOnly"":""1"",""displayAngpaoText"":""1"",""mobileAppOnly"":""1"",""ignoreTrxAmount"":1,""changeGameId"":1,""walletId"":1}",FREE,0.00,,DAILY,,,,1.0725220628137517,1,1
https://ozlotto88.com,OZLOTTO88,239919,Daily Free Chip,,4.00,4.0,400,20,0.00,,"{""creditLessThan"":0.1,""displayDescriptionOnly"":""1"",""mobileAppOnly"":""0""}",FREE,0.00,,DAILY,,,,0.15831427807389817,1,1
https://reef33.vip,Reef33,139799,<b>Daily Free Lucky 365</b>,,5.00,5.0,200,10,0.00,,"{""creditLessThan"":0.1,""displayDescriptionOnly"":""1"",""displayAngpaoText"":""1"",""changeGameId"":1,""walletId"":1}",FREE,0.00,,DAILY,,,,0.3974190335047421,1,1
https://reef33.vip,Reef33,811174,<b>Daily Free </b>,,3.00,3.0,150,10,0.00,,"{""creditLessThan"":0.1,""displayDescriptionOnly"":""1"",""displayAngpaoText"":""1"",""changeGameId"":1,""walletId"":1}",FREE,0.00,,DAILY,,,,0.2915211013307543,1,1
https://speedau.live,SpeedAU,222157,<B>Free 365Days</B>,,4.00,4.0,100,0.05,0.00,,"{""creditLessThan"":0.1,""displayDescriptionOnly"":""1"",""walletId"":1,""changeGameId"":1,""displayAngpaoText"":""1""}",FREE,0.00,,DAILY,,,,0.014351859507490763,1,1
https://speedau.live,SpeedAU,741762,<b>Subscribe Bonus</b>,,30.00,30.0,200,30,0.00,,"{""displayAngpaoText"":""0"",""displayDescriptionOnly"":""1"",""creditLessThan"":0.1,""mustJoinTelegramChannel"":""companyspeedau"",""walletId"":1,""changeGameId"":1}",FREE,0.00,,,,,,6.004171509496215,1,1
https://redspin88.com,RedSpin,261145,<b>New Register Free Spin 88 !!<b>,,0.10,0.1,300,30,0.00,,"{""freeRoundAPI"":{""site"":""BNG2"",""params"":{""campaign"":""BNG free spin"",""total_rounds"":88,""game_id"":""496"",""bonus_type"":""FIXED_FREEBET"",""total_bet"":0.2,""round_bet"":0.2}},""displayDescriptionOnly"":""1"",""creditLessThan"":""0.01"",""displayAngpaoText"":""0"",""startDate"":""2026-03-23"",""walletId"":1,""changeGameId"":1}",FREE,0.00,,,,,,0.0022498427552897437,0,1
https://redspin88.com,RedSpin,261148,<b>App Daily Free Spin<b>,,0.10,0.1,100,30,0.00,,"{""freeRoundAPI"":{""site"":""BNG2"",""params"":{""campaign"":""BNG free spin"",""total_rounds"":20,""game_id"":""496"",""bonus_type"":""FIXED_FREEBET"",""total_bet"":0.2,""round_bet"":0.2}},""displayDescriptionOnly"":""1"",""creditLessThan"":""0.01"",""displayAngpaoText"":""0"",""walletId"":1,""changeGameId"":1,""mobileAppOnly"":""1""}",FREE,0.00,,DAILY,,,,0.008882878750398795,0,1
https://redspin88.com,RedSpin,10474,[App] Daily Free,,5.00,5.0,100,30,0.00,,"{""mobileAppOnly"":""1"",""creditLessThan"":""0.01"",""displayDescriptionOnly"":""1"",""changeGameId"":1,""walletId"":1}",FREE,0.00,,DAILY,,,,1.353644485871592,1,1
https://redspin88.com,RedSpin,261152,<b>DOWNLOAD APP GIFT FREESPIN<b>,,0.10,0.1,100,10,0.00,,"{""freeRoundAPI"":{""site"":""BNG2"",""params"":{""campaign"":""BNG free spin"",""total_rounds"":30,""game_id"":""496"",""bonus_type"":""FIXED_FREEBET"",""total_bet"":0.2,""round_bet"":0.2}},""displayDescriptionOnly"":""1"",""creditLessThan"":""0.01"",""displayAngpaoText"":""0"",""startDate"":""2026-03-23"",""walletId"":1,""changeGameId"":1,""mobileAppOnly"":""1""}",FREE,0.00,,,,,,0.006202764220146792,0,1
https://royale9au.com,Royale9 Jernice,753502,Checkin Monday,,19.00,19.0,410,15,0.00,,"{""displayDescriptionOnly"":""1"",""displayAngpaoText"":""0"",""claimTime"":""N=01"",""walletId"":1,""changeGameId"":1}",FREE,0.00,,WEEKLY,,,,1.0838363548106638,1,1
https://sapphireaud.com,SAPPHIRE,133076,<b>Bonza Free 365</b>,,3.00,3.0,150,10,0.00,,"{""creditLessThan"":0.1,""displayDescriptionOnly"":""1"",""displayAngpaoText"":""1""}",FREE,0.00,,DAILY,,,,0.2915211013307543,1,1
https://sapphireaud.com,SAPPHIRE,829207,<b>VPLUS Daily Free </b>,,2.00,2.0,200,0.05,0.00,,"{""displayDescriptionOnly"":""1""}",FREE,0.00,,DAILY,,,,0.002438311402920131,1,1
https://sapphireaud.com,SAPPHIRE,711479,<b>TLG Daily Free 5</b>,,5.00,5.0,250,10,0.00,,"{""displayAngpaoText"":""1"",""displayDescriptionOnly"":""1"",""creditLessThan"":0.1,""registerDate"":""2024-01-01"",""mobileAppOnly"":""0"",""mustJoinTelegramChannel"":""SapphireAUFreebieGroupA1""}",FREE,0.00,,DAILY,,,,0.3006845729562095,1,1
https://topaz33.com,TOPAZ33,142233,<b>FREE 365</b>,,5.00,5.0,200,20,0.00,,"{""creditLessThan"":0.1,""displayDescriptionOnly"":""1"",""walletId"":1,""changeGameid"":1}",FREE,0.00,,DAILY,,,,0.5045888277145305,1,1
https://topaz33.com,TOPAZ33,836390,<b>⭐DAILY HOUR FREE,,3.00,3.0,50,10,0.00,,"{""creditLessThan"":0.1,""walletId"":1,""changeGameId"":1,""displayAngpaoText"":""1"",""displayDescriptionOnly"":""1""}",FREE,0.00,,HOURLY,,,,1.1509900370660882,0,1
https://topaz33.com,TOPAZ33,763678,<b>Download Apps Free</b>,,20.00,20.0,600,5,0.00,,"{""creditLessThan"":0.5,""displayDescriptionOnly"":""1"",""walletId"":1,""changeGameId"":1,""mobileAppOnly"":""1""}",FREE,0.00,,DAILY,,,,0.4655348848810012,0,1
https://super996.com,SUPER996,96553,"<b style=""color:#00FFFF;"">SHARE & INVITE</b>",,10,10.0,200,20,0.00,,"{""customBonus"":""sharebonus"",""creditLessThan"":0.1,""startDate"":""2023-03-22"",""displayDescriptionOnly"":""1"",""walletId"":1,""changeGameId"":1,""mobileAppOnly"":""1"",""maxCount"":2}",CUSTOM,0.00,,,,,,1.2547964592173841,1,1
https://world99aud.com,WORLD99,146386,<b>Download App Bonus</b>,,20.00,20.0,499,10,0.00,,"{""creditLessThan"":0.1,""displayDescriptionOnly"":""1"",""displayAngpaoText"":""1"",""mobileAppOnly"":""1"",""ignoreTrxAmount"":1,""changeGameId"":1,""walletId"":1}",FREE,0.00,,DAILY,,,,0.7844515302831455,1,1
https://vvip15au.com,VVIP15 Australia Online Casino,186269,<b>DOWNLOAD APPS BONUS</b>,,15.55,15.55,311,20,0.00,,"{""creditLessThan"":1,""displayDescriptionOnly"":""1"",""mobileAppOnly"":""1"",""walletId"":1,""changeGameId"":1,""displayAngpaoText"":""0""}",FREE,0.00,,,,,,1.2916435191820996,1,1
https://wombats88.com,Wombat88,159928,<b>Download APP</b>,,5.00,5.0,250,20,0.00,,"{""walletId"":1,""changeGameId"":1,""creditLessThan"":""0.10"",""mobileAppOnly"":""1"",""displayDescriptionOnly"":""1"",""displayAngpaoText"":""1""}",FREE,0.00,,,,,,0.38176851984621313,1,1
https://wombats88.com,Wombat88,102199,<B>Daily Free</B>,,5.00,5.0,488,25,0.00,,"{""walletId"":1,""changeGameId"":1,""creditLessThan"":0.1,""displayDescriptionOnly"":""1"",""registerDate"":""2023-10-01""}",FREE,0.00,,DAILY,,,,0.1770700527999645,1,1
https://1spinnwin.com,1SPIN&WIN,12206,"<b style=""color:#4169e1;"">Free Spin X 100</b>",,10.00,10.0,100,10,100.00,,"{""creditLessThan"":0.1,""maxRoundTargetAll"":1,""displayDescriptionOnly"":""1"",""claimTime"":""H=17,H=18""}",FREE,0.00,,DAILY,,,,0.02203030760485425,1,1
https://cr33au.com,CR33,691058,"<b style=""color:#;"">Daily Free Points</b>",,3200.00,3200.0,64000,15,0.00,,"{""creditLessThan"":1,""mobileAppOnly"":""0"",""walletId"":1,""changeGameId"":1}",FREE,0.00,,DAILY,,,,1.6087605116993464,1,1
https://cr33au.com,CR33,691170,"<b style=""color:#;"">Daily Points Reward</b>",,198.00,198.0,238,10,0.00,,"{""creditLessThan"":1,""mobileAppOnly"":""1"",""walletId"":1,""changeGameId"":1}",FREE,0.00,,DAILY,,,,40.12357847203428,1,1
https://goldencrown96.com,IPAY7,200115,"<b style=""color:gold"">FREE CREDIT 365DAY </b>",,2.00,2.0,200,20,0.00,,"{""walletId"":1,""changeGameId"":1,""displayDescriptionOnly"":""1""}",FREE,0.00,,DAILY,,,,0.15215144082253726,1,1
https://glorya77.com,GLORYA77,695301,<b>APP Bonus Free<b>,,18.00,18.0,68,20,0.00,,"{""walletId"":1,""changeGameId"":1,""creditLessThan"":0.01,""fixRT"":1,""displayDescriptionOnly"":""1""}",FREE,0.00,,,,,,10.472530755252265,1,1
https://glorya77.com,GLORYA77,162600,Sign In Day 1,,21.00,21.0,33,20,0.00,,"{""walletId"":1,""changeGameId"":1,""claimTime"":""N=01"",""creditLessThan"":0.01,""fixRT"":1,""displayDescriptionOnly"":""1""}",FREE,0.00,,WEEKLY,,,,31.66726736561203,1,1
https://gold77au.com,GOLD77,162187,"<b style=""color:#;"">Daily Free Chip</b>",,777.00,777.0,7770,10,0.00,,"{""startDate"":""2023-11-15"",""creditLessThan"":0.05,""displayDescriptionOnly"":""1"",""walletId"":1,""changeGameId"":1}",FREE,0.00,,DAILY,,,,3.070192925334543,1,1
https://in8.one,IN8,463893,New Register Free,,198.00,198.0,2000,20,0.00,,"{""displayDescriptionOnly"":""1"",""creditLessThan"":0.01,""walletId"":1,""changeGameId"":1}",FREE,0.00,,,,,,3.560592957296053,1,1
https://in8.one,IN8,796828,FACEBOOK LIMITED BONUS,,8.00,8.0,80,10,0.00,,"{""displayDescriptionOnly"":""1"",""creditLessThan"":0.01,""walletId"":1,""changeGameId"":1}",FREE,0.00,,DAILY,,,,2.316654479144853,1,1
https://in8.one,IN8,795594,TELEGRAM LIMITED BONUS,,10.00,10.0,288,20,0.00,,"{""displayDescriptionOnly"":""1"",""creditLessThan"":0.01,""walletId"":1,""changeGameId"":1}",FREE,0.00,,DAILY,,,,0.7954633400358477,1,1
https://harbour33.com,HARBOUR33,815239,<b>⭐Harbour33 Mega Event </b>,,88.00,88.0,1000,15,0.00,,"{""creditLessThan"":0.1,""walletId"":1,""changeGameId"":1,""displayDescriptionOnly"":""1"",""registerBeforeDate"":""2026-04-30"",""displayAngpaoText"":""1""}",FREE,0.00,,,,,,2.6646490168407952,1,1
https://harbour33.com,HARBOUR33,135990,<b>⭐DAILY HOUR FREE,,4.00,4.0,50,10,0.00,,"{""creditLessThan"":0.1,""walletId"":1,""changeGameId"":1,""displayAngpaoText"":""1"",""displayDescriptionOnly"":""1""}",FREE,0.00,,HOURLY,,,,1.6776200232700398,1,1
https://harbour33.com,HARBOUR33,815675,<B>Apps Daily Free</B>,,15.00,15.0,500,10.01,0.00,,"{""creditLessThan"":0.1,""walletId"":1,""changeGameId"":1,""displayDescriptionOnly"":""1"",""mobileAppOnly"":""1""}",FREE,0.00,,,,,,0.536143501779564,1,1
https://inskingdom8.com,INSKINGDOM8,823234,<b>Welcome Back Free,,100.00,100.0,300,20,0.00,,"{""creditLessThan"":0.1,""displayDescriptionOnly"":""1"",""registerBeforeDate"":""2026-03-01"",""changeGameId"":1,""walletId"":1}",FREE,0.00,,,,,,15.584332644933966,1,1
https://inskingdom8.com,INSKINGDOM8,237229,<B>Download Apps Free,,50.00,50.0,500,10,0.00,,"{""creditLessThan"":0.1,""displayDescriptionOnly"":""1"",""walletId"":1,""changeGameId"":1,""displayAngpaoText"":""1"",""mobileAppOnly"":""1""}",FREE,0.00,,,,,,2.60975639940788,1,1
https://i8au.online,I8AU,153333,Daily Login Free,,3.80,3.8,400,20,0.00,,"{""creditLessThan"":0.1,""displayDescriptionOnly"":""1""}",FREE,0.00,,DAILY,,,,0.14802035826969753,1,1
https://lion88.website,LION88,157853,<b>Daily Free</b>,,5.00,5.0,588,21,0.00,,"{""walletId"":1,""changeGameId"":1,""displayDescriptionOnly"":""1"",""creditLessThan"":0.1}",FREE,0.00,,DAILY,,,,0.13307278870333403,1,1
https://lion88.website,LION88,157854,<b>Download App Bonus</b>,,5.00,5.0,300,20,0.00,,"{""walletId"":1,""changeGameId"":1,""displayDescriptionOnly"":""1"",""displayAngpaoText"":""1"",""mobileAppOnly"":""1""}",FREE,0.00,,,,,,0.30396498381466175,0,1
https://ipay9aud.com,iPAY9,817609,iPAY9 APP BONUS,,20.00,20.0,300,20,0.00,,"{""creditLessThan"":1,""displayDescriptionOnly"":""1"",""mobileAppOnly"":""1"",""displayAngpaoText"":""1"",""ignoreTrxAmount"":1,""walletId"":1,""changeGameId"":1}",FREE,0.00,,MONTHLY,,,,1.8813915787157607,1,1
https://ipay9aud.com,iPAY9,103170,FREE CHIPS,,10.00,10.0,100,20,0.00,,"{""mobileAppOnly"":""0"",""registerDate"":""2023-01-15"",""creditLessThan"":1,""displayDescriptionOnly"":""1"",""changeGameId"":1,""walletId"":1}",FREE,0.00,,MONTHLY,,,,2.9844257543630697,1,1
https://live77bet.com,LiveBet,451639,Hourly Check In Free,,3.00,3.0,300,20,0.00,,"{""creditLessThan"":0.1,""mobileAppOnly"":""1"",""walletId"":1,""changeGameId"":1}",FREE,0.00,,HOURLY,,,,0.15562217077453888,1,1
https://lego66.co,Lego77,150368,<b>Download App Bonus</b>,,20.00,20.0,666,10,0.00,,"{""creditLessThan"":0.1,""displayDescriptionOnly"":""1"",""displayAngpaoText"":""1"",""mobileAppOnly"":""1"",""ignoreTrxAmount"":1,""changeGameId"":1,""walletId"":1}",FREE,0.00,,DAILY,,,,0.5468258165210306,1,1
https://onyxaud.com,OnyxAUD,737385,"<b style=""color:yellow;"">Offical Partner Free!</b>",,5.00,5.0,500,20,0.00,,"{""creditLessThan"":1,""displayDescriptionOnly"":""1"",""displayAngpaoText"":""0""}",FREE,0.00,,DAILY,,,,0.16051388989769858,0,1
https://onyxaud.com,OnyxAUD,450949,<b>Day 1 (Monday),,10.00,10.0,1000,20.15,0.00,,"{""claimTime"":""N=1"",""creditLessThan"":0.01,""mobileAppOnly"":""0"",""displayDescriptionOnly"":""1"",""changeGameId"":1,""walletId"":1}",FREE,0.00,,WEEKLY,,,,0.1682189374487242,0,1
https://onyxaud.com,OnyxAUD,133250,<B>Daily Free</b>,,4.00,4.0,100,0.05,0.00,,"{""changeGameId"":1,""walletId"":1}",FREE,0.00,,DAILY,,,,0.014351859507490763,1,1
https://onyxaud.com,OnyxAUD,,COMMISSION,COMMISSION,,0.4,,888,,,,,,,,,,,32.07274302056676,1,1
https://ozreel88.com,OZ REEL88 l,159340,365 FREE,,10.00,10.0,200,10,100.00,,"{""creditLessThan"":0.1,""displayDescriptionOnly"":""1"",""walletId"":1,""changeGameId"":1,""displayAngpaoText"":""0""}",FREE,0.00,,DAILY,,,,0.02203030760485425,1,1
https://ozreel88.com,OZ REEL88 l,172692,DOWNLOAD APP,,18.88,18.88,888,10,188.00,,"{""creditLessThan"":0.1,""displayDescriptionOnly"":""1"",""walletId"":1,""changeGameId"":1,""mobileAppOnly"":""1""}",FREE,0.00,,,,,,0.006019154114567645,1,1
https://world99aud.com,WORLD99,150794,<b>Only Fan【Limited】</b>,,10.00,10.0,199,10,0.00,,"{""maxRoundTargetAll"":1,""displayDescriptionOnly"":""1"",""creditLessThan"":0.1,""changeGameId"":1,""walletId"":1}",FREE,0.00,,DAILY,,,,0.9945015538788535,1,1
https://lego66.co,Lego77,835598,"<b style=""color:RED;"">MONDAY</b>",,10.00,10.0,777,15,0.00,,"{""claimTime"":""N=1"",""creditLessThan"":0.01,""displayDescriptionOnly"":""1"",""changeGameId"":1,""walletId"":1}",FREE,0.00,,WEEKLY,,,,0.20950808098223528,1,1
https://dolphin88.co,Dolphin88,767719,<b>365 Daily App Bonus</b>,,40.88,40.88,1588,8.8,0.00,,"{""creditLessThan"":""0.10"",""mobileAppOnly"":""1"",""displayDescriptionOnly"":""1"",""walletId"":1,""changeGameId"":1}",FREE,0.00,,DAILY,,,,0.44968462803958664,1,1
https://dolphin88.co,Dolphin88,829749,<B>EXCLUSIVE BONUS</B>,,50.00,50.0,300,10,0.00,,"{""fixRT"":1,""creditLessThan"":0.1,""displayDescriptionOnly"":""0"",""changeGameId"":1,""walletId"":1,""registerBeforeDate"":""2026-06-15""}",FREE,0.00,,DAILY,,,,4.942092937949541,1,1
https://dolphin88.co,Dolphin88,145970,<b>Daily Free $38.88 </b>,,38.88,38.88,1088,8.8,0.00,,"{""walletId"":1,""changeGameId"":1,""creditLessThan"":0.1,""displayDescriptionOnly"":""1""}",FREE,0.00,,DAILY,,,,0.6753956605166789,1,1
https://glorya77.com,GLORYA77,162601,Sign In Day 2,,22.00,22.0,34,20,0.00,,"{""walletId"":1,""changeGameId"":1,""claimTime"":""N=02"",""creditLessThan"":0.01,""fixRT"":1,""displayDescriptionOnly"":""1""}",FREE,0.00,,WEEKLY,,,,32.4323564006194,1,1
https://cyberpunk369.com,CYBERPUNK369,23780,<b>Hourly Bonus</b>,,15.00,15.0,200,5,0.00,,"{""displayDescriptionOnly"":""1"",""displayAngpaoText"":""1"",""walletId"":1,""changeGameId"":1,""creditLessThan"":0.1,""resetHour"":2}",FREE,0.00,,HOURLY,,,,1.2588993529486476,1,1
https://cyberpunk369.com,CYBERPUNK369,16438,<b>Check-in Bonus TUESDAY</b>,,4.00,4.0,100,8,0.00,,"{""claimTime"":""N=2"",""displayDescriptionOnly"":""1"",""displayAngpaoText"":""0"",""creditLessThan"":0.1,""walletId"":1,""changeGameId"":1}",FREE,0.00,,WEEKLY,,,,0.6463240896428873,1,1
https://aus2u.com,Aus2u,160317,TUESDAY FREE $$$,,10.00,10.0,320,15,0.00,,"{""mobileAppOnly"":""1"",""claimTime"":""N=02"",""displayAngpaoText"":""0"",""displayDescriptionOnly"":""1"",""walletId"":1,""changeGameId"":1,""creditLessThan"":0.1}",FREE,0.00,,WEEKLY,,,,0.6350231815111956,1,1
https://neolux.vip,NEOLUX,721981,"<b style=""color:#686A6C;"">DAY2 TUESDAY</b>",,15.00,15.0,1470,14.88,0.00,,"{""creditLessThan"":0.1,""walletId"":1,""claimTime"":""N=2"",""displayDescriptionOnly"":""1""}",FREE,0.00,,DAILY,,,,0.16053020465874113,1,1
https://galaxyau.com,Galaxy AU,160283,Attend Reward,,3.00,3.0,138,20,0.00,,"{""creditLessThan"":0.5,""mobileAppOnly"":""0"",""displayDescriptionOnly"":""1"",""walletId"":1,""changeGameId"":1}",FREE,0.00,,DAILY,,,,0.4107940829250386,1,1
https://intensityaus.com,Intensity,55022,Free Chips 365 Days,,1.00,1.0,100,30,0.00,,"{""startDate"":""2023-04-11"",""creditLessThan"":1}",FREE,0.00,,DAILY,,,,0.16609764269953625,1,1
https://mkaus.co,MK Gaming,1751,Free Chips Everyday,,1.00,1.0,127,27,0.00,,"{""creditLessThan"":0.5,""mobileAppOnly"":""0"",""displayDescriptionOnly"":""1"",""walletId"":1,""changeGameId"":1}",FREE,0.00,,DAILY,,,,0.11954785632657886,1,1
https://pokies7bet.com,Pokies7bet,139882,<b>365ᴅᴀʏꜱ ꜰʀᴇᴇ ᴄʀᴇᴅɪᴛ</b>,,6.88,6.88,280,27,0.00,,"{""creditLessThan"":1,""displayAngpaoText"":""1"",""displayDescriptionOnly"":""1"",""walletId"":1,""changeGameId"":1}",FREE,0.00,,DAILY,,,,0.5515316312204653,1,1
https://pesi13.com,PESI13,826343,<b>FREE 20 SPIN BNG #R</b>,,0.50,0.5,300,18,0.00,,"{""freeRoundAPI"":{""site"":""WREDGENN2"",""params"":{""game_code"":""3_coins"",""gift"":{""total_bet"":50,""args"":{""type"":""fixed"",""spins"":20}}},""openGame"":{""product"":""1""}},""displayDescriptionOnly"":""1"",""displayAngpaoText"":""1"",""walletId"":1,""changeGameId"":1,""creditLessThan"":0.1}",CUSTOM,0.00,,,,,,0.01480880296470158,1,1
https://pesi13.com,PESI13,818142,<b>New Member Free PESI<b>,,16.80,16.8,300,20,0.00,,"{""displayAngpaoText"":""1"",""displayDescriptionOnly"":""1"",""creditLessThan"":0.1,""walletId"":1,""changeGameId"":1,""mobileAppOnly"":""1""}",FREE,0.00,,,,,,1.4957807804057723,1,1
https://pesi13.com,PESI13,812639,<b>Website Design Upgrade BONUS</b> <b>#C</b>,,168.00,168.0,168,50,0.00,,"{""displayAngpaoText"":""1"",""displayDescriptionOnly"":""1"",""creditLessThan"":0.1,""walletId"":1,""changeGameId"":1}",FREE,0.00,,,,,,81.99929542429888,1,1
https://pesi13.com,PESI13,812644,<b>PESI APP FREE BONUS</b>,,30.00,30.0,600,30,0.00,,"{""creditLessThan"":1,""displayDescriptionOnly"":""1"",""mobileAppOnly"":""1"",""displayAngpaoText"":""1"",""ignoreTrxAmount"":1,""walletId"":1,""changeGameId"":1}",FREE,0.00,,,,,,1.5207279252292714,1,1
https://pesi13.com,PESI13,838406,<b>PESI13 Join Back Gift</b> #R,,30.00,30.0,300,15,0.00,,"{""creditLessThan"":0.1,""displayDescriptionOnly"":""1"",""walletId"":1,""changeGameId"":1,""registerDate"":""2022-07-16""}",FREE,0.00,,,,,,2.920288749760507,1,1
https://pesi13.com,PESI13,812700,<b>DAILY FREE SPIN</b> <b>#C</b>,,333.00,333.0,350,20,0.00,,"{""registerDate"":""2024-02-21"",""creditLessThan"":1,""displayDescriptionOnly"":""1"",""walletId"":1,""changeGameId"":1}",FREE,0.00,,DAILY,,,,62.105219712457476,1,1
https://riches88.live,RICHES88,197659,<b>365 Day Free </b>,,10.00,10.0,450,10.01,0.00,,"{""creditLessThan"":0.1,""changeGameld"":1,""displayDescriptionOnly"":""1"",""changeGameId"":1,""walletId"":1}",FREE,0.00,,DAILY,,,,0.3587737939829095,1,1
https://riches88.live,RICHES88,838648,<b>UUSLOT 30 FREE SPIN<b>,,0.10,0.1,100,10,0.00,,"{""freeRoundAPI"":{""site"":""UUS2"",""params"":{""GameCode"":""10054"",""RoundType"":1,""TotalRound"":30,""BetValue"":1,""LineBet"":0.02,""MaxWinAmount"":100}},""startDate"":""2025-11-25"",""creditLessThan"":0.01,""displayAngpaoText"":""0"",""walletId"":1,""changeGameId"":1,""displayDescriptionOnly"":""1""}",CUSTOM,0.00,,,,,,0.006202764220146792,1,1
https://riches88.live,RICHES88,712165,<b>TELEGRAM FREE</b>,,100.00,100.0,800,10,0.00,,"{""mustJoinTelegramChannel"":""riches88au"",""changeGameld"":1,""displayDescriptionOnly"":""1"",""changeGameId"":1,""walletId"":1}",FREE,0.00,,,,,,3.6019553639448203,1,1
https://play99au.com,Play99 Aus Online Pokies,176401,<b>IOS & ANDROID APPS BONUS</b>,,18.00,18.0,388,18,0.00,,"{""creditLessThan"":1,""displayDescriptionOnly"":""1"",""mobileAppOnly"":""1"",""walletId"":1,""changeGameId"":1,""displayAngpaoText"":""0""}",FREE,0.00,,,,,,1.1485013436929892,0,1
https://rtpvictory88.com,RTPVICTORY88,825902,<b>WELCOME BACK FREE<b>,,100.00,100.0,300,20,0.00,,"{""creditLessThan"":0.1,""displayDescriptionOnly"":""1"",""registerBeforeDate"":""2026-05-25"",""changeGameId"":1,""walletId"":1}",FREE,0.00,,,,,,15.584332644933966,1,1
https://rtpvictory88.com,RTPVICTORY88,212060,<b>DAILY FREE CREDIT<b>,,10.00,10.0,100,15,0.00,,"{""creditLessThan"":0.1,""walletId"":1,""changeGameId"":1,""displayDescriptionOnly"":""1""}",FREE,0.00,,DAILY,,,,2.717859814853726,1,1
https://rtpvictory88.com,RTPVICTORY88,221847,<b>HOURLY FREE CREDIT,,3.00,3.0,50,10,0.00,,"{""creditLessThan"":0.1,""walletId"":1,""changeGameId"":1,""displayDescriptionOnly"":""1""}",FREE,0.00,,HOURLY,,,,1.1509900370660882,1,1
https://rtpvictory88.com,RTPVICTORY88,245109,<B>Download Apps Free,,50.00,50.0,500,15,0.00,,"{""creditLessThan"":0.1,""displayDescriptionOnly"":""1"",""walletId"":1,""changeGameId"":1,""displayAngpaoText"":""1"",""mobileAppOnly"":""1""}",FREE,0.00,,,,,,3.0175551213073413,1,1
https://richspinau.com,RICHSPINAU,210265,<b>FREE 365</b>,,5.00,5.0,100,10,0.00,,"{""creditLessThan"":""0.01"",""displayDescriptionOnly"":""1"",""walletId"":1,""changeGameId"":1}",FREE,0.00,,DAILY,,,,0.9452270845626882,1,1
https://richspinau.com,RICHSPINAU,836835,<b>▶️REFREH BONUS</b>,,88.00,88.0,600,15,0.00,,"{""creditLessThan"":0.1,""displayDescriptionOnly"":""1"",""walletId"":1,""changeGameId"":1,""displayAngpaoText"":""1""}",FREE,0.00,,WEEKLY,,,,5.0460430296218215,1,1
https://pokiesking1.com,PokiesKing,86258,<b>FREE FOR EVERYONE</b>,,28.88,28.88,577.6,28,0.00,,"{""displayAngpaoText"":""1"",""displayDescriptionOnly"":""1"",""walletId"":1,""changeGameId"":1,""creditLessThan"":0.1}",FREE,0.00,,DAILY,,,,1.4875227342262929,1,1
https://sp77aud.co,SP77AUD,773328,<b>Social Free IIII⭐,,30.00,30.0,2000,30,0.00,,"{""displayAngpaoText"":""0"",""displayDescriptionOnly"":""1"",""creditLessThan"":0.1,""mustJoinTelegramChannel"":""igaxspeedau33"",""walletId"":1,""changeGameId"":1}",FREE,0.00,,,,,,0.337639376332024,1,1
https://sp77aud.co,SP77AUD,837877,<b>LOYALTY TREAT</b>,,5,5.0,200,19,0.00,,"{""userTag"":{""bonusFixed"":{""VVIP"":{""NORMAL"":5,""BRONZE"":10,""SILVER"":10,""GOLD"":20,""PLATINUM"":20,""Diamond"":25,""ELITE"":30,""MASTER"":50,""ROYAL"":88}},""onlyFor"":""VVIP""},""displayDescriptionOnly"":""1"",""displayAngpaoText"":""1"",""creditLessThan"":0.1}",FREE,0.00,,,,,,0.49650251130667306,1,1
https://sp77aud.co,SP77AUD,154184,<B>DAILY FREE CHIPS,,10.00,10.0,600,10,0.00,,"{""creditLessThan"":0.1,""walletId"":1,""changeGameId"":1,""displayDescriptionOnly"":""1""}",FREE,0.00,,DAILY,,,,0.2503126214987163,1,1
https://rubyaud.com,RUBY,748034,<b> Download Apps Free </b>,,20.00,20.0,500,10,0.00,,"{""creditLessThan"":0.1,""displayDescriptionOnly"":""1"",""walletId"":1,""changeGameId"":1,""mobileAppOnly"":""1""}",FREE,0.00,,DAILY,,,,0.7824908919849999,1,1
https://rubyaud.com,RUBY,140758,<b>Free 365</b>,,2.00,2.0,100,10,0.00,,"{""creditLessThan"":0.1,""displayDescriptionOnly"":""1""}",FREE,0.00,,DAILY,,,,0.2850195147445152,1,1
https://mee88aus.com,MEE88 AUS,80698,HOURLY FREE CREDIT $23,,23.00,23.0,800,10,0.00,,"{""displayAngpaoText"":""0"",""walletId"":1,""changeGameId"":1,""mobileAppOnly"":""0"",""displayDescriptionOnly"":""1""}",FREE,0.00,,HOURLY,,,,0.522597244380408,1,1
https://mee88aus.com,MEE88 AUS,,DAILY ROLLOVER REBATE,REBATE,,0.1,,388,,,,,,,,,,,4.878227648207276,1,1
https://select777.net,SELECT777,171483,<b>TUESDAY</b>,,15.00,15.0,1470,14.88,0.00,,"{""creditLessThan"":0.1,""walletId"":1,""claimTime"":""N=2"",""displayDescriptionOnly"":""1""}",FREE,0.00,,DAILY,,,,0.16053020465874113,1,1
https://tab9au.com,TAB9AU,7843,<b>New Register Free #C</b>,,399.00,399.0,400,50,0.00,,"{""startDate"":""2023-05-04"",""creditLessThan"":0.1,""displayDescriptionOnly"":""1"",""walletId"":1,""changeGameId"":1,""withdrawLessThan"":1}",FREE,0.00,,DAILY,,,,85.97480653166339,1,1
https://thepokies33.com,ThePokies33,,Daily Rollover Rebate 0.6%,REBATE,,0.11,,3000,,,,,,,,,,,7.3839367234923445,1,1
https://top1cas.com,AUSBET96 GAMING & Pokies Hub,483401,"<b style=""color:#bf77f6;"">NEW FREEBIE WARM-UP</b>",,89.98,89.98,1088,18,0.00,,"{""creditLessThan"":""1"",""displayDescriptionOnly"":""1"",""mobileAppOnly"":""1"",""displayAngpaoText"":""1"",""walletId"":1,""changeGameId"":1}",FREE,0.00,,,,,,2.6220859419551763,1,1
https://u88aud.com,U88AUD,25859,<b>Daily Free Credit<b>,,5.00,5.0,50,0.05,0.00,,"{""displayDescriptionOnly"":""1"",""displayAngpaoText"":""1"",""creditLessThan"":0.1,""walletId"":1,""changeGameId"":1}",FREE,0.00,,DAILY,,,,0.04574311333452862,0,1
https://u88aud.com,U88AUD,25897,<b>U88AUD Download APP Free<b>,,20.00,20.0,200,10,0.00,,"{""mobileAppOnly"":""1"",""displayAngpaoText"":""1"",""displayDescriptionOnly"":""0"",""creditLessThan"":0.1,""walletId"":1,""changeGameId"":1}",FREE,0.00,,,,,,2.4598255150108943,1,1
https://starspin996.com,StarSpin996,830994,<b>Starspin996 Download APP Free</b>,,10.00,10.0,800,30,0.00,,"{""creditLessThan"":0.1,""displayDescriptionOnly"":""1"",""registerDate"":""2021-04-05"",""displayAngpaoText"":""1"",""mobileAppOnly"":""1""}",FREE,0.00,,,,,,0.2501945175456468,1,1
https://u2win.online,U2WIN,9693,<b>365 Daily Free</b>,,5.00,5.0,300,20,0.00,,"{""fixRT"":1,""creditLessThan"":0.5,""displayDescriptionOnly"":""1"",""walletId"":1,""changeGameId"":1}",FREE,0.00,,DAILY,,,,0.30396498381466175,1,1
https://venus55.com,Venus55,,Daily Rollover Rebate,REBATE,,0.12,0.6,3000,,,,,,,,,,,8.238702450784276,1,1
https://vip77.club,VIP77,6217,⭐ VIP77 ⭐ DOWNLINE CONTRIBUTION $30 GET,,10,10.0,200,20,0.00,,"{""customBonus"":""downlinedeposit"",""creditLessThan"":0.5,""startDate"":""2023-11-21"",""displayDescriptionOnly"":""1"",""walletId"":1,""changeGameId"":1}",CUSTOM,0.00,,DAILY,30.00,,,1.2547964592173841,1,1
https://wildspin24.com,Wildspin24,836892,All Member Free,,88.00,88.0,888,20,0.00,,"{""creditLessThan"":0.1,""displayDescriptionOnly"":""1"",""changeGameId"":1,""walletId"":1}",FREE,0.00,,,,,,3.3943571169483695,1,1
https://wildspin24.com,Wildspin24,182099,Daily Free Credit,,10.00,10.0,150,15,0.00,,"{""creditLessThan"":0.1,""displayDescriptionOnly"":""1"",""changeGameId"":1,""walletId"":1}",FREE,0.00,,DAILY,,,,1.6372423828216727,1,1
https://wildspin24.com,Wildspin24,836890,Hourly Free Credit,,5.00,5.0,50,10,0.00,,"{""creditLessThan"":0.1,""displayDescriptionOnly"":""1"",""changeGameId"":1,""walletId"":1}",FREE,0.00,,HOURLY,,,,2.248141548510455,1,1
https://win99aud.com,WIN99AUD,180311,<b>Apps Angpao $5</b>,,5.00,5.0,200,20,0.00,,"{""displayDescriptionOnly"":""1"",""displayAngpaoText"":""1"",""mobileAppOnly"":""1"",""walletId"":1,""changeGameId"":1}",FREE,0.00,,,,,,0.5045888277145305,1,1
https://win99aud.com,WIN99AUD,122337,<b>FREE 365 DAY</b>,,20.00,20.0,600,15,0.00,,"{""creditLessThan"":0.1,""displayDescriptionOnly"":""1"",""displayAngpaoText"":""1"",""changeGameId"":1,""walletId"":1}",FREE,0.00,,DAILY,,,,0.7203739083272979,1,1
https://win99aud.com,WIN99AUD,714578,<b>Telegram Free $100<b>,,100.00,100.0,1000,15,0.00,,"{""displayAngpaoText"":""0"",""displayDescriptionOnly"":""1"",""creditLessThan"":0.1,""registerDate"":""2024-01-01"",""mobileAppOnly"":""0"",""mustJoinTelegramChannel"":""Aus55Channel"",""changeGameId"":1,""walletId"":1}",FREE,0.00,,,,,,3.151055490713614,1,1
https://win99aud.com,WIN99AUD,,COMMISSION,COMMISSION,,5.0,,1888,,,,,,,,,,,125.77194337366808,1,1
https://spincrown33.com,SpinCrown33,731984,<b>Daily Free $3</b>,,3.00,3.0,150,10,0.00,,"{""displayDescriptionOnly"":""1"",""displayAngpaoText"":""1"",""creditLessThan"":0.1}",FREE,0.00,,DAILY,,,,0.2915211013307543,1,1
https://spincrown33.com,SpinCrown33,790955,<b>Daily Free $4</b>,,4.00,4.0,200,10,0.00,,"{""displayDescriptionOnly"":""1"",""displayAngpaoText"":""1"",""creditLessThan"":0.1}",FREE,0.00,,DAILY,,,,0.2965641236771447,1,1
https://spincrown33.com,SpinCrown33,731985,<b>Daily Free Telegram</b>,,5.00,5.0,250,10,0.00,,"{""displayAngpaoText"":""1"",""displayDescriptionOnly"":""1"",""creditLessThan"":0.1,""registerDate"":""2024-01-01"",""mobileAppOnly"":""0"",""mustJoinTelegramChannel"":""AllPokiesHub4""}",FREE,0.00,,DAILY,,,,0.3006845729562095,1,1
https://zeroaud.com,ZERO,168227,<b>Daily Free</b>,,20.00,20.0,500,10,0.00,,"{""creditLessThan"":""0.10"",""displayDescriptionOnly"":""1"",""changeGameId"":1,""walletId"":1}",FREE,0.00,,DAILY,,,,0.7824908919849999,1,1
https://zeroaud.com,ZERO,835469,<b>July Special Extra Free AUD58</b>,,58.00,58.0,888,13,0.00,,"{""creditLessThan"":""0.10"",""displayDescriptionOnly"":""1"",""changeGameId"":1,""walletId"":1,""displayAngpaoText"":""0""}",FREE,0.00,,DAILY,,,,1.702415111858481,1,1
https://zeroaud.com,ZERO,168162,<b>Download App Bonus</b>,,30.00,30.0,700,10,0.00,,"{""creditLessThan"":0.1,""displayDescriptionOnly"":""1"",""displayAngpaoText"":""1"",""mobileAppOnly"":""1"",""ignoreTrxAmount"":1,""changeGameId"":1,""walletId"":1}",FREE,0.00,,DAILY,,,,0.8757891750140593,1,1
https://zeroaud.com,ZERO,168295,<b>Share Friends Get</b>,,3,3.0,45,0.05,0.00,,"{""customBonus"":""sharebonus"",""creditLessThan"":0.1,""startDate"":""2024-02-01"",""displayDescriptionOnly"":""1"",""displayAngpaoText"":""1"",""changeGameId"":1,""walletId"":1}",CUSTOM,0.00,,,,,,0.0267159422195756,1,1
https://pokies33au.com,Pokies33,107538,Daily Free,,13.00,13.0,1033,20,0.00,,"{""creditLessThan"":0.1,""walletId"":1,""changeGameId"":1}",FREE,0.00,,DAILY,,,,0.22757738635714025,0,1
https://zebra88.club,ZEBRA88,178979,<b>Daily Free</b>,,10.00,10.0,588,21,0.00,,"{""walletId"":1,""changeGameId"":1,""displayDescriptionOnly"":""1"",""creditLessThan"":0.1}",FREE,0.00,,DAILY,,,,0.3309214451684106,1,1
https://thepokies96.com,ThePokies96,,VIP Weekly Rebate,REBATE,,0.11,,3000,,,,,,,,,,,7.3839367234923445,1,1
https://ubet66aus.com,UBET66AUS,824768,REJOIN FREE CREDIT,,16.66,16.66,366,20,0.00,,"{""creditLessThan"":0.1,""mobileAppOnly"":""1"",""displayAngpaoText"":""0""}",FREE,0.00,,MONTHLY,,,,1.153817077643568,1,1
https://glorya77.com,GLORYA77,162602,Sign In Day 3,,23.00,23.0,35,20,0.00,,"{""walletId"":1,""changeGameId"":1,""claimTime"":""N=03"",""creditLessThan"":0.01,""fixRT"":1,""displayDescriptionOnly"":""1""}",FREE,0.00,,WEEKLY,,,,33.161449942050915,1,1
https://play99au.com,Play99 Aus Online Pokies,153554,<b>Welcome Back Wednesday Bonus</b>,,18.88,18.88,200,20,0.00,,"{""claimTime"":""N=3"",""registerBeforeDate"":""2024-08-01"",""displayDescriptionOnly"":""1"",""creditLessThan"":0.1,""displayAngpaoText"":""0"",""changeGameId"":1,""walletId"":1}",FREE,0.00,,DAILY,,,,2.8951433649433893,1,1
https://reef33.vip,Reef33,773817,<b>Hourly Free</b>,,7.77,7.77,777,30,0.00,,"{""displayDescriptionOnly"":""1"",""displayAngpaoText"":""1"",""walletId"":1,""changeGameld"":1,""creditLessThan"":0.1,""resetHour"":1}",FREE,0.00,,HOURLY,,,,0.18621253300392995,1,1
https://select777.net,SELECT777,171518,<b>WEDNESDAY</b>,,20.00,20.0,1910,14.88,0.00,,"{""creditLessThan"":0.1,""walletId"":1,""claimTime"":""N=3"",""displayDescriptionOnly"":""1""}",FREE,0.00,,DAILY,,,,0.1689563455029307,1,1
https://cbr8aus.com,CBR8,153611,<b>365 Free Credit<b>,,2.88,2.88,200,20,0.00,,"{""creditLessThan"":0.1,""displayDescriptionOnly"":""1"",""displayAngpaoText"":""1"",""mobileAppOnly"":""0"",""walletId"":1,""changeGameId"":1}",FREE,0.00,,DAILY,,,,0.24490511878618862,1,1
https://mcdollar9.com,McDollar9 (AUD),808704,NEW GAME $10 FREEPLAY + MINIGAME FREEPLAY,,10.00,10.0,199,20,0.00,,"{""creditLessThan"":1,""displayAngpaoText"":""0"",""walletId"":1,""changeGameId"":1,""displayDescriptionOnly"":""1"",""mobileAppOnly"":""1""}",FREE,0.00,,,,,,1.2626832912521337,1,1
https://play369.co,PLAY369,784768,<b>Daily Free $5,,5.00,5.0,150,15,0.00,,"{""creditLessThan"":0.1,""displayDescriptionOnly"":""1""}",FREE,0.00,,DAILY,,,,0.6583810534082891,1,1
https://spincrown33.com,SpinCrown33,452354,<b>Day 1 (Monday)</b>,,10.00,10.0,1000,10,0.00,,"{""claimTime"":""N=1"",""creditLessThan"":0.01,""walletId"":1,""changeGameId"":1,""showIfAmount"":1,""displayDescriptionOnly"":""1""}",FREE,0.00,,WEEKLY,,,,0.1321818456291255,1,1
https://reef33.vip,Reef33,839855,<b>Telegram Free</b>,,17.77,17.77,1777,30,0.00,,"{""displayAngpaoText"":""1"",""displayDescriptionOnly"":""1"",""creditLessThan"":0.1,""mustJoinTelegramChannel"":""Reef33audplayergroup"",""changeGameId"":1,""walletId"":1}",FREE,0.00,,DAILY,,,,0.1965670120890628,0,1
https://ubet66aus.com,UBET66AUS,120288,Referral Bonus,,6,6.0,18,168,12,,"{""customBonus"":""downlinefirstdeposit"",""startDate"":""2023-06-09"",""mobileAppOnly"":""1"",""displayAngpaoText"":""0""}",CUSTOM,30.00,,,,,,2.4210769045511245,1,1
https://bondi333.com,BONDI333,839265,<b>Hourly Free</b>,,7.77,7.77,1165,10,0.00,,"{""displayDescriptionOnly"":""1"",""displayAngpaoText"":""1"",""walletId"":1,""changeGameld"":1,""creditLessThan"":0.1,""resetHour"":1}",FREE,0.00,,HOURLY,,,,0.07837170832157311,0,1
https://select777.net,SELECT777,171279,<b>MONDAY</b>,,10.00,10.0,1000,14.88,0.00,,"{""creditLessThan"":0.1,""walletId"":1,""claimTime"":""N=1"",""displayDescriptionOnly"":""1""}",FREE,0.00,,DAILY,,,,0.1524215000014297,1,1
https://ozreel88.com,OZ REEL88 l,,COMMISSION,COMMISSION,,22.59,,300,,,,,,,,,,,104.94123633742394,1,1
https://all117.com,ALL117,840945,<b>GOLD CASHBACK I</b>,,0.00,6.0,78,10,0.00,,"{""startDate"":""2023-10-23"",""creditLessThan"":0.5,""displayDescriptionOnly"":""1"",""walletId"":1,""changeGameId"":1,""displayAngpaoText"":""1""}",FREE,30.00,,DAILY,10.00,29.99,,1.6383148045494718,1,1
https://cashnet99.com,CASHNET,8881,New Register Free,,28.88,28.88,188,30,0.00,,"{""displayDescriptionOnly"":""1"",""fixRT"":1,""changeGameId"":1,""walletId"":1}",FREE,0.00,,,,,,6.170461985448391,0,1
https://cashnet99.com,CASHNET,263675,<b>New Register Free Spin 88 !!<b>,,0.10,0.1,300,10,0.00,,"{""freeRoundAPI"":{""site"":""BNG"",""params"":{""campaign"":""BNG free spin"",""total_rounds"":88,""game_id"":""377"",""bonus_type"":""FIXED_FREEBET"",""total_bet"":0.2,""round_bet"":0.2}},""displayDescriptionOnly"":""1"",""creditLessThan"":""0.01"",""displayAngpaoText"":""0"",""startDate"":""2026-03-23""}",FREE,0.00,,,,,,0.0015710272013834679,1,1
https://epicpokies.com,EPICPOKIES,466842,<b>DOWNLOAD APPS FREE $50<b>,,50.00,50.0,10000,100,0.00,,"{""registerDate"":""2022-01-22"",""creditLessThan"":1,""displayDescriptionOnly"":""1"",""mobileAppOnly"":""1"",""walletId"":1,""changeGameId"":1}",FREE,0.00,,DAILY,,,,0.11875866626276997,0,1
https://auspay96.com,AUSPAY96,,COMMISSION,COMMISSION,,1.25,,300,,,,,,,,,,,88.13567058946201,1,1
https://race96.com,Race96,,Daily Rollover Rebate,REBATE,,0.23,,1000,,,,,,,,,,,16.16120702986032,1,1
https://rubyaud.com,RUBY,483645,<b> Ruby Giveaway</b>,,18.00,18.0,300,10,0.00,,"{""creditLessThan"":0.1,""displayDescriptionOnly"":""1"",""walletId"":1,""changeGameId"":1}",FREE,0.00,,WEEKLY,,,,1.2900223937402764,1,1
https://reef33.vip,Reef33,837604,<b>Candy Free $777</b>,,777.00,777.0,3885,30,0.00,,"{""displayAngpaoText"":""0"",""displayDescriptionOnly"":""1"",""creditLessThan"":0.1,""registerDate"":""2024-01-01"",""maxRoundTargetAll"":1,""playerClaimLimit"":1,""walletId"":1,""changeGameId"":1}",FREE,0.00,,DAILY,,,,10.457349481454782,1,1
https://spincrown33.com,SpinCrown33,839858,<b>Telegram Free </b>,,17.77,17.77,1777,30,0.00,,"{""displayAngpaoText"":""1"",""displayDescriptionOnly"":""1"",""creditLessThan"":0.1,""mustJoinTelegramChannel"":""spincrown3officialchannel"",""changeGameId"":1,""walletId"":1}",FREE,0.00,,DAILY,,,,0.1965670120890628,0,1
https://royale9au.com,Royale9 Jernice,753503,Checkin Tuesday,,11.00,11.0,310,15,0.00,,"{""displayDescriptionOnly"":""1"",""displayAngpaoText"":""0"",""claimTime"":""N=02"",""walletId"":1,""changeGameId"":1}",FREE,0.00,,WEEKLY,,,,0.7489862033409844,1,1
https://sapphireaud.com,SAPPHIRE,839436,<b>Hourly Free</b>,,7.77,7.77,1010,10,0.00,,"{""displayDescriptionOnly"":""1"",""displayAngpaoText"":""1"",""walletId"":1,""changeGameld"":1,""creditLessThan"":0.1,""resetHour"":1}",FREE,0.00,,HOURLY,,,,0.09368390887022404,0,1
https://crown777au.com,Crown777,841773,REGISTER & GET FREE,,27.77,27.77,550,50,0.00,,"{""mobileAppOnly"":""1"",""creditLessThan"":0.1,""walletId"":1,""changeGameId"":1,""displayAngpaoText"":""1""}",FREE,0.00,,,,,,1.7537856531160227,1,1
https://mrbean9.com,MrBean9,751475,MrBean9 APP BONUS,,13.00,13.0,630,10,0.00,,"{""creditLessThan"":1,""displayDescriptionOnly"":""1"",""mobileAppOnly"":""1"",""displayAngpaoText"":""1"",""fixRT"":1,""walletId"":1,""changeGameId"":1}",FREE,0.00,,WEEKLY,,,,0.33257519386556944,1,1
https://ubet96.com,Ubet AUS,704577,APP BONUS,,10.00,10.0,289,19,0.00,,"{""creditLessThan"":0.1,""mobileAppOnly"":""1"",""displayAngpaoText"":""0""}",FREE,0.00,,,,,,0.7793316153788195,1,1
https://ubet96.com,Ubet AUS,103789,1 Share Free $6,,6,6.0,108,20,0.00,,"{""customBonus"":""sharebonus"",""creditLessThan"":0.1,""startDate"":""2024-01-10"",""displayAngpaoText"":""0"",""mobileAppOnly"":""1"",""maxCount"":3}",CUSTOM,0.00,,,,,,1.3849206226456783,1,1
https://thestar.asia,TheStar,229154,FREE SPIN 365 DAYS,,377.00,377.0,3777,20,0.00,,"{""creditLessThan"":0.1,""displayDescriptionOnly"":""1"",""displayAngpaoText"":""1"",""walletId"":1,""changeGameId"":1,""mobileAppOnly"":""0""}",FREE,0.00,,DAILY,,,,3.7345832540718886,1,1
https://thestar.asia,TheStar,132292,App Free Bonus,,777.00,777.0,7777,20,0.00,,"{""creditLessThan"":0.1,""displayDescriptionOnly"":""1"",""displayAngpaoText"":""1"",""walletId"":1,""changeGameId"":1,""mobileAppOnly"":""1""}",FREE,0.00,,DAILY,,,,3.893729558135782,1,1
https://umi999.com,UMI999,451987,DAILY GET FREE,,28.00,28.0,40,20,0.00,,"{""walletId"":1,""changeGameId"":1,""creditLessThan"":0.01,""fixRT"":1,""displayDescriptionOnly"":""1""}",FREE,0.00,,DAILY,,,,36.34879055449345,1,1
https://umi999.com,UMI999,695731,APP BONUS,,18.00,18.0,68,20,0.00,,"{""walletId"":1,""changeGameId"":1,""creditLessThan"":0.01,""fixRT"":1,""displayDescriptionOnly"":""1"",""mobileAppOnly"":""1""}",FREE,0.00,,,,,,10.472530755252265,1,1
https://umi999.com,UMI999,169084,Sign In Day 2,,21.00,21.0,32,20,0.00,,"{""walletId"":1,""changeGameId"":1,""claimTime"":""N=02"",""creditLessThan"":0.01,""fixRT"":1,""displayDescriptionOnly"":""1""}",FREE,0.00,,WEEKLY,,,,32.90906479570259,1,1
https://play77au.com,PLAY77,16062,DAILY CHECK IN : DAY 2,,2.50,2.5,100,10,0.00,,"{""claimTime"":""N=2"",""creditLessThan"":0.1,""maxRoundTargetAll"":500,""displayAngpaoText"":""0"",""walletId"":1,""changeGameId"":1,""displayDescriptionOnly"":""1""}",FREE,0.00,,DAILY,,,,0.3813188801044143,1,1
https://prime96.com,Prime96 (AUD),231075,<b>Referral Bonus</b>,,6.96,6.96,0,21,20.88,,"{""customBonus"":""downlinedeposit"",""creditLessThan"":1,""startDate"":""2025-03-28"",""displayDescriptionOnly"":""1"",""showIfAmount"":0,""walletId"":1,""changeGameId"":1,""maxCount"":4}",CUSTOM,0.00,,,30.00,,,0.5768789761249593,1,1
https://prime96.com,Prime96 (AUD),,COMMISSION,COMMISSION,,1.0,2.00,600,,,,,,,,,,,41.14924957831816,1,1
https://rolex66.vip,Rolex66 AUD,213618,<b>Daily Checkin</b>,,38.00,38.0,1688,20,0.00,,"{""creditLessThan"":0.1,""displayDescriptionOnly"":""1"",""mobileAppOnly"":""1"",""walletId"":1,""changeGameId"":1}",FREE,0.00,,DAILY,,,,0.504885880297683,1,1
https://vip777au.com,VIP777AU,484053,<b>Vip777au Giveaway </b>,,18.00,18.0,300,10,0.00,,"{""creditLessThan"":0.1,""walletId"":1,""changeGameId"":1,""displayDescriptionOnly"":""1""}",FREE,0.00,,WEEKLY,,,,1.2900223937402764,1,1
https://vip777au.com,VIP777AU,175472,<b>Free All Slot 365Days</b>,,5.00,5.0,100,0.05,0.00,,"{""creditLessThan"":0.1,""displayDescriptionOnly"":""1""}",FREE,0.00,,DAILY,,,,0.019232610012774754,1,1
https://vip777au.com,VIP777AU,448901,<b>▶️Download Apps Free,,20.00,20.0,600,5,0.00,,"{""creditLessThan"":0.5,""displayDescriptionOnly"":""1"",""walletId"":1,""changeGameId"":1,""mobileAppOnly"":""1""}",FREE,0.00,,DAILY,,,,0.4655348848810012,1,1
https://vip777au.com,VIP777AU,198718,<b>VIP BONUS </b>,,2,2.0,200,200,0.00,,"{""customBonus"":""manual"",""displayAngpaoText"":""0"",""displayDescriptionOnly"":""1"",""creditLessThan"":0,""fixRT"":1}",CUSTOM,0.00,,DAILY,,,,0.26503515720048193,1,1
https://rolex9.net,Rolex9,751797,Apps Daily Free,,20.00,20.0,300,10,0.00,,"{""creditLessThan"":1,""displayDescriptionOnly"":""1"",""mobileAppOnly"":""1"",""displayAngpaoText"":""1""}",FREE,0.00,,DAILY,,,,1.4818021759296418,1,1
https://truewin77.com,TRUEWIN77,,Daily Rollover Rebate,REBATE,,0.19,0,3000,,,,,,,,,,,14.708994598939544,1,1
https://onya88.com,ONYA88,181325,DOWNLOAD APP,,18.88,18.88,888,10,888.00,,"{""creditLessThan"":0.1,""displayDescriptionOnly"":""1"",""walletId"":1,""changeGameId"":1,""mobileAppOnly"":""1""}",FREE,0.00,,,,,,0.0001980131597355911,1,1
https://onya88.com,ONYA88,168312,365 FREE,,10.00,10.0,200,10,200.00,,"{""creditLessThan"":0.1,""displayDescriptionOnly"":""1"",""walletId"":1,""changeGameId"":1}",FREE,0.00,,DAILY,,,,0.005052329097779614,1,1
https://mrwin9au.com,MrWin9,88402,MY VERY FIRST FREE CREDIT AU$ 9.99,,9.99,9.99,129.99,30,0.00,,"{""displayDescriptionOnly"":""1"",""mobileAppOnly"":""0""}",FREE,0.00,,,,,,2.4220399798599614,1,1
https://supremepokies.icu,SUPREMEPOKIES,467021,<b>FREE 365 BONUS<b>,,40.00,40.0,4800,90,0.00,,"{""creditLessThan"":1,""displayDescriptionOnly"":""1"",""displayAngpaoText"":""1"",""changeGameId"":1,""walletId"":1}",FREE,0.00,,DAILY,,,,0.21670633422441268,0,1
https://supremepokies.icu,SUPREMEPOKIES,765958,<b> DAILY SOCIAL FREE<b>,,10.00,10.0,1000,80,0.00,,"{""displayAngpaoText"":""1"",""displayDescriptionOnly"":""1"",""creditLessThan"":0.1,""registerDate"":""2024-01-01"",""mobileAppOnly"":""0"",""mustJoinTelegramChannel"":""supremepokies"",""walletId"":1,""changeGameId"":1}",FREE,0.00,,DAILY,,,,0.2422401038015625,0,1
https://rr4winaus.com,RR4WIN AUS,194281,<B>365 APP FREEBIES<B>,,4.44,4.44,244.44,20,0.00,,"{""displayDescriptionOnly"":""1"",""displayAngpaoText"":""1"",""creditLessThan"":0.1,""mobileAppOnly"":""1"",""changeGameId"":1,""walletId"":1}",FREE,0.00,,DAILY,,,,0.335981879559659,1,1
https://novabet13.com,NOVABET13,449649,App Daily Bonus,,5.00,5.0,150,20,0.00,,"{""creditLessThan"":0.5,""displayDescriptionOnly"":""1"",""walletId"":1,""changeGameId"":1,""displayAngpaoText"":""1"",""mobileAppOnly"":""1""}",FREE,0.00,,DAILY,,,,0.7229546429281655,1,1
https://win7au.com,Win7ᴬᵁ,723391,Tuesday – JILI 10 Free Spins,,0.20,0.2,100,20,0.00,,"{""freeRoundAPI"":{""site"":""JILI2"",""params"":{""NumberOfRounds"":10,""BetValue"":50,""GameIds"":""77""}},""claimTime"":""N=2"",""creditLessThan"":0.01,""walletId"":1,""changeGameId"":1,""displayDescriptionOnly"":""1"",""mobileAppOnly"":""0"",""displayAngpaoText"":""0""}",FREE,0.00,,WEEKLY,,,,0.018871434707397928,1,1
https://okvip7.net,OKVip7 (AUD),208789,<b>MOBILE APP SPECIAL</b>,,17.70,17.7,277,20,0.00,,"{""creditLessThan"":0.1,""displayDescriptionOnly"":""1"",""mobileAppOnly"":""1"",""displayAngpaoText"":""0"",""walletId"":1,""changeGameId"":1}",FREE,0.00,,,,,,1.770050541170169,1,1
https://okvip7.net,OKVip7 (AUD),484119,<B>TELEGRAM FREE 77</b>,,77.00,77.0,1555,20,0.00,,"{""creditLessThan"":1,""displayDescriptionOnly"":""1"",""walletId"":1,""changeGameId"":1,""mobileAppOnly"":""0"",""displayAngpaoText"":""1"",""mustJoinTelegramChannel"":""Okvip7AuGroup""}",FREE,0.00,,,,,,1.4142473008102203,1,1
https://raptor77.win,Raptor77,146349,<b>FREE 365</b>,,4.00,4.0,100,0.05,0.00,,"{""displayDescriptionOnly"":""1"",""changeGameId"":1,""walletId"":1}",FREE,0.00,,DAILY,,,,0.014351859507490763,1,1
https://vv88aud.io,VV88 AUS,728560,WELCOME BACK FREEBIES,,100.00,100.0,2000,20,0.00,,"{""displayAngpaoText"":""0"",""walletId"":1,""changeGameId"":1,""displayDescriptionOnly"":""1""}",FREE,0.00,,MONTHLY,,,,1.4547966200963671,0,1
https://victoria77au.com,VICTORIA77 Australia Online Casino | High RTP,831275,HOURLY FREE,,3.77,3.77,250,15,0.00,,"{""creditLessThan"":0.1,""displayAngpaoText"":""1"",""walletId"":1,""changeGameId"":1,""displayDescriptionOnly"":""1"",""mobileAppOnly"":""0"",""max_round"":""1"",""initial_free_limit"":""0"",""deposit_free_limit"":""0"",""min_withdraw"":""250"",""max_withdraw"":""15"",""reset"":""DAILY""}",FREE,0.00,,HOURLY,,,,0.240063812905043,1,1
https://victoria77au.com,VICTORIA77 Australia Online Casino | High RTP,692522,REGISTER FREE,,10.00,10.0,100,20,0.00,,"{""creditLessThan"":0.1,""displayDescriptionOnly"":""1"",""walletId"":1,""changeGameId"":1,""mobileAppOnly"":""0""}",FREE,0.00,,,,,,2.9844257543630697,1,1
https://we1winau.com,We1winAU,16665,<b>We1winAU Download APP Free<b>,,20.00,20.0,200,10,0.00,,"{""mobileAppOnly"":""1"",""displayAngpaoText"":""1"",""displayDescriptionOnly"":""1"",""creditLessThan"":0.1,""walletId"":1,""changeGameId"":1}",FREE,0.00,,,,,,2.4598255150108943,1,1
https://safeau.net,SafeAu,826326,<b>Welcome Back</b>,,168.00,168.0,3000,15,0.00,,"{""creditLessThan"":0.01,""walletId"":1,""changeGameId"":1,""displayDescriptionOnly"":""1"",""displayAngpaoText"":""0""}",FREE,0.00,,,,,,1.5752023724444957,1,1
https://safeau.net,SafeAu,826325,<b>Telegram Free Premium</b>,,66.00,66.0,3000,66,0.00,,"{""walletId"":1,""changeGameId"":1,""displayAngpaoText"":""0"",""displayDescriptionOnly"":""1"",""creditLessThan"":0.1,""registerDate"":""2022-01-01"",""mustJoinTelegramChannel"":""SafeAuChannel""}",FREE,0.00,,,,,,0.7016785189575544,1,1
https://safeau.net,SafeAu,219016,<b>Daily Delights</b>,,6.66,6.66,450,15,0.00,,"{""walletId"":1,""changeGameId"":1,""creditLessThan"":0.01,""displayDescriptionOnly"":""1""}",FREE,0.00,,DAILY,,,,0.24300022756739084,1,1
https://safeau.net,SafeAu,461642,<B>DOWNLOAD APP FREE</B>,,10.00,10.0,399,15,0.00,,"{""creditLessThan"":0.01,""displayDescriptionOnly"":""1"",""displayAngpaoText"":""1"",""mobileAppOnly"":""1"",""walletId"":1,""changeGameId"":1}",FREE,0.00,,DAILY,,,,0.48195993017267924,1,1
https://inskingdom8.com,INSKINGDOM8,461126,<b>Daily Free Credit,,30.00,30.0,300,20,0.00,,"{""creditLessThan"":0.1,""displayDescriptionOnly"":""1"",""changeGameId"":1,""walletId"":1}",FREE,0.00,,DAILY,,,,3.2067087887794696,1,1
https://audplay168.com,AUDPLAY168,168745,<B>FREE 365</b>,,5.00,5.0,100,0.05,0.00,,"{""creditLessThan"":0.1,""displayDescriptionOnly"":""1"",""displayAngpaoText"":""1""}",FREE,0.00,,DAILY,,,,0.019232610012774754,0,1
https://audplay168.com,AUDPLAY168,786635,<b>✅ DAILY HOURLY FREE,,3.00,3.0,50,10,0.00,,"{""creditLessThan"":0.1,""displayDescriptionOnly"":""1"",""walletId"":1,""changeGameId"":1,""displayAngpaoText"":""1""}",FREE,0.00,,HOURLY,,,,1.1509900370660882,0,1
https://opalaud.com,OpalAUD,466906,<b>New Register Free,,388.00,388.0,5000,20,0.00,,"{""creditLessThan"":0.1,""registerDate"":""2025-01-01"",""walletId"":1,""changeGameld"":1,""displayDescriptionOnly"":""1"",""displayAngpaoText"":""0""}",FREE,0.00,,,,,,2.730799139913796,1,1
https://opalaud.com,OpalAUD,466907,<b>Daily Free AUD,,10.00,10.0,200,10,0.00,,"{""creditLessThan"":0.1,""walletId"":1,""changeGameld"":1,""displayDescriptionOnly"":""1""}",FREE,0.00,,DAILY,,,,0.9882898088054217,1,1
https://opalaud.com,OpalAUD,466923,<b>Apps Daily Free $3,,3.00,3.0,300,10,0.00,,"{""creditLessThan"":0.1,""displayDescriptionOnly"":""1"",""mobileAppOnly"":""1"",""displayAngpaoText"":""1""}",FREE,0.00,,DAILY,,,,0.12256952453992308,1,1
https://spinfortune777.com,SpinFortune777,774118,<b>JUNE DAILY FREE $25</b>,,25.00,25.0,1500,20,0.00,,"{""creditLessThan"":0.1,""walletId"":1,""changeGameId"":1,""displayDescriptionOnly"":""1"",""displayAngpaoText"":""0""}",FREE,0.00,,DAILY,,,,0.33746559849189994,1,1
https://spinfortune777.com,SpinFortune777,839859,<b>Telegram Free $17.77</b>,,17.77,17.77,1777,30,0.00,,"{""displayAngpaoText"":""1"",""displayDescriptionOnly"":""1"",""creditLessThan"":0.1,""mustJoinTelegramChannel"":""splnfortune777"",""changeGameId"":1,""walletId"":1}",FREE,0.00,,DAILY,,,,0.1965670120890628,1,1
https://ves88.com,VES88,806526,FREE APP BONUS,,8.88,8.88,588,30,0.00,,"{""creditLessThan"":0.1,""displayDescriptionOnly"":""1"",""displayAngpaoText"":""1"",""mobileAppOnly"":""1"",""changeGameId"":1,""walletId"":1}",FREE,0.00,,DAILY,,,,0.31446284287044524,0,1
https://luck77au.com,LUCK777AU,748035,<b> Download Apps Free </b>,,20.00,20.0,500,20,0.00,,"{""creditLessThan"":0.1,""displayDescriptionOnly"":""1"",""walletId"":1,""changeGameId"":1,""mobileAppOnly"":""1""}",FREE,0.00,,DAILY,,,,0.9935008859591955,1,1
https://luck77au.com,LUCK777AU,745211,<b>Luck777au Giveaway</b>,,18.00,18.0,600,10,0.00,,"{""displayDescriptionOnly"":""1"",""walletId"":1,""changeGameId"":1}",FREE,0.00,,WEEKLY,,,,0.5423876032466072,1,1
https://monoaud.com,MONOAUD,821325,Elite Welcome Access,,0.20,0.2,488,30,0.00,,"{""freeRoundAPI"":{""site"":""JILI2"",""params"":{""NumberOfRounds"":15,""BetValue"":50,""GameIds"":""696""}},""creditLessThan"":0.01,""walletId"":1,""changeGameId"":1,""displayDescriptionOnly"":""1"",""displayAngpaoText"":""0""}",CUSTOM,0.00,,,,,,0.002934672448477411,1,1
https://ig9aus.com,IG9,446590,Daily Gift (Ⅰ),,9.00,9.0,900,20,0.00,,"{""customBonus"":""manual"",""creditLessThan"":0.01,""mobileAppOnly"":""1"",""displayDescriptionOnly"":""1"",""walletId"":1,""changeGameId"":1,""fixRT"":1}",FREE,0.00,,DAILY,,,,0.16667672714905948,1,1
https://ig9aus.com,IG9,196968,Free Chips 365 Days,,2.00,2.0,150,20,0.00,,"{""mobileAppOnly"":""1"",""creditLessThan"":0.1,""fixRT"":1,""displayDescriptionOnly"":""1""}",FREE,0.00,,DAILY,,,,0.21799648452203674,1,1
https://richmama8.pro,RICHMAMA,26521,<b>New Register Free<b>,,28.88,28.88,300,30,0.00,,"{""walletId"":1,""changeGameId"":1,""displayDescriptionOnly"":""1"",""fixRT"":1}",FREE,0.00,,,,,,3.440435531677763,1,1
https://richmama8.pro,RICHMAMA,26524,Daily Free Credit,,3.00,3.0,50,30,50.00,,"{""displayDescriptionOnly"":""1"",""creditLessThan"":""0.01"",""changeGameId"":1,""walletId"":1}",FREE,0.00,,DAILY,,,,0.11928076416054614,1,1
https://richmama8.pro,RICHMAMA,26525,[App] Daily Free Credit,,5.00,5.0,100,30,100.00,,"{""mobileAppOnly"":""1"",""displayDescriptionOnly"":""1"",""creditLessThan"":""0.01"",""changeGameId"":1,""walletId"":1}",FREE,0.00,,DAILY,,,,0.030174554210380677,1,1
https://aussieaces.com,Aussieaces,703690,Ace Starter Pack,,111.00,111.0,133,30,0.00,,"{""creditLessThan"":0.5,""walletId"":1,""changeGameId"":1,""displayDescriptionOnly"":""1""}",FREE,0.00,,,,,,55.71643525085617,1,1
https://aussieaces.com,Aussieaces,703706,Hourly Free Credit,,300.00,300.0,15000,20,0.00,,"{""creditLessThan"":0.5,""walletId"":1,""changeGameId"":1,""displayDescriptionOnly"":""1""}",FREE,0.00,,HOURLY,,,,0.49411674043748477,1,1
https://aussieaces.com,Aussieaces,705267,Ace Apps Free,,31.00,31.0,930,10,0.00,,"{""creditLessThan"":0.5,""walletId"":1,""changeGameId"":1,""displayDescriptionOnly"":""1"",""mobileAppOnly"":""1""}",FREE,0.00,,DAILY,,,,0.6410479143614011,1,1
https://aussieaces.com,Aussieaces,705271,Ace 365 Free Credit,,1.00,1.0,510,20,0.00,,"{""creditLessThan"":0.5,""walletId"":1,""changeGameId"":1,""displayDescriptionOnly"":""1""}",FREE,0.00,,DAILY,10.00,,,0.019214153471083,1,1
https://aussieaces.com,Aussieaces,712670,Event Daily Free,,31.00,31.0,930,10,0.00,,"{""creditLessThan"":0.5,""walletId"":1,""changeGameId"":1,""displayDescriptionOnly"":""1""}",FREE,0.00,,DAILY,,,,0.6410479143614011,1,1
https://skyspin96.co,SKYSPIN96,19878,SHARE BONUS,,75,75.0,37500,10,0.00,,"{""walletId"":1,""changeGameId"":1,""customBonus"":""sharebonus"",""creditLessThan"":1,""displayDescriptionOnly"":""1""}",CUSTOM,0.00,,,,,,0.020135482145635843,1,1
https://skyspin96.co,SKYSPIN96,20062,CHECK-IN TUESDAY,,12.00,12.0,600,15,0.00,,"{""walletId"":1,""changeGameId"":1,""maxWithdrawTimeDeposit"":1,""creditLessThan"":1,""displayDescriptionOnly"":""1"",""claimTime"":""N=2""}",FREE,0.00,,DAILY,,,,0.3678738285062414,1,1
https://auspin168.com,Online Pokies & Casino Australia – Auspin168,,COMMISSION,COMMISSION,,0.5,,500,,,,,,,,,,,39.036629707294054,1,1
https://cashnet99.com,CASHNET,10482,[App] Daily Free Credit,,5.00,5.0,100,30,0.00,,"{""mobileAppOnly"":""1"",""changeGameId"":1,""walletId"":1}",FREE,0.00,,DAILY,,,,1.353644485871592,0,1
https://cashnet99.com,CASHNET,,COMMISSION,COMMISSION,,4.0,,1000,,,,,,,,,,,113.60584695107329,1,1
https://unitedau.com,UnitedAu,186216,<b>Download App Bonus</b>,,20.00,20.0,500,5,0.00,,"{""creditLessThan"":0.5,""displayDescriptionOnly"":""1"",""walletId"":1,""changeGameId"":1,""mobileAppOnly"":""1""}",FREE,0.00,,DAILY,,,,0.5846942029551774,1,1
https://unitedau.com,UnitedAu,835465,<b>REFRESHING FREE</b>,,88.00,88.0,600,15,0.00,,"{""creditLessThan"":0.1,""displayDescriptionOnly"":""1"",""walletId"":1,""changeGameId"":1,""displayAngpaoText"":""1""}",FREE,0.00,,WEEKLY,,,,5.0460430296218215,1,1
https://unitedau.com,UnitedAu,127107,<b>SHARE BONUS</b>,,30,30.0,600,30,0.00,,"{""customBonus"":""sharebonus"",""creditLessThan"":0.1,""startDate"":""2024-05-05"",""displayDescriptionOnly"":""1"",""displayAngpaoText"":""1"",""walletId"":1,""changeGameId"":1}",CUSTOM,0.00,,,,,,1.5207279252292714,1,1
https://umi999.com,UMI999,169085,Sign In Day 3,,22.00,22.0,33,20,0.00,,"{""walletId"":1,""changeGameId"":1,""claimTime"":""N=03"",""creditLessThan"":0.01,""fixRT"":1,""displayDescriptionOnly"":""1""}",FREE,0.00,,WEEKLY,,,,33.66547335863625,1,1
https://royale9au.com,Royale9 Jernice,753504,Checkin Wednesday,,9.00,9.0,290,15,0.00,,"{""displayDescriptionOnly"":""1"",""displayAngpaoText"":""0"",""claimTime"":""N=03"",""walletId"":1,""changeGameId"":1}",FREE,0.00,,WEEKLY,,,,0.6252401761972725,1,1
https://aud99.com,Aud99,,Daily Bet Rebate,REBATE,,0.13,,599,,,,,,,,,,,7.280502246217325,0,1
https://pokies4bet.com,POKIES4BET,,COMMISSION,COMMISSION,,0.08,,,,,,,,,,,,,5.08959221154666,1,1
https://panda95au.com,Panda95 AU,104326,Weekly Commission,,1,1.0,0,899,5,,"{""customBonus"":""commissionweek"",""creditLessThan"":0.1,""displayDescriptionOnly"":""1"",""startDate"":""2025-11-04""}",CUSTOM,5.00,,WEEKLY,,,,11.132792374613937,1,1
https://playdash.asia,PlaydashAus,23635,HOURLY FREE CREDIT $23,,23.00,23.0,500,10,0.00,,"{""creditLessThan"":0.1,""displayAngpaoText"":""0"",""walletId"":1,""changeGameId"":1,""mobileAppOnly"":""0""}",FREE,0.00,,HOURLY,,,,0.9404096862262507,1,1
https://w33aus.com,W33 Australia Online Casino | Best Online Pokies,216500,Special Daily Free Chance,,13.33,13.33,600,20,0.00,,"{""creditLessThan"":0.1,""mobileAppOnly"":""0"",""walletId"":1,""changeGameId"":1}",FREE,0.00,,DAILY,,,,0.46386148776874214,1,1
https://w33aus.com,W33 Australia Online Casino | Best Online Pokies,73748,Hourly Check In Bonus,,3.33,3.33,250,20,0.00,,"{""creditLessThan"":0.1,""mobileAppOnly"":""0"",""walletId"":1,""changeGameId"":1}",FREE,0.00,,HOURLY,,,,0.22405909295020293,1,1
https://pokiesstation.vip,POKIESSTATION,466846,<b>DOWNLOAD APPS FREE $200<b>,,200.00,200.0,40000,156,0.00,,"{""registerDate"":""2022-01-22"",""creditLessThan"":1,""displayDescriptionOnly"":""1"",""mobileAppOnly"":""1"",""walletId"":1,""changeGameId"":1}",FREE,0.00,,DAILY,,,,0.14166356878135755,0,1
https://winstar96au.com,WinStar96 E-Wallet Casino,176184,<b>Install WinStar96 Apps</b>,,19.96,19.96,399,20,0.00,,"{""mobileAppOnly"":""1"",""walletId"":1,""changeGameId"":1,""displayAngpaoText"":""0"",""displayDescriptionOnly"":""1""}",FREE,0.00,,,,,,1.3137748331175252,1,1
https://speed9.co,SPEED 9,18139,SPEED 9 APP BONUS,,3.00,3.0,100,20,0.00,,"{""creditLessThan"":1,""displayDescriptionOnly"":""1"",""mobileAppOnly"":""1"",""displayAngpaoText"":""1"",""ignoreTrxAmount"":1,""walletId"":1,""changeGameId"":1,""offUsernames"":[""1A297A70"",""10171192"",""22602165"",""10767105"",""25282079""]}",FREE,0.00,,DAILY,,,,0.6144308843868765,1,1
https://neolux.vip,NEOLUX,721982,"<b style=""color:#686A6C;"">DAY3 WEDNESDAY</b>",,20.00,20.0,1910,14.88,0.00,,"{""creditLessThan"":0.1,""walletId"":1,""claimTime"":""N=3"",""displayDescriptionOnly"":""1""}",FREE,0.00,,DAILY,,,,0.1689563455029307,1,1
https://acepokie.com,ACEPOKIE,819603,APPS USER 12PM FREE,,5.00,5.0,100,10,0.00,,"{""claimTime"":""H=12,H=13,H=14,H=15,H=16,H=17,H=18,H=19,H=20,H=21,H=22,H=23"",""displayDescriptionOnly"":""1"",""mobileAppOnly"":""1"",""changeGameId"":1,""walletId"":1}",FREE,0.00,,DAILY,,,,0.9452270845626882,1,1
https://mates88.com,MATES88,819077,DOWNLOAD APP,,18.88,18.88,188,10,188.00,,"{""creditLessThan"":0.1,""displayDescriptionOnly"":""1"",""walletId"":1,""changeGameId"":1,""mobileAppOnly"":""1"",""displayAngpaoText"":""0""}",FREE,0.00,,,,,,0.006019154114567645,1,1
https://acehighwin.com,ACEHIGHWIN,842198,<b>Mobile App Reward</b>,,20.00,20.0,600,20,0.00,,"{""displayDescriptionOnly"":""1"",""displayAngpaoText"":""1"",""mobileAppOnly"":""1"",""changeGameId"":1,""walletId"":1}",FREE,0.00,,,,,,0.7910277171153051,1,1
https://clash2win.com,CLASH2WIN,261398,<b>Recovery Appreciation Bonus</b>,,288.00,288.0,2880,20,0.00,,"{""ignoreTrxAmount"":1,""startDate"":""2026-01-01"",""creditLessThan"":0.1,""displayDescriptionOnly"":""1"",""walletId"":1,""changeGameId"":1,""displayAngpaoText"":""1"",""mobileAppOnly"":""0""}",FREE,0.00,,,,,,3.68565607848935,1,1
https://clash2win.com,CLASH2WIN,258012,<b>Grand Opening Bonus</b>,,58.00,58.0,174,20,0.00,,"{""displayDescriptionOnly"":""1"",""creditLessThan"":0.1,""walletId"":1,""changeGameId"":1,""displayAngpaoText"":""0""}",FREE,0.00,,,,,,15.06487272757253,1,1
https://clash2win.com,CLASH2WIN,10114,<b>Daily Free Bonus</b>,,30.00,30.0,300,10,0.00,,"{""displayDescriptionOnly"":""1"",""creditLessThan"":0.1,""mobileAppOnly"":""0"",""walletId"":1,""changeGameId"":1}",FREE,0.00,,DAILY,,,,2.5256348091180696,1,1
https://clash2win.com,CLASH2WIN,10040,<b>Clash2Win App Bonus</b>,,30.00,30.0,300,10,0.00,,"{""creditLessThan"":0.5,""displayDescriptionOnly"":""1"",""displayAngpaoText"":""1"",""walletId"":1,""changeGameId"":1,""mobileAppOnly"":""1""}",FREE,0.00,,,,,,2.5256348091180696,1,1
https://skycity88au.com,SKYCITY88,805814,DAILY HOUR FREE,,3.00,3.0,90,10,75.00,,"{""creditLessThan"":0.1,""displayDescriptionOnly"":""1"",""displayAngpaoText"":""1"",""changeGameId"":1,""walletId"":1}",FREE,0.00,,HOURLY,,,,0.036971094913265716,1,1
https://skycity88au.com,SKYCITY88,713242,DOWNLOAD APP,,18.88,18.88,588,10,288.00,,"{""creditLessThan"":0.1,""displayDescriptionOnly"":""1"",""mobileAppOnly"":""1"",""displayAngpaoText"":""1"",""changeGameId"":1,""walletId"":1}",FREE,0.00,,,,,,0.0023850900656746305,1,1
https://southern9.com,SOUTHERN9,262040,APP DOWNLOAD BONUS,,15.00,15.0,750,20,0.00,,"{""creditLessThan"":1,""walletId"":1,""changeGameId"":1,""displayDescriptionOnly"":""1"",""displayAngpaoText"":""0"",""mobileAppOnly"":""1""}",FREE,0.00,,DAILY,,,,0.4099127212306195,1,1
https://southern9.com,SOUTHERN9,21644,DOWNLINE REGISTER GET,,2,2.0,40,10,0.00,,"{""customBonus"":""sharebonus"",""creditLessThan"":0.01,""startDate"":""2025-01-20"",""displayAngpaoText"":""1"",""displayDescriptionOnly"":""1"",""fixRT"":1}",CUSTOM,0.00,,,,,,0.8959826648794043,1,1
https://richpapa8.vip,RichPapa,261188,<b>DOWNLOAD APP GIVE FREE SPIN<b>,,0.10,0.1,100,10,0.00,,"{""freeRoundAPI"":{""site"":""BNG2"",""params"":{""campaign"":""BNG free spin"",""total_rounds"":30,""game_id"":""496"",""bonus_type"":""FIXED_FREEBET"",""total_bet"":0.2,""round_bet"":0.2}},""displayDescriptionOnly"":""1"",""creditLessThan"":""0.01"",""displayAngpaoText"":""0"",""startDate"":""2026-03-23"",""walletId"":1,""changeGameId"":1,""mobileAppOnly"":""1""}",FREE,0.00,,,,,,0.006202764220146792,1,1
https://uwin33au.com,UWIN33AU,132107,HOURLY FREE CREDIT $33,,33.00,33.0,500,10,0.00,,"{""displayAngpaoText"":""0"",""creditLessThan"":0.05,""displayDescriptionOnly"":""0"",""walletId"":1,""changeGameId"":1}",FREE,0.00,,HOURLY,,,,1.5117368338480892,1,1
https://amg33.com,AMG33,702013,<b>Signup Free Gift</b>,,13.00,13.0,260,10,0.00,,"{""creditLessThan"":1,""displayDescriptionOnly"":""1"",""displayAngpaoText"":""0"",""walletId"":1,""changeGameId"":1}",FREE,0.00,,,,,,1.0054230899766459,1,1
https://amg33.com,AMG33,704487,<b>Daily Free Gift</b>,,33.33,33.33,666.6,10,0.00,,"{""creditLessThan"":1,""walletId"":1,""changeGameId"":1,""displayDescriptionOnly"":""1"",""displayAngpaoText"":""1"",""mobileAppOnly"":""1""}",FREE,0.00,,DAILY,,,,1.0691474880403462,1,1
https://amg33.com,AMG33,742478,<b>Earn Coins Bonus</b>,,100.33,100.33,101.33,20,0.00,,"{""creditLessThan"":1,""walletId"":1,""changeGameId"":1,""displayDescriptionOnly"":""1"",""displayAngpaoText"":""1"",""mobileAppOnly"":""1""}",FREE,0.00,,DAILY,,,,60.7846009530904,1,1
https://amg33.com,AMG33,742469,<b>Download APP Free</b>,,20.00,20.0,400,13,0.00,,"{""creditLessThan"":0.5,""displayDescriptionOnly"":""1"",""mobileAppOnly"":""1"",""displayAngpaoText"":""1"",""ignoreTrxAmount"":1,""walletId"":1,""changeGameId"":1}",FREE,0.00,,DAILY,,,,1.138244133465889,1,1
https://amplay8.com,ASKMEPLAY,250013,<b>Daily Free Credit<b>,,3.00,3.0,100,30,0.00,,"{""creditLessThan"":0.2,""mobileAppOnly"":""0"",""displayAngpaoText"":""1"",""displayDescriptionOnly"":""1"",""changeGameId"":1,""walletId"":1}",FREE,0.00,,DAILY,,,,0.6930307915887012,1,1
https://amplay8.com,ASKMEPLAY,251843,<b>[App] Daily Free Credit<b>,,5.00,5.0,100,30,0.00,,"{""mobileAppOnly"":""1"",""displayDescriptionOnly"":""1"",""changeGameId"":1,""walletId"":1}",FREE,0.00,,DAILY,,,,1.353644485871592,1,1
https://h4winaus.com,H4WIN E-Wallet Casino,173604,<b>365 DAY APP FREE</b>,,4.00,4.0,244,20,0.00,,"{""displayDescriptionOnly"":""1"",""mobileAppOnly"":""1"",""creditLessThan"":0.1,""changeGameId"":1,""walletId"":1}",FREE,0.00,,DAILY,,,,0.2936687881568223,0,1
https://trust88au.com,ITRUST88,165605,<B>Daily Free Credit,,20.00,20.0,300,15,0.00,,"{""creditLessThan"":0.1,""displayDescriptionOnly"":""1"",""changeGameId"":1,""walletId"":1}",FREE,0.00,,DAILY,,,,1.713347554490281,1,1
https://trust88au.com,ITRUST88,833316,<b>Hourly Free Credit,,5.00,5.0,50,10,0.00,,"{""creditLessThan"":0.1,""displayDescriptionOnly"":""1"",""changeGameId"":1,""walletId"":1}",FREE,0.00,,HOURLY,,,,2.248141548510455,1,1
https://royalaud.com,ROYAL77,822444,<b>⭐Hourly Reward,,5.00,5.0,100,10,0.00,,"{""creditLessThan"":0.1,""displayAngpaoText"":""1"",""displayDescriptionOnly"":""1"",""changeGameId"":1,""walletId"":1}",FREE,0.00,,HOURLY,,,,0.9452270845626882,1,1
https://royalaud.com,ROYAL77,167842,<b>Daily Ultra Free</b>,,30.00,30.0,600,10,0.00,,"{""creditLessThan"":0.1,""walletId"":1,""changeGameId"":1,""displayDescriptionOnly"":""1""}",FREE,0.00,,DAILY,,,,1.0618986286136922,1,1
https://royalaud.com,ROYAL77,187441,<b>Android Download Free</b>,,10.00,10.0,600,10,0.00,,"{""creditLessThan"":0.5,""displayDescriptionOnly"":""1"",""walletId"":1,""changeGameId"":1,""mobileAppOnly"":""1""}",FREE,0.00,,DAILY,,,,0.2503126214987163,1,1
https://royalaud.com,ROYAL77,741875,<b>Subscribe Bonus</b>,,30.00,30.0,200,10,0.00,,"{""displayAngpaoText"":""0"",""displayDescriptionOnly"":""1"",""creditLessThan"":0.1,""mustJoinTelegramChannel"":""COMPANYSPEEDAU"",""walletId"":1,""changeGameId"":1}",FREE,0.00,,,,,,4.192611568525111,1,1
https://wow11.site,WOW11,715673,<b>Download App Bonus</b>,,15.00,15.0,200,15,0.00,,"{""creditLessThan"":""0.01"",""displayDescriptionOnly"":""1"",""displayAngpaoText"":""1"",""mobileAppOnly"":""1"",""walletId"":1,""changeGameId"":1}",FREE,0.00,,DAILY,,,,1.9480349948557294,1,1
https://wow11.site,WOW11,814539,<b>TELEGRAM EVENT</b>,,200.00,200.0,2000,15,0.00,,"{""creditLessThan"":""0.01"",""mustJoinTelegramChannel"":""wow11official"",""walletId"":1,""changeGameId"":1,""displayDescriptionOnly"":""1""}",FREE,0.00,,,,,,3.2855111592438164,1,1
https://webo98.com,WEBO98,807386,<b>HOURLY FREE COIN</b>,,5.00,5.0,120,5,0.00,,"{""creditLessThan"":0.1,""changeGameid"":1,""displayDescriptionOnly"":""1"",""changeGameId"":1,""walletId"":1}",FREE,0.00,,HOURLY,,,,0.5623531040495878,1,1
https://webo98.com,WEBO98,811210,<b>NEW JOIN TELEGRAM BONUS</b>,,5.00,5.0,150,20,0.00,,"{""mustJoinTelegramChannel"":""WEBO98BEST"",""displayDescriptionOnly"":""1"",""creditLessThan"":0.1,""walletId"":1,""changeGameId"":1,""displayAngpaoText"":""0""}",FREE,0.00,,,,,,0.7229546429281655,1,1
https://pp99au.com,PP99,16504,PP99 REBATE BALANCE REDEMPTION,,5,5.0,288.88,50,0.00,,"{""customBonus"":""manual"",""maxWithdrawTimeAmount"":1,""fixRT"":1,""displayDescriptionOnly"":""1"",""showIfAmount"":1}",CUSTOM,0.00,,,,,,0.41153175404209363,1,1
https://pp99au.com,PP99,28753,APPS DAILY FREE,,30.00,30.0,600,20,0.00,,"{""creditLessThan"":1,""walletId"":1,""changeGameId"":1,""displayDescriptionOnly"":""1"",""displayAngpaoText"":""1"",""mobileAppOnly"":""1""}",FREE,0.00,,DAILY,,,,1.3482549626236184,1,1
https://aud99.live,Aud99,,Rollover Rebate,REBATE,,0.13,,,,,,,,,,,,,9.37437321113813,0,1
https://peakbet.co,PEAKBET,739542,No Deposit Bonus,,7.77,7.77,277,27,0.00,,"{""displayDescriptionOnly"":""1"",""walletId"":1,""changeGameId"":1,""creditLessThan"":0.1,""displayAngpaoText"":""0"",""mobileAppOnly"":""1""}",FREE,0.00,,,,,,0.6559465394293464,1,1
https://richpokies.co,RICHPOKIES,754377,<b>EVENT BONUS FREE<b>,,150.00,150.0,15000,85,0.00,,"{""displayDescriptionOnly"":""1"",""displayAngpaoText"":""1"",""creditLessThan"":1,""walletId"":1,""changeGameId"":1}",FREE,0.00,,DAILY,,,,0.29177707645540835,1,1
https://br8aud.net,BR8,192796,Free Chips 365 Days,,2.00,2.0,138,20,0.00,,"{""offUsernames"":[""251058598""],""mobileAppOnly"":""1"",""creditLessThan"":0.1,""fixRT"":1,""displayDescriptionOnly"":""1""}",FREE,0.00,,DAILY,,,,0.24194391613434243,1,1
https://br8aud.net,BR8,449400,Daily Gift (Ⅰ),,8.00,8.0,588,20,0.00,,"{""customBonus"":""manual"",""creditLessThan"":0.01,""mobileAppOnly"":""1"",""displayDescriptionOnly"":""1"",""walletId"":1,""changeGameId"":1,""fixRT"":1}",FREE,0.00,,DAILY,,,,0.2430474443645625,1,1
https://okbet789.co,Okbet789 Online Casino Australia,210363,<b>NEW REGISTER BONUS</b>,,78.00,78.0,780,20,0.00,,"{""creditLessThan"":0.1,""displayDescriptionOnly"":""1"",""mobileAppOnly"":""0"",""displayAngpaoText"":""0"",""walletId"":1,""changeGameId"":1}",FREE,0.00,,,,,,3.4074024000809477,1,1
https://okbet789.co,Okbet789 Online Casino Australia,210407,<b>APP Download Bonus $89</b>,,89.00,89.0,890,20,0.00,,"{""startDate"":""2025-03-01"",""creditLessThan"":0.2,""displayDescriptionOnly"":""1"",""mobileAppOnly"":""1"",""displayAngpaoText"":""0"",""walletId"":1,""changeGameId"":1}",FREE,0.00,,,,,,3.4353702083038193,1,1
https://aviator96.com,Aviator96,830214,ARVO DROP,,5.99,5.99,240,10,0.00,,"{""maxRoundTargetAll"":1,""creditLessThan"":0.5,""ignoreTrxAmount"":1,""displayDescriptionOnly"":""1"",""walletId"":1,""changeGameId"":1,""claimTime"":""H=14,H=16""}",FREE,0.00,,DAILY,,,,0.40114361961317074,1,1
https://keno99.com,Keno99,690698,<b>Daily Free Point</b>,,3200.00,3200.0,0,15,64000.00,,"{""creditLessThan"":1,""mobileAppOnly"":""0"",""walletId"":1,""changeGameId"":1,""displayAngpaoText"":""1"",""displayDescriptionOnly"":""1""}",FREE,0.00,,DAILY,,,,2.0881815322696407e-08,1,1
https://keno99.com,Keno99,690699,<b>Earn Point Bonus</b>,,198.00,198.0,238,10,0.00,,"{""creditLessThan"":1,""mobileAppOnly"":""0"",""walletId"":1,""changeGameId"":1,""displayAngpaoText"":""1"",""displayDescriptionOnly"":""1""}",FREE,0.00,,DAILY,,,,40.12357847203428,1,1
https://aus2u.com,Aus2u,160318,WEDNESDAY FREE $$$,,8.00,8.0,320,15,0.00,,"{""mobileAppOnly"":""1"",""claimTime"":""N=03"",""displayAngpaoText"":""0"",""displayDescriptionOnly"":""1"",""walletId"":1,""changeGameId"":1,""creditLessThan"":0.1}",FREE,0.00,,WEEKLY,,,,0.47352347797375643,1,1
https://pokiesboss.com,POKIESBOSS,837314,SPIN FREE x10 TODAY,,0.20,0.2,100,5,0.00,,"{""startDate"":""2026-07-15"",""freeRoundAPI"":{""site"":""JILI2"",""params"":{""NumberOfRounds"":10,""BetValue"":100,""GameIds"":""103""}},""creditLessThan"":0.01,""displayDescriptionOnly"":""1"",""walletId"":1,""changeGameId"":1,""displayAngpaoText"":""1"",""mobileAppOnly"":""1""}",CUSTOM,0.00,,DAILY,30.00,99.99,,0.011106198928257307,1,1
https://pokiesboss.com,POKIESBOSS,842054,NO DEPOSIT BONUS,,15.00,15.0,350,10,0.00,,"{""displayDescriptionOnly"":""1"",""mobileAppOnly"":""0"",""displayAngpaoText"":""1"",""creditLessThan"":0.1,""changeGameId"":1,""walletId"":1}",FREE,0.00,,,,,,0.8370356448415754,1,1
https://on9au.com,ON9 AUS,813633,"<b style=""color:#E7D7AA;""> SUBSCRIBE TELEGRAM</b>",,30.00,30.0,300,20,0.00,,"{""customBonus"":""manual"",""creditLessThan"":0.5,""displayDescriptionOnly"":""1"",""walletId"":1,""changeGameId"":1,""mobileAppOnly"":""0"",""mustJoinTelegramChannel"":""ON9AUSC""}",FREE,0.00,,,,,,3.2067087887794696,1,1
https://winfortune777.com,WinFortune777,833762,Hourly Get Bonus,,7.77,7.77,377,15,0.00,,"{""depositTarget"":""2"",""depositTargetReset"":""HOURLY"",""creditLessThan"":0.1,""displayDescriptionOnly"":""1"",""displayAngpaoText"":""1"",""walletId"":1,""changeGameId"":1}",FREE,0.00,,HOURLY,,,,0.3712746294200551,1,1
https://winshark88.com,WinShark88 Casino Australia,734287,<b>iOS & Android App Bonus</b>,,68.00,68.0,1368,20,0.00,,"{""creditLessThan"":1,""displayDescriptionOnly"":""1"",""mobileAppOnly"":""1"",""walletId"":1,""changeGameId"":1}",FREE,0.00,,,,,,1.410052404106447,1,1
https://winshark88.com,WinShark88 Casino Australia,803293,<b>UUslot Spin</b>,,18.00,18.0,520,20,0.00,,"{""creditLessThan"":1,""startDate"":""2026-4-6"",""displayDescriptionOnly"":""1"",""walletId"":1,""changeGameId"":1}",FREE,0.00,,WEEKLY,,,,0.8235379287825826,1,1
https://spincrown33.com,SpinCrown33,452359,<b>Day 4 (Thursday)</b>,,10.00,10.0,1000,10,0.00,,"{""claimTime"":""N=4"",""creditLessThan"":0.01,""walletId"":1,""changeGameId"":1,""showIfAmount"":1,""displayDescriptionOnly"":""1""}",FREE,0.00,,WEEKLY,,,,0.1321818456291255,1,1
https://spincrown33.com,SpinCrown33,839516,<b>Hourly Free</b>,,7.77,7.77,777,10,0.00,,"{""displayDescriptionOnly"":""1"",""displayAngpaoText"":""1"",""walletId"":1,""changeGameld"":1,""creditLessThan"":0.1,""resetHour"":1,""changeGameId"":1}",FREE,0.00,,HOURLY,,,,0.13002906709807618,0,1
https://spinup77.com,SPINUP77,151143,<b>Daily Free</b>,,27.00,27.0,577,10,0.00,,"{""creditLessThan"":0.1,""displayDescriptionOnly"":""1"",""ignoreTrxAmount"":1,""changeGameId"":1,""walletId"":1}",FREE,0.00,,DAILY,,,,0.9708184036084225,1,1
https://spinup77.com,SPINUP77,151127,<b>Download App Bonus</b>,,27.00,27.0,577,10,0.00,,"{""creditLessThan"":0.1,""displayDescriptionOnly"":""1"",""displayAngpaoText"":""1"",""mobileAppOnly"":""1"",""ignoreTrxAmount"":1,""changeGameId"":1,""walletId"":1}",FREE,0.00,,DAILY,,,,0.9708184036084225,1,1
https://speedaud.com,SpeedAUD,166558,1+1 X SPEEDAUD 369$,,369.00,369.0,7380,18,0.00,,"{""displayAngpaoText"":""0"",""displayDescriptionOnly"":""1"",""walletId"":1,""changeGameId"":1,""creditLessThan"":0.1}",FREE,0.00,,DAILY,,,,1.5202404984199054,1,1
https://speedaud.com,SpeedAUD,166581,THURSDAY FREE $$$,,6.00,6.0,320,15,0.00,,"{""mobileAppOnly"":""1"",""claimTime"":""N=04"",""displayAngpaoText"":""0"",""displayDescriptionOnly"":""1"",""walletId"":1,""changeGameId"":1,""creditLessThan"":0.1}",FREE,0.00,,WEEKLY,,,,0.3244392412489583,1,1
https://spaceman369.com,SPACEMAN369,701378,<b>Welcome Back▶️</b>,,28.00,28.0,600,20,0.00,,"{""creditLessThan"":0.5,""displayAngpaoText"":""1"",""displayDescriptionOnly"":""1"",""walletId"":1,""changeGameld"":1}",FREE,0.00,,WEEKLY,,,,1.231334055770084,1,1
https://spaceman369.com,SPACEMAN369,199141,<b>Download Apps Spaceman369</b>,,20.00,20.0,500,5,0.00,,"{""creditLessThan"":0.5,""displayDescriptionOnly"":""1"",""walletId"":1,""changeGameId"":1,""mobileAppOnly"":""1""}",FREE,0.00,,DAILY,,,,0.5846942029551774,1,1
https://spaceman369.com,SPACEMAN369,130912,<B>Lucky Box Bonus</b>,,10.00,10.0,600,20,0.00,,"{""fixRT"":1,""creditLessThan"":0.1,""walletId"":1,""changeGameld"":1,""displayDescriptionOnly"":""1""}",FREE,0.00,,DAILY,,,,0.3178130426475439,1,1
https://spaceman369.com,SPACEMAN369,130923,<B>SHARE BONUS</b>,,60,60.0,1200,30,0.00,,"{""customBonus"":""sharebonus"",""creditLessThan"":0.1,""startDate"":""2024-05-05"",""displayDescriptionOnly"":""1"",""displayAngpaoText"":""1"",""walletId"":1,""changeGameId"":1}",CUSTOM,0.00,,,,,,1.589595688650844,1,1
https://acehighwin.com,ACEHIGHWIN,843370,<b>Appreciation Reward</b>,,28.00,28.0,300,18,0.00,,"{""creditLessThan"":0.1,""registerBeforeDate"":""2026-07-30"",""displayDescriptionOnly"":""1"",""changeGameId"":1,""walletId"":1}",FREE,0.00,,,,,,2.8323489954108525,1,1
https://aus2u.com,Aus2u,160320,FRIDAY FREE $$$,,8.00,8.0,320,15,0.00,,"{""mobileAppOnly"":""1"",""claimTime"":""N=05"",""displayAngpaoText"":""0"",""displayDescriptionOnly"":""1"",""walletId"":1,""changeGameId"":1,""creditLessThan"":0.1}",FREE,0.00,,WEEKLY,,,,0.47352347797375643,0,1
https://bizzo88.com,BIZZO88,460876,App Download,,18.88,18.88,488,18,0.00,,"{""creditLessThan"":0.1,""displayDescriptionOnly"":""1"",""walletId"":1,""changeGameId"":1,""mobileAppOnly"":""1""}",FREE,0.00,,,,,,0.9181553535791852,1,1
https://bondi333.com,BONDI333,806527,<b>Daily Free $30</b>,,30.00,30.0,1500,20,0.00,,"{""creditLessThan"":0.1,""displayDescriptionOnly"":""1"",""walletId"":1,""changeGameId"":1,""displayAngpaoText"":""0""}",FREE,0.00,,DAILY,,,,0.4288910826757911,1,1
https://cyberpunk369.com,CYBERPUNK369,16442,<b>Check-in Bonus FRIDAY</b>,,8.00,8.0,100,8,0.00,,"{""claimTime"":""N=5"",""displayDescriptionOnly"":""1"",""displayAngpaoText"":""0"",""creditLessThan"":0.1,""walletId"":1,""changeGameId"":1}",FREE,0.00,,WEEKLY,,,,1.6060830013161906,1,1
https://glbet9.com,GLBET9,698799,<b>TGIF FORTUNE FREE BONUS</b>,,8.88,8.88,800,20,0.00,,"{""displayDescriptionOnly"":""1"",""mobileAppOnly"":""1"",""startDate"":""2025-01-01"",""creditLessThan"":0.1,""displayAngpaoText"":""1"",""walletId"":1,""changeGameId"":1,""claimTime"":""N=05""}",FREE,0.00,,WEEKLY,,,,0.18973568373457492,1,1
https://glorya77.com,GLORYA77,162604,Sign In Day 5,,25.00,25.0,37,20,0.00,,"{""walletId"":1,""changeGameId"":1,""claimTime"":""N=05"",""creditLessThan"":0.01,""fixRT"":1,""displayDescriptionOnly"":""1""}",FREE,0.00,,WEEKLY,,,,34.52164051855226,1,1
https://ione8aus.com,iOne8,,COMMISSION,COMMISSION,,8.13,,588,,,,,,,,,,,109.69798028638728,1,1
https://le88win.com,LEBET88 AUSTRALIA,482326,365 DAYS APP FREE,,188.00,188.0,1888,20,0.00,,"{""mobileAppOnly"":""1"",""creditLessThan"":0.1,""displayAngpaoText"":""1"",""walletId"":1,""changeGameId"":1,""displayDescriptionOnly"":""1""}",FREE,0.00,,DAILY,,,,3.575516543537895,1,1
https://mpokies.com,Mpokies,811718,EVENING SESSION,,3.99,3.99,100,10,0.00,,"{""creditLessThan"":0.1,""claimTime"":""H=19,H=20,H=21"",""displayDescriptionOnly"":""1"",""mobileAppOnly"":""0"",""changeGameId"":1,""walletId"":1}",FREE,0.00,,DAILY,,,,0.7030415197546854,1,1
https://neolux.vip,NEOLUX,721984,"<b style=""color:#686A6C;"">DAY5 FRIDAY</b>",,40.00,40.0,3520,14.88,0.00,,"{""creditLessThan"":0.1,""walletId"":1,""claimTime"":""N=5"",""displayDescriptionOnly"":""1""}",FREE,0.00,,DAILY,,,,0.19574476378062355,1,1
https://play77au.com,PLAY77,16066,DAILY CHECK IN : DAY 5,,4.00,4.0,100,10,0.00,,"{""claimTime"":""N=5"",""creditLessThan"":0.1,""maxRoundTargetAll"":500,""displayAngpaoText"":""0"",""walletId"":1,""changeGameId"":1,""displayDescriptionOnly"":""1""}",FREE,0.00,,DAILY,,,,0.7053523318628149,1,1
https://reef33.vip,Reef33,806508,<b>Daily Free 30 </b>,,30.00,30.0,1000,20,0.00,,"{""creditLessThan"":0.1,""displayDescriptionOnly"":""1"",""displayAngpaoText"":""0"",""changeGameId"":1,""walletId"":1}",FREE,0.00,,DAILY,,,,0.7119690100769908,1,1
https://royale9au.com,Royale9 Jernice,753506,Checkin Friday,,8.00,8.0,290,15,0.00,,"{""displayDescriptionOnly"":""1"",""displayAngpaoText"":""0"",""claimTime"":""N=05"",""walletId"":1,""changeGameId"":1}",FREE,0.00,,WEEKLY,,,,0.5355271486208287,1,1
https://select777.net,SELECT777,171520,<b>FRIDAY</b>,,40.00,40.0,3520,14.88,0.00,,"{""creditLessThan"":0.1,""walletId"":1,""claimTime"":""N=5"",""displayDescriptionOnly"":""1""}",FREE,0.00,,DAILY,,,,0.19574476378062355,1,1
https://skyspin96.co,SKYSPIN96,20065,CHECK-IN FRIDAY,,20.00,20.0,600,15,0.00,,"{""walletId"":1,""changeGameId"":1,""maxWithdrawTimeDeposit"":1,""creditLessThan"":1,""displayDescriptionOnly"":""1"",""claimTime"":""N=5""}",FREE,0.00,,DAILY,,,,0.7203739083272979,1,1
https://starspin996.com,StarSpin996,786863,<b>Starspin996 APP BONUS</b>,,20.00,20.0,400,20,0.00,,"{""creditLessThan"":1,""displayDescriptionOnly"":""1"",""mobileAppOnly"":""1"",""displayAngpaoText"":""1"",""ignoreTrxAmount"":1,""startDate"":""2026-03-09""}",FREE,0.00,,DAILY,30.00,,,1.313124108769993,1,1
https://tab9au.com,TAB9AU,240579,<b>TAB9AU LUCKY #R</b>,,188.00,188.0,13888,10,0.00,,"{""creditLessThan"":0.1,""displayAngpaoText"":""1"",""displayDescriptionOnly"":""1"",""walletId"":1,""changeGameId"":1}",FREE,0.00,,DAILY,,,,0.2324623784030527,1,1
https://tiger88.games,TIGER88,137568,<b>Daily Free</b>,,20.00,20.0,1000,20.08,0.00,,"{""displayDescriptionOnly"":""1"",""walletId"":1,""changeGameId"":1,""creditLessThan"":0.1}",FREE,0.00,,DAILY,,,,0.4182373493869946,1,1
https://umi999.com,UMI999,169087,Sign In Day 5,,24.00,24.0,35,20,0.00,,"{""walletId"":1,""changeGameId"":1,""claimTime"":""N=05"",""creditLessThan"":0.01,""fixRT"":1,""displayDescriptionOnly"":""1""}",FREE,0.00,,WEEKLY,,,,35.070573992962686,1,1
https://w33aus.com,W33 Australia Online Casino | Best Online Pokies,215961,Ultimate Free Friday,,33.33,33.33,2000,30,0.00,,"{""claimTime"":""N=05"",""walletId"":1,""changeGameId"":1,""mobileAppOnly"":""0""}",FREE,0.00,,WEEKLY,,,,0.3877485862729031,1,1
https://yayawin.com,YAYAWIN,,COMMISSION,COMMISSION,,1.8,,888,,,,,,,,,,,106.72115166116716,1,1
https://decho34.com,Decho34,844318,"<b style=""colour:white"">Welcome Back Bonus",,34.00,34.0,340,20,0.00,,"{""creditLessThan"":0.01,""displayDescriptionOnly"":""1"",""mobileAppOnly"":""0"",""changeGameId"":1,""walletId"":1}",FREE,0.00,,,,,,3.2327455319769243,1,1
https://acepokie.com,ACEPOKIE,819605,APPS USER 12AM FREE,,5.00,5.0,100,10,0.00,,"{""claimTime"":""H=00,H=01,H=02,H=03,H=04,H=05,H=06,H=07,H=08,H=09,H=10,H=11"",""displayDescriptionOnly"":""1"",""mobileAppOnly"":""1"",""changeGameId"":1,""walletId"":1}",FREE,0.00,,DAILY,,,,0.9452270845626882,1,1
https://play77au.com,PLAY77,16061,DAILY CHECK IN : DAY 1,,2.00,2.0,100,10,0.00,,"{""claimTime"":""N=1"",""creditLessThan"":0.1,""maxRoundTargetAll"":500,""displayAngpaoText"":""0"",""walletId"":1,""changeGameId"":1,""displayDescriptionOnly"":""1""}",FREE,0.00,,DAILY,,,,0.2850195147445152,1,1
https://skyspin96.co,SKYSPIN96,20067,CHECK-IN SUNDAY,,28.00,28.0,600,15,0.00,,"{""walletId"":1,""changeGameId"":1,""maxWithdrawTimeDeposit"":1,""creditLessThan"":1,""displayDescriptionOnly"":""1"",""claimTime"":""N=7""}",FREE,0.00,,DAILY,,,,1.1213525228248111,1,1
https://h4winau.com,H4WIN E-Wallet Casino,173604,<b>H4WIN APP FREE</b>,,4.00,4.0,244,20,0.00,,"{""displayDescriptionOnly"":""1"",""mobileAppOnly"":""1"",""creditLessThan"":0.1,""changeGameId"":1,""walletId"":1}",FREE,0.00,,DAILY,,,,0.2936687881568223,0,1
https://unitedau.com,UnitedAu,198839,<b>Day 1 (Monday),,10.00,10.0,1000,20.33,0.00,,"{""claimTime"":""N=1"",""creditLessThan"":0.1,""mobileAppOnly"":""1"",""walletId"":1,""changeGameId"":1}",FREE,0.00,,WEEKLY,,,,0.16868609372923096,0,1
https://umi999.com,UMI999,169082,Sign In Day 1,,20.00,20.0,31,20,0.00,,"{""walletId"":1,""changeGameId"":1,""claimTime"":""N=01"",""creditLessThan"":0.01,""fixRT"":1,""displayDescriptionOnly"":""1""}",FREE,0.00,,WEEKLY,,,,32.11283492710146,1,1
https://sydspin.org,Sydspin,444538,Weekly Commission,,5.6,5.6,0,888,28,,"{""customBonus"":""commissionweek"",""startDate"":""2025-04-24"",""displayDescriptionOnly"":""1"",""displayAngpaoText"":""0""}",CUSTOM,5.00,,WEEKLY,,,,0.7375826605247999,1,1
https://mpokies.com,Mpokies,811721,LATE NIGHT SESSION,,3.99,3.99,100,10,0.00,,"{""creditLessThan"":0.1,""claimTime"":""H=23,H=00,H=01"",""displayDescriptionOnly"":""1"",""mobileAppOnly"":""0"",""changeGameId"":1,""walletId"":1}",FREE,0.00,,DAILY,,,,0.7030415197546854,1,1
https://raabet9.com,Raabet9,444570,Weekly Commission,,12.5,12.5,0,888,62.5,,"{""customBonus"":""commissionweek"",""startDate"":""2025-04-24"",""displayDescriptionOnly"":""1"",""displayAngpaoText"":""0""}",CUSTOM,5.00,,WEEKLY,,,,0.16568785441611458,1,1
https://rolex9.net,Rolex9,124187,Free Chips,,10.00,10.0,100,20,0.00,,"{""mobileAppOnly"":""0"",""registerDate"":""2024-04-01"",""creditLessThan"":1,""displayDescriptionOnly"":""1""}",FREE,0.00,,MONTHLY,,,,2.9844257543630697,1,1
https://cbr8aus.com,CBR8,,COMMISSION,COMMISSION,,64.14,,388,,,,,,,,,,,117.24760009801676,1,1
https://panda95au.com,Panda95 AU,160915,VIP Monthly Bonus,,8.00,8.0,50,16,50.00,,"{""maxWithdrawTimeAmount"":1,""userTag"":{""bonusFixed"":{""VIP"":{""Bronze"":88,""Silver"":188,""Gold"":288,""Platinum"":388,""Diamond"":888}}},""displayDescriptionOnly"":""1""}",FREE,0.00,,MONTHLY,,,,0.10459954188003007,1,1
https://ufo9.asia,UFO9,798777,<b>ᴡᴇᴇᴋʟʏ ꜱɪʟᴠᴇʀ ꜰʀᴇᴇ</b>,,10,10.0,0,75,30.00,,"{""userTag"":{""bonusFixed"":{""VIP"":{""1"":0,""2"":10,""3"":0,""4"":0,""5"":0}},""onlyFor"":""VIP""},""displayDescriptionOnly"":""1"",""creditLessThan"":0.1}",FREE,0.00,,WEEKLY,,,,0.4300921008946393,1,1
https://dd8au.com,DD8AU,126520,WEEKLY DOWNLINE COMMISION,,15,15.0,30,150,0.00,,"{""customBonus"":""commission"",""creditLessThan"":0.1,""startDate"":""2024-05-01"",""maxWithdrawTimeAmount"":1,""displayDescriptionOnly"":""1""}",CUSTOM,5.00,,WEEKLY,,,,37.76291860286701,1,1
https://speedaud.com,SpeedAUD,166578,MONDAY FREE $$$,,14.00,14.0,380,15,0.00,,"{""mobileAppOnly"":""1"",""claimTime"":""N=01"",""displayAngpaoText"":""0"",""displayDescriptionOnly"":""1"",""walletId"":1,""changeGameId"":1,""creditLessThan"":0.1}",FREE,0.00,,WEEKLY,,,,0.797506516507835,1,1
https://w33aus.com,W33 Australia Online Casino | Best Online Pokies,843654,Renew Free Credit BNG & JILI,,20.00,20.0,600,20,0.00,,"{""customBonus"":""manual"",""walletId"":1,""changeGameId"":1,""creditLessThan"":0.1}",FREE,0.00,,,,,,0.7910277171153051,1,1
https://vvip15au.com,VVIP15 Australia Online Casino,,COMMISSION,COMMISSION,,46.41,,888,,,,,,,,,,,130.79417301140225,1,1
https://auslot7.com,BngWin7,446361,<b>FREE 365 BONUS<b>,,12.00,12.0,1200,90,0.00,,"{""creditLessThan"":1,""displayDescriptionOnly"":""1"",""displayAngpaoText"":""1"",""changeGameId"":1,""walletId"":1}",FREE,0.00,,DAILY,,,,0.2516432271573667,1,1
https://sugar96.com,Sugar96,,COMMISSION,COMMISSION,,1.0,,,,,,,,,,,,,125.98454465405679,1,1
https://skyspin96.co,SKYSPIN96,20061,CHECK-IN MONDAY,,10.00,10.0,600,15,0.00,,"{""walletId"":1,""changeGameId"":1,""maxWithdrawTimeDeposit"":1,""creditLessThan"":1,""displayDescriptionOnly"":""1"",""claimTime"":""N=1""}",FREE,0.00,,DAILY,,,,0.28942629783480656,1,1
https://skygate9au.com,SkyGate9,,COMMISSION,COMMISSION,,1.05,,999,,,,,,,,,,,105.8715863050052,1,1
https://victor96.com,Victor96,,COMMISSION,COMMISSION,,2.5,12.50,,,,,,,,,,,,17.622724645777776,1,1
https://ufc9aus.com,UFC9,,COMMISSION,COMMISSION,,0.5,,,,,,,,,,,,,51.72153900857883,1,1
https://spaceman369.com,SPACEMAN369,,COMMISSION,COMMISSION,,2.5,,1888,,,,,,,,,,,120.67669777378858,1,1
https://oz2win.com,Oz2win,,COMMISSION,COMMISSION,,5.39,,,,,,,,,,,,,137.97382446469442,1,1
